[1, 0] loss: 0.023087787628173827
[1, 1] loss: 0.022370731830596922
[1, 2] loss: 0.022870869636535646
[1, 3] loss: 0.02192037343978882
[1, 4] loss: 0.022072241306304932
[1, 5] loss: 0.02247811555862427
[1, 6] loss: 0.021062357425689696
[1, 7] loss: 0.02116912841796875
[1, 8] loss: 0.019861088991165163
[1, 9] loss: 0.019015488624572755
[1, 10] loss: 0.019499294757843018
[1, 11] loss: 0.019934803247451782
[1, 12] loss: 0.017698289155960084
[1, 13] loss: 0.01627753973007202
[1, 14] loss: 0.015562939643859863
[1, 15] loss: 0.015946282148361204
[1, 16] loss: 0.014441748857498169
[1, 17] loss: 0.015099036693572997
[1, 18] loss: 0.014754738807678223
[1, 19] loss: 0.015063496828079224
[1, 20] loss: 0.012790122032165528
[1, 21] loss: 0.012002393007278442
[1, 22] loss: 0.012804678678512572
[1, 23] loss: 0.010924490690231324
[1, 24] loss: 0.0120924973487854
[1, 25] loss: 0.011258174180984497
[1, 26] loss: 0.010339105129241943
[1, 27] loss: 0.011311377286911012
[1, 28] loss: 0.008417414426803589
[1, 29] loss: 0.010775346755981446
[1, 30] loss: 0.00830239176750183
[1, 31] loss: 0.010902377367019654
[1, 32] loss: 0.008142848014831543
[1, 33] loss: 0.00787056565284729
[1, 34] loss: 0.009168004989624024
[1, 35] loss: 0.0077895021438598635
[1, 36] loss: 0.007065308690071106
[1, 37] loss: 0.007578874826431274
[1, 38] loss: 0.007054804563522339
[1, 39] loss: 0.007839398384094238
[1, 40] loss: 0.00664786696434021
[1, 41] loss: 0.009377620816230774
[1, 42] loss: 0.008102715611457825
[1, 43] loss: 0.005687951445579529
[1, 44] loss: 0.0055383449792861935
[1, 45] loss: 0.008627432584762573
[1, 46] loss: 0.0069377321004867555
[1, 47] loss: 0.004274306893348694
[1, 48] loss: 0.006535772085189819
[1, 49] loss: 0.005786703824996948
[1, 50] loss: 0.005884792804718018
[1, 51] loss: 0.005286999940872192
[1, 52] loss: 0.008017466068267823
[1, 53] loss: 0.00552308201789856
[1, 54] loss: 0.004071820676326752
[1, 55] loss: 0.005658170580863953
[1, 56] loss: 0.005311031341552735
[1, 57] loss: 0.005808789134025574
[1, 58] loss: 0.005295007824897766
[1, 59] loss: 0.004521164894104004
[1, 60] loss: 0.003469062149524689
[1, 61] loss: 0.003839377760887146
[1, 62] loss: 0.005444297194480896
[1, 63] loss: 0.004390807747840881
[1, 64] loss: 0.004040863513946533
[1, 65] loss: 0.0052237105369567875
[1, 66] loss: 0.005191205739974975
[1, 67] loss: 0.005719804763793945
[1, 68] loss: 0.0044613578915596004
[1, 69] loss: 0.00424997866153717
[1, 70] loss: 0.004459830820560455
[1, 71] loss: 0.0058036518096923825
[1, 72] loss: 0.005235345363616944
[1, 73] loss: 0.004128811359405518
[1, 74] loss: 0.0026757511496543884
[1, 75] loss: 0.002973799407482147
[1, 76] loss: 0.005602277517318725
[1, 77] loss: 0.0038582202792167663
[1, 78] loss: 0.003313015103340149
[1, 79] loss: 0.004431665539741516
[1, 80] loss: 0.0039058750867843627
[1, 81] loss: 0.0040789774060249325
[1, 82] loss: 0.005024318099021912
[1, 83] loss: 0.003953743875026703
[1, 84] loss: 0.00456887423992157
[1, 85] loss: 0.004820403754711151
[1, 86] loss: 0.005792659521102905
[1, 87] loss: 0.003997558057308197
[1, 88] loss: 0.0034854257106781005
[1, 89] loss: 0.003623370826244354
[1, 90] loss: 0.003344748020172119
[1, 91] loss: 0.005157918930053711
[1, 92] loss: 0.004659544825553894
[1, 93] loss: 0.0026802381873130797
[1, 94] loss: 0.0053825688362121584
[1, 95] loss: 0.003958822786808014
[1, 96] loss: 0.004732947945594788
[1, 97] loss: 0.003819984495639801
[1, 98] loss: 0.004062395691871643
[1, 99] loss: 0.003581071496009827
[1, 100] loss: 0.0029125285148620607
[1, 101] loss: 0.003518419861793518
[1, 102] loss: 0.003705907762050629
[1, 103] loss: 0.0037569135427474977
[1, 104] loss: 0.0035610255599021912
[1, 105] loss: 0.0026978129148483277
[1, 106] loss: 0.002250264286994934
[1, 107] loss: 0.0022634562849998476
[1, 108] loss: 0.0017788676917552947
[1, 109] loss: 0.003173618316650391
[1, 110] loss: 0.003387957513332367
[1, 111] loss: 0.0036428159475326537
[1, 112] loss: 0.003218195140361786
[1, 113] loss: 0.0037268182635307313
[1, 114] loss: 0.0021917429566383363
[1, 115] loss: 0.0032620540261268614
[1, 116] loss: 0.004447762072086334
[1, 117] loss: 0.004601249992847442
[1, 118] loss: 0.004012193083763122
[1, 119] loss: 0.0019071181118488312
[1, 120] loss: 0.0027851945161819457
[1, 121] loss: 0.004379250407218933
[1, 122] loss: 0.002788902819156647
[1, 123] loss: 0.0015256787836551667
[1, 124] loss: 0.004733954668045044
[1, 125] loss: 0.0034396696090698243
[1, 126] loss: 0.002735617458820343
[1, 127] loss: 0.0034412404894828795
[1, 128] loss: 0.0026646912097930907
[1, 129] loss: 0.0020734483003616334
[1, 130] loss: 0.003137417733669281
[1, 131] loss: 0.002193378210067749
[1, 132] loss: 0.002449624091386795
[1, 133] loss: 0.002710159718990326
[1, 134] loss: 0.0020561902225017547
[1, 135] loss: 0.0031713876128196716
[1, 136] loss: 0.0016058360040187836
[1, 137] loss: 0.0017712511122226714
[1, 138] loss: 0.0028673237562179565
[1, 139] loss: 0.0019580896198749544
[1, 140] loss: 0.0026386645436286926
[1, 141] loss: 0.003895209431648254
[1, 142] loss: 0.0026707121729850768
[1, 143] loss: 0.004235891997814179
[1, 144] loss: 0.0016374488174915314
[1, 145] loss: 0.003909601271152497
[1, 146] loss: 0.0017996753752231598
[1, 147] loss: 0.0020342901349067687
[1, 148] loss: 0.0011936845630407334
[1, 149] loss: 0.001270979940891266
[1, 150] loss: 0.001774825006723404
[1, 151] loss: 0.0016671681404113769
[1, 152] loss: 0.0023208253085613252
[1, 153] loss: 0.005869885683059692
[1, 154] loss: 0.003057113587856293
[1, 155] loss: 0.002485789805650711
[1, 156] loss: 0.002110663801431656
[1, 157] loss: 0.0019102013111114502
[1, 158] loss: 0.0024689674377441407
[1, 159] loss: 0.002821947932243347
[1, 160] loss: 0.0011230805516242981
[1, 161] loss: 0.0017073671519756317
[1, 162] loss: 0.0033020263910293578
[1, 163] loss: 0.004332143366336822
[1, 164] loss: 0.0020887859165668486
[1, 165] loss: 0.002907676100730896
[1, 166] loss: 0.0021343907713890077
[1, 167] loss: 0.00195575550198555
[1, 168] loss: 0.0013036178052425384
[1, 169] loss: 0.0016937692463397979
[1, 170] loss: 0.0016572901606559754
[1, 171] loss: 0.0032412245869636535
[1, 172] loss: 0.0035620692372322084
[1, 173] loss: 0.0012720651924610139
[1, 174] loss: 0.0014460957050323486
[1, 175] loss: 0.004379351139068604
[1, 176] loss: 0.0017310011386871338
[1, 177] loss: 0.002859872579574585
[1, 178] loss: 0.0030693534016609193
[1, 179] loss: 0.003492104411125183
[1, 180] loss: 0.004051344990730285
[1, 181] loss: 0.001376914232969284
[1, 182] loss: 0.001731378734111786
[1, 183] loss: 0.0025741317868232727
[1, 184] loss: 0.002727481424808502
[1, 185] loss: 0.0018346382677555085
[1, 186] loss: 0.0033329978585243227
[1, 187] loss: 0.002063852548599243
[1, 188] loss: 0.004278099834918976
[1, 189] loss: 0.0024023319780826567
[1, 190] loss: 0.0020149606466293335
[1, 191] loss: 0.0030551046133041383
[1, 192] loss: 0.002041626125574112
[1, 193] loss: 0.003086598515510559
[1, 194] loss: 0.002921625077724457
[1, 195] loss: 0.0017874282598495483
[1, 196] loss: 0.0030471143126487733
[1, 197] loss: 0.0015436781942844392
[1, 198] loss: 0.0027793046832084657
[1, 199] loss: 0.0011463846266269685
[1, 200] loss: 0.0017968432605266571
[1, 201] loss: 0.0035939228534698484
[1, 202] loss: 0.0016628895699977875
[1, 203] loss: 0.003050791025161743
[1, 204] loss: 0.002163069248199463
[1, 205] loss: 0.002296827882528305
[1, 206] loss: 0.0013654507696628571
[1, 207] loss: 0.001349320411682129
[1, 208] loss: 0.003117833435535431
[1, 209] loss: 0.0016277927160263063
[1, 210] loss: 0.0013692545890808105
[1, 211] loss: 0.003372352421283722
[1, 212] loss: 0.0031826010346412657
[1, 213] loss: 0.004286009967327118
[1, 214] loss: 0.0010588131099939346
[1, 215] loss: 0.0010630928725004196
[1, 216] loss: 0.0014671312272548675
[1, 217] loss: 0.001407841145992279
[1, 218] loss: 0.003076286017894745
[1, 219] loss: 0.001054598093032837
[1, 220] loss: 0.0018500350415706635
[1, 221] loss: 0.0020851954817771912
[1, 222] loss: 0.0018233966827392578
[1, 223] loss: 0.002586086094379425
[1, 224] loss: 0.0008771723508834839
[1, 225] loss: 0.001517815887928009
[1, 226] loss: 0.001634097546339035
[1, 227] loss: 0.002201332300901413
[1, 228] loss: 0.001194075495004654
[1, 229] loss: 0.002109033614397049
[1, 230] loss: 0.0015954361855983735
[1, 231] loss: 0.0016110807657241822
[1, 232] loss: 0.002700556516647339
[1, 233] loss: 0.0007495822757482528
[1, 234] loss: 0.0028023794293403625
[1, 235] loss: 0.0035818979144096375
[1, 236] loss: 0.002884104251861572
[1, 237] loss: 0.004114583134651184
[1, 238] loss: 0.0024876661598682405
[1, 239] loss: 0.0013338083028793335
[1, 240] loss: 0.0025472262501716613
[1, 241] loss: 0.002643519937992096
[1, 242] loss: 0.0015527622401714325
[1, 243] loss: 0.0019583846628665924
[1, 244] loss: 0.002215843349695206
[1, 245] loss: 0.0028925323486328125
[1, 246] loss: 0.00406471848487854
[1, 247] loss: 0.002157953381538391
[1, 248] loss: 0.0019117796421051025
[1, 249] loss: 0.0024434903264045713
[1, 250] loss: 0.0015272407233715057
[1, 251] loss: 0.0017876149713993072
[1, 252] loss: 0.0015714357793331147
[1, 253] loss: 0.0007511385530233383
[1, 254] loss: 0.0030738183856010436
[1, 255] loss: 0.001263224631547928
[1, 256] loss: 0.0020055416226387023
[1, 257] loss: 0.0014703960716724396
[1, 258] loss: 0.0010074815154075623
[1, 259] loss: 0.001555989384651184
[1, 260] loss: 0.002112192064523697
[1, 261] loss: 0.0024534668028354644
[1, 262] loss: 0.0016078168153762817
[1, 263] loss: 0.0018075591325759888
[1, 264] loss: 0.0011519794166088104
[1, 265] loss: 0.003913848102092743
[1, 266] loss: 0.0013021107017993927
[1, 267] loss: 0.0032391688227653504
[1, 268] loss: 0.0009239457547664642
[1, 269] loss: 0.0027430620789527893
[1, 270] loss: 0.0012105445563793183
[1, 271] loss: 0.00403553694486618
[1, 272] loss: 0.0011813231557607651
[1, 273] loss: 0.0024124029278755187
[1, 274] loss: 0.002026975750923157
[1, 275] loss: 0.0007475992292165757
[1, 276] loss: 0.0025037142634391787
[1, 277] loss: 0.00213694229722023
[1, 278] loss: 0.0015904276072978972
[1, 279] loss: 0.0018550120294094086
[1, 280] loss: 0.002774666249752045
[1, 281] loss: 0.0020558249950408934
[1, 282] loss: 0.001712176501750946
[1, 283] loss: 0.002680368721485138
[1, 284] loss: 0.0011403751373291015
[1, 285] loss: 0.0009800844639539718
[1, 286] loss: 0.0008102773129940033
[1, 287] loss: 0.003211706578731537
[1, 288] loss: 0.0014275264739990233
[1, 289] loss: 0.0012533512711524963
[1, 290] loss: 0.0016243700683116914
[1, 291] loss: 0.0023491571843624113
[1, 292] loss: 0.002311063706874847
[1, 293] loss: 0.0006230167299509048
[1, 294] loss: 0.001384604424238205
[1, 295] loss: 0.002402817606925964
[1, 296] loss: 0.0013970628380775452
[1, 297] loss: 0.0010399601608514786
[1, 298] loss: 0.0026842617988586427
[1, 299] loss: 0.0023737029731273653
[1, 300] loss: 0.0018440917134284972
[1, 301] loss: 0.0017994676530361175
[1, 302] loss: 0.0016629017889499664
[1, 303] loss: 0.0007304723560810089
[1, 304] loss: 0.0023055650293827058
[1, 305] loss: 0.0016728560626506806
[1, 306] loss: 0.00161928653717041
[1, 307] loss: 0.0021661506593227387
[1, 308] loss: 0.002032731473445892
[1, 309] loss: 0.001138707920908928
[1, 310] loss: 0.0007166503369808197
[1, 311] loss: 0.0014494147896766663
[1, 312] loss: 0.0009310286492109299
[1, 313] loss: 0.0018127685785293579
[1, 314] loss: 0.0011020023375749588
[1, 315] loss: 0.0035322675108909606
[1, 316] loss: 0.0019422964751720428
[1, 317] loss: 0.001596439927816391
[1, 318] loss: 0.002775622010231018
[1, 319] loss: 0.0025034332275390625
[1, 320] loss: 0.0022604019939899446
[1, 321] loss: 0.0011836063116788865
[1, 322] loss: 0.001922236680984497
[1, 323] loss: 0.001782800257205963
[1, 324] loss: 0.0008007712662220001
[1, 325] loss: 0.0038059189915657043
[1, 326] loss: 0.001374479979276657
[1, 327] loss: 0.00084382064640522
[1, 328] loss: 0.00125491663813591
[1, 329] loss: 0.0008810757845640183
[1, 330] loss: 0.0013132938742637635
[1, 331] loss: 0.0011741047352552415
[1, 332] loss: 0.0031119248270988463
[1, 333] loss: 0.0008328729867935181
[1, 334] loss: 0.0016454291343688966
[1, 335] loss: 0.0017008841037750243
[1, 336] loss: 0.0017076320946216583
[1, 337] loss: 0.0025230011343955992
[1, 338] loss: 0.0017984049022197724
[1, 339] loss: 0.0010427941381931304
[1, 340] loss: 0.0012462747097015381
[1, 341] loss: 0.0015688097476959228
[1, 342] loss: 0.0028566133975982664
[1, 343] loss: 0.0008905775099992752
[1, 344] loss: 0.0019040711224079133
[1, 345] loss: 0.0016053195297718048
[1, 346] loss: 0.00442836731672287
[1, 347] loss: 0.0018862101435661316
[1, 348] loss: 0.002982197105884552
[1, 349] loss: 0.00157897487282753
[1, 350] loss: 0.0013035322725772859
[1, 351] loss: 0.0006433364748954773
[1, 352] loss: 0.001639440655708313
[1, 353] loss: 0.0007753642648458481
[1, 354] loss: 0.0015449640154838562
[1, 355] loss: 0.0013829478621482849
[1, 356] loss: 0.001492711156606674
[1, 357] loss: 0.0015766897797584534
[1, 358] loss: 0.0015359340608119964
[1, 359] loss: 0.0007377488911151886
[1, 360] loss: 0.001749110221862793
[1, 361] loss: 0.0013129179179668425
[1, 362] loss: 0.0008735176175832749
[1, 363] loss: 0.002465039938688278
[1, 364] loss: 0.001572767347097397
[1, 365] loss: 0.0022685846686363222
[1, 366] loss: 0.0018713416159152985
[1, 367] loss: 0.0015850864350795747
[1, 368] loss: 0.0013219496607780456
[1, 369] loss: 0.0017369784414768218
[1, 370] loss: 0.001895730197429657
[1, 371] loss: 0.002191924899816513
[1, 372] loss: 0.0009599746763706207
[1, 373] loss: 0.002035601884126663
[1, 374] loss: 0.0006422913819551468
[1, 375] loss: 0.0020058673620224
[1, 376] loss: 0.0007420671731233597
[1, 377] loss: 0.0037014973163604736
[1, 378] loss: 0.0012379025667905808
[1, 379] loss: 0.0010940791666507721
[1, 380] loss: 0.00174933522939682
[1, 381] loss: 0.001151404157280922
[1, 382] loss: 0.0016848236322402955
[1, 383] loss: 0.0032578468322753905
[1, 384] loss: 0.001041245460510254
[1, 385] loss: 0.0006181404367089271
[1, 386] loss: 0.002588913440704346
[1, 387] loss: 0.0010819289833307265
[1, 388] loss: 0.0006258219480514526
[1, 389] loss: 0.002041369378566742
[1, 390] loss: 0.001592426598072052
[1, 391] loss: 0.0021190908551216125
[1, 392] loss: 0.0061069482564926145
[1, 393] loss: 0.0015291644632816315
[1, 394] loss: 0.001042379140853882
[1, 395] loss: 0.0015519027411937713
[1, 396] loss: 0.0030784422159194948
[1, 397] loss: 0.0018683655560016632
[1, 398] loss: 0.003065832555294037
[1, 399] loss: 0.0019441215693950652
[1, 400] loss: 0.001616820842027664
[1, 401] loss: 0.001002955138683319
[1, 402] loss: 0.0006321503221988678
[1, 403] loss: 0.0011912910640239716
[1, 404] loss: 0.0019178751111030578
[1, 405] loss: 0.001701771467924118
[1, 406] loss: 0.0003293034806847572
[1, 407] loss: 0.0017132675647735596
[1, 408] loss: 0.0009742064028978348
[1, 409] loss: 0.002010151743888855
[1, 410] loss: 0.0016960330307483674
[1, 411] loss: 0.0012668153643608092
[1, 412] loss: 0.0009633024781942368
[1, 413] loss: 0.002036518007516861
[1, 414] loss: 0.0014561142027378082
[1, 415] loss: 0.000628315880894661
[1, 416] loss: 0.002326347827911377
[1, 417] loss: 0.0019604647159576416
[1, 418] loss: 0.0012793685495853424
[1, 419] loss: 0.0012473254650831223
[1, 420] loss: 0.001136944070458412
[1, 421] loss: 0.0007717114686965942
[1, 422] loss: 0.0015143083035945892
[1, 423] loss: 0.0011813222616910935
[1, 424] loss: 0.0010881364345550538
[1, 425] loss: 0.001331418752670288
[1, 426] loss: 0.0029886734485626222
[1, 427] loss: 0.00038120076060295106
[1, 428] loss: 0.0009504497796297074
[1, 429] loss: 0.002643553912639618
[1, 430] loss: 0.0006420550495386124
[1, 431] loss: 0.0007315322756767273
[1, 432] loss: 0.0019173486530780792
[1, 433] loss: 0.0008612263202667236
[1, 434] loss: 0.0014560504257678986
[1, 435] loss: 0.0019598907232284547
[1, 436] loss: 0.001568221002817154
[1, 437] loss: 0.0009332858026027679
[1, 438] loss: 0.0023884785175323484
[1, 439] loss: 0.001288810223340988
[1, 440] loss: 0.0006361643224954605
[1, 441] loss: 0.001625622510910034
[1, 442] loss: 0.0004639739543199539
[1, 443] loss: 0.001080290898680687
[1, 444] loss: 0.0023725199699401855
[1, 445] loss: 0.001397135555744171
[1, 446] loss: 0.0005962921679019928
[1, 447] loss: 0.0015816842019557953
[1, 448] loss: 0.002665030360221863
[1, 449] loss: 0.0009269380569458008
[1, 450] loss: 0.0018902555108070373
[1, 451] loss: 0.0007055838406085968
[1, 452] loss: 0.003022672235965729
[1, 453] loss: 0.0010439181327819825
[1, 454] loss: 0.0008615238964557648
[1, 455] loss: 0.0009350202232599258
[1, 456] loss: 0.0018686521053314208
[1, 457] loss: 0.002432054877281189
[1, 458] loss: 0.00041606362909078597
[1, 459] loss: 0.00044304411858320236
[1, 460] loss: 0.0011460038274526596
[1, 461] loss: 0.0035258302092552184
[1, 462] loss: 0.0011068651080131532
[1, 463] loss: 0.0018987062573432923
[1, 464] loss: 0.0012947468459606171
[1, 465] loss: 0.0005292359739542008
[1, 466] loss: 0.0017426443099975587
[1, 467] loss: 0.0033214682340621947
[1, 468] loss: 0.002310228496789932
[1, 469] loss: 0.0006158653274178505
[1, 470] loss: 0.0012388382852077484
[1, 471] loss: 0.0006115056574344635
[1, 472] loss: 0.0011318349838256836
[1, 473] loss: 0.0015812270343303681
[1, 474] loss: 0.003122572898864746
[1, 475] loss: 0.0012906762957572938
[1, 476] loss: 0.0002909134514629841
[1, 477] loss: 0.0007693767547607422
[1, 478] loss: 0.0016270019114017487
[1, 479] loss: 0.002572307884693146
[1, 480] loss: 0.0016766303777694701
[1, 481] loss: 0.0025986728072166444
[1, 482] loss: 0.0012679488956928253
[1, 483] loss: 0.0006892894953489303
[1, 484] loss: 0.0015439015626907348
[1, 485] loss: 0.001120694875717163
[1, 486] loss: 0.0012492945790290833
[1, 487] loss: 0.000663076639175415
[1, 488] loss: 0.0015744119882583618
[1, 489] loss: 0.0013344417512416839
[1, 490] loss: 0.0016709874570369721
[1, 491] loss: 0.0020083652436733244
[1, 492] loss: 0.003645821213722229
[1, 493] loss: 0.000855298861861229
[1, 494] loss: 0.0012025221437215806
[1, 495] loss: 0.0004984578490257264
[1, 496] loss: 0.001327717900276184
[1, 497] loss: 0.0009891299903392792
[1, 498] loss: 0.0009360369294881821
[1, 499] loss: 0.0011083264648914337
[1, 500] loss: 0.0008221162855625153
[1, 501] loss: 0.0025032073259353637
[1, 502] loss: 0.0016827109456062318
[1, 503] loss: 0.0003545015677809715
[1, 504] loss: 0.0009493239969015122
[1, 505] loss: 0.002982860207557678
[1, 506] loss: 0.0009590371698141098
[1, 507] loss: 0.0018086132407188415
[1, 508] loss: 0.0029900020360946657
[1, 509] loss: 0.001276477724313736
[1, 510] loss: 0.002034864127635956
[1, 511] loss: 0.001217067986726761
[1, 512] loss: 0.00047509945929050443
[1, 513] loss: 0.000945843979716301
[1, 514] loss: 0.0004693049937486649
[1, 515] loss: 0.0009062594920396805
[1, 516] loss: 0.001215519830584526
[1, 517] loss: 0.001769699603319168
[1, 518] loss: 0.0012834692001342774
[1, 519] loss: 0.001551605761051178
[1, 520] loss: 0.0014649085700511933
[1, 521] loss: 0.0006140273436903953
[1, 522] loss: 0.0014842940866947173
[1, 523] loss: 0.0012128706276416778
[1, 524] loss: 0.001665293127298355
[1, 525] loss: 0.0010153330862522126
[1, 526] loss: 0.0015981757640838622
[1, 527] loss: 0.001023251712322235
[1, 528] loss: 0.0012717461585998536
[1, 529] loss: 0.0009698579460382462
[1, 530] loss: 0.0007317563146352768
[1, 531] loss: 0.0015193036198616029
[1, 532] loss: 0.003294229805469513
[1, 533] loss: 0.0005339061468839645
[1, 534] loss: 0.0019011302292346955
[1, 535] loss: 0.0008868660032749176
[1, 536] loss: 0.002662174999713898
[1, 537] loss: 0.0005228537321090699
[1, 538] loss: 0.0009218635410070419
[1, 539] loss: 0.0010996969044208527
[1, 540] loss: 0.0005492621660232544
[1, 541] loss: 0.001516745537519455
[1, 542] loss: 0.0006814058125019074
[1, 543] loss: 0.00029196301475167277
[1, 544] loss: 0.0020722852647304534
[1, 545] loss: 0.0006207893043756484
[1, 546] loss: 0.0016638858616352082
[1, 547] loss: 0.0009783710539340972
[1, 548] loss: 0.001174052432179451
[1, 549] loss: 0.001054668202996254
[1, 550] loss: 0.001242968887090683
[1, 551] loss: 0.0007231259346008301
[1, 552] loss: 0.0009861283004283905
[1, 553] loss: 0.00040957987308502195
[1, 554] loss: 0.0014967770874500274
[1, 555] loss: 0.0012968508899211884
[1, 556] loss: 0.0009409046918153763
[1, 557] loss: 0.001542246788740158
[1, 558] loss: 0.0018641534447669983
[1, 559] loss: 0.0013876797258853912
[1, 560] loss: 0.0009586072713136673
[1, 561] loss: 0.0003975636884570122
[1, 562] loss: 0.0025019976496696472
[1, 563] loss: 0.0007660424709320068
[1, 564] loss: 0.002159137576818466
[1, 565] loss: 0.001752985715866089
[1, 566] loss: 0.0013822494447231293
[1, 567] loss: 0.0006449510902166366
[1, 568] loss: 0.001580227017402649
[1, 569] loss: 0.002230909913778305
[1, 570] loss: 0.0007173901796340942
[1, 571] loss: 0.0010028336942195892
[1, 572] loss: 0.0011331336945295334
[1, 573] loss: 0.0008524473756551743
[1, 574] loss: 0.0004777698591351509
[1, 575] loss: 0.0003853548318147659
[1, 576] loss: 0.0017048887908458709
[1, 577] loss: 0.0004844222590327263
[1, 578] loss: 0.0010422203689813615
[1, 579] loss: 0.0009354838728904724
[1, 580] loss: 0.001453414261341095
[1, 581] loss: 0.000818786844611168
[1, 582] loss: 0.002378192991018295
[1, 583] loss: 0.0010615509748458862
[1, 584] loss: 0.0026129612326622007
[1, 585] loss: 0.001103757843375206
[1, 586] loss: 0.0004997474327683449
[1, 587] loss: 0.000474349707365036
[1, 588] loss: 0.00025998599827289584
[1, 589] loss: 0.0008610767871141434
[1, 590] loss: 0.0015877820551395416
[1, 591] loss: 0.0024268545210361482
[1, 592] loss: 0.002479362338781357
[1, 593] loss: 0.0004969150573015213
[1, 594] loss: 0.001511812061071396
[1, 595] loss: 0.0023346348106861115
[1, 596] loss: 0.0003115976974368095
[1, 597] loss: 0.001426183730363846
[1, 598] loss: 0.002081114947795868
[1, 599] loss: 0.0008651986718177795
[1, 600] loss: 0.0014943370223045348
[1, 601] loss: 0.0016850677132606506
[1, 602] loss: 0.0017689892649650574
[1, 603] loss: 0.0005117089673876762
[1, 604] loss: 0.0007868685573339463
[1, 605] loss: 0.0015861114859580994
[1, 606] loss: 0.0005074591934680939
[1, 607] loss: 0.0017590267956256866
[1, 608] loss: 0.0026008248329162597
[1, 609] loss: 0.0015675818920135498
[1, 610] loss: 0.000979849398136139
[1, 611] loss: 0.0007991477102041244
[1, 612] loss: 0.0023215728998184203
[1, 613] loss: 0.0014292652904987335
[1, 614] loss: 0.0012346658110618592
[1, 615] loss: 0.0011430682986974716
[1, 616] loss: 0.00023637862876057624
[1, 617] loss: 0.0006428302824497223
[1, 618] loss: 0.0014527852833271027
[1, 619] loss: 0.0008604639768600464
[1, 620] loss: 0.0011531241983175277
[1, 621] loss: 0.0017007263004779815
[1, 622] loss: 0.0005880314111709595
[1, 623] loss: 0.0005763601884245873
[1, 624] loss: 0.0010252051800489425
[1, 625] loss: 0.0018294386565685273
[1, 626] loss: 0.0008897545933723449
[1, 627] loss: 0.00038645315915346144
[1, 628] loss: 0.0005739803239703179
[1, 629] loss: 0.0012682020664215089
[1, 630] loss: 0.0007357125729322433
[1, 631] loss: 0.0003031652420759201
[1, 632] loss: 0.00022083545103669167
[1, 633] loss: 0.0013075174391269683
[1, 634] loss: 0.00032440736889839173
[1, 635] loss: 0.0013979463279247283
[1, 636] loss: 0.0005271004512906075
[1, 637] loss: 0.0009071174263954163
[1, 638] loss: 0.0005782190337777137
[1, 639] loss: 0.0007874203473329544
[1, 640] loss: 0.000991247668862343
[1, 641] loss: 0.0035893306136131286
[1, 642] loss: 0.0010336404293775558
[1, 643] loss: 0.0006269276887178421
[1, 644] loss: 0.0010478005558252335
[1, 645] loss: 0.0011566120386123657
[1, 646] loss: 0.002013622969388962
[1, 647] loss: 0.0009489185363054276
[1, 648] loss: 0.0010308291763067245
[1, 649] loss: 0.00034338638186454774
[1, 650] loss: 0.0026487189531326292
[1, 651] loss: 0.0012845665216445923
[1, 652] loss: 0.0009190647304058075
[1, 653] loss: 0.0010153591632843018
[1, 654] loss: 0.00035576865077018737
[1, 655] loss: 0.0007359008491039276
[1, 656] loss: 0.00027702808380126954
[1, 657] loss: 0.0017667448520660401
[1, 658] loss: 0.0013150045275688172
[1, 659] loss: 0.0009477683901786805
[1, 660] loss: 0.002171594798564911
[1, 661] loss: 0.00035579144954681394
[1, 662] loss: 0.0020520174503326416
[1, 663] loss: 0.0019312863051891326
[1, 664] loss: 0.002171810269355774
[1, 665] loss: 0.0011443372815847397
[1, 666] loss: 0.0006124532967805862
[1, 667] loss: 0.0011382394284009934
[1, 668] loss: 0.003393498957157135
[1, 669] loss: 0.0007027097046375275
[1, 670] loss: 0.0007201454043388367
[1, 671] loss: 0.001611681580543518
[1, 672] loss: 0.0010558843612670898
[1, 673] loss: 0.0022650940716266634
[1, 674] loss: 0.0008960798382759094
[1, 675] loss: 0.0006941651552915573
[1, 676] loss: 0.0006693387776613236
[1, 677] loss: 0.0009935129433870315
[1, 678] loss: 0.0023136891424655913
[1, 679] loss: 0.0018318209052085876
[1, 680] loss: 0.0011549156904220581
[1, 681] loss: 0.0030661410093307494
[1, 682] loss: 0.0008783384412527084
[1, 683] loss: 0.0017070087790489197
[1, 684] loss: 0.0003152910992503166
[1, 685] loss: 0.003078932762145996
[1, 686] loss: 0.0007342004776000977
[1, 687] loss: 0.001074553281068802
[1, 688] loss: 0.002531150579452515
[1, 689] loss: 0.0005942429602146149
[1, 690] loss: 0.0007321207970380783
[1, 691] loss: 0.00036172989755868913
[1, 692] loss: 0.0008477369695901871
[1, 693] loss: 0.001011587455868721
[1, 694] loss: 0.0010417071729898453
[1, 695] loss: 0.00057867381721735
[1, 696] loss: 0.0018595807254314423
[1, 697] loss: 0.0009948933124542237
[1, 698] loss: 0.0018946078419685363
[1, 699] loss: 0.0004517822712659836
[1, 700] loss: 0.0031270644068717955
[1, 701] loss: 0.0017209987342357636
[1, 702] loss: 0.000596841312944889
[1, 703] loss: 0.0007712221145629882
[1, 704] loss: 0.0010495710372924805
[1, 705] loss: 0.0012622110545635224
[1, 706] loss: 0.0011136072129011153
[1, 707] loss: 0.0013227325677871704
[1, 708] loss: 0.0011653351038694382
[1, 709] loss: 0.0009910114109516143
[1, 710] loss: 0.0009628590941429138
[1, 711] loss: 0.0008725624531507492
[1, 712] loss: 0.0013306431472301483
[1, 713] loss: 0.00043498586863279344
[1, 714] loss: 0.0002492398954927921
[1, 715] loss: 0.00024113113060593604
[1, 716] loss: 0.0010709145665168762
[1, 717] loss: 0.000284846480935812
[1, 718] loss: 0.0009879617393016816
[1, 719] loss: 0.001382746398448944
[1, 720] loss: 0.0009245290607213974
[1, 721] loss: 0.00035014744848012926
[1, 722] loss: 0.0002274046279489994
[1, 723] loss: 0.0019469662010669709
[1, 724] loss: 0.001107565015554428
[1, 725] loss: 0.00041033029556274413
[1, 726] loss: 0.0006245359033346176
[1, 727] loss: 0.0004896451160311698
[1, 728] loss: 0.0004604607820510864
[1, 729] loss: 0.0013219664990901947
[1, 730] loss: 0.0011314107477664948
[1, 731] loss: 0.0017232002317905425
[1, 732] loss: 0.0005114527046680451
[1, 733] loss: 0.0004955057054758071
[1, 734] loss: 0.0006388791650533676
[1, 735] loss: 0.000443723164498806
[1, 736] loss: 0.002255585491657257
[1, 737] loss: 0.0010582868754863738
[1, 738] loss: 0.0011694757640361786
[1, 739] loss: 0.0011440066993236543
[1, 740] loss: 0.0010441926866769792
[1, 741] loss: 0.0010555179417133331
[1, 742] loss: 0.001056005209684372
[1, 743] loss: 0.00043857112526893613
[1, 744] loss: 0.0007857219129800796
[1, 745] loss: 0.0005306166782975196
[1, 746] loss: 0.0009588614106178283
[1, 747] loss: 0.0007818014919757843
[1, 748] loss: 0.0004990720003843307
[1, 749] loss: 0.00030085954815149306
[1, 750] loss: 0.0007567455619573593
[1, 751] loss: 0.0014055402576923371
[1, 752] loss: 0.0002558138966560364
[1, 753] loss: 0.0018523576855659484
[1, 754] loss: 0.0017284566164016723
[1, 755] loss: 0.0017566873133182525
[1, 756] loss: 0.0004301239550113678
[1, 757] loss: 0.0011963626742362975
[1, 758] loss: 0.000917709544301033
[1, 759] loss: 0.00034784771502017976
[1, 760] loss: 0.0007910295575857163
[1, 761] loss: 0.0007401791960000992
[1, 762] loss: 0.0012817533314228057
[1, 763] loss: 0.0010328909754753113
[1, 764] loss: 0.0007709870487451554
[1, 765] loss: 0.0018459078669548034
[1, 766] loss: 0.0008030189573764801
[1, 767] loss: 0.00027938559651374817
[1, 768] loss: 0.0007331746071577072
[1, 769] loss: 0.001766442358493805
[1, 770] loss: 0.0017694847285747528
[1, 771] loss: 0.0014590318500995636
[1, 772] loss: 0.0013654366135597228
[1, 773] loss: 0.0005503659322857857
[1, 774] loss: 0.0013734382390975953
[1, 775] loss: 0.0005507025495171547
[1, 776] loss: 0.001850932389497757
[1, 777] loss: 0.001973314732313156
[1, 778] loss: 0.0003560825064778328
[1, 779] loss: 0.0009447633475065232
[1, 780] loss: 0.0007545521855354309
[1, 781] loss: 0.0007100643962621689
[1, 782] loss: 0.0012962214648723602
[1, 783] loss: 0.0008534839004278183
[1, 784] loss: 0.004382255971431732
[1, 785] loss: 0.0017406250536441802
[1, 786] loss: 0.0007019421458244324
[1, 787] loss: 0.0017425324022769927
[1, 788] loss: 0.000944046750664711
[1, 789] loss: 0.0007818603515625
[1, 790] loss: 0.0011007072776556014
[1, 791] loss: 0.0028479009866714477
[1, 792] loss: 0.0008672894537448883
[1, 793] loss: 0.0015799470245838165
[1, 794] loss: 0.0006676982343196869
[1, 795] loss: 0.0014897525310516358
[1, 796] loss: 0.000921703577041626
[1, 797] loss: 0.0020776885747909547
[1, 798] loss: 0.0022547625005245207
[1, 799] loss: 0.00259479433298111
[1, 800] loss: 0.001189679279923439
[1, 801] loss: 0.0008970262855291367
[1, 802] loss: 0.0007221420854330063
[1, 803] loss: 0.00036631282418966296
[1, 804] loss: 0.0015031793713569642
[1, 805] loss: 0.00037781480699777603
[1, 806] loss: 0.0003170539438724518
[1, 807] loss: 0.001004812940955162
[1, 808] loss: 0.0010867652297019959
[1, 809] loss: 0.00038128226995468137
[1, 810] loss: 0.0014457491040229798
[1, 811] loss: 0.0009539446234703064
[1, 812] loss: 0.002053101062774658
[1, 813] loss: 0.0009082212299108505
[1, 814] loss: 0.0004996812716126442
[1, 815] loss: 0.0013444167375564575
[1, 816] loss: 0.0012667854130268097
[1, 817] loss: 0.0005189218372106552
[1, 818] loss: 0.0011042504757642745
[1, 819] loss: 0.001007683277130127
[1, 820] loss: 0.000602034367620945
[1, 821] loss: 0.0016623343527317046
[1, 822] loss: 0.0008412498235702515
[1, 823] loss: 0.0004047185182571411
[1, 824] loss: 0.0009228976815938949
[1, 825] loss: 0.0009748533368110657
[1, 826] loss: 0.0016609340906143188
[1, 827] loss: 0.0008895835280418396
[1, 828] loss: 0.002012193202972412
[1, 829] loss: 0.002425208389759064
[1, 830] loss: 0.0016889892518520354
[1, 831] loss: 0.0001526846643537283
[1, 832] loss: 0.001409790962934494
[1, 833] loss: 0.00125117227435112
[1, 834] loss: 0.0007052793353796006
[1, 835] loss: 0.0005944852903485298
[1, 836] loss: 0.0005231382697820663
[1, 837] loss: 0.0006368051469326019
[1, 838] loss: 0.0016234466433525086
[1, 839] loss: 0.0007825569063425064
[1, 840] loss: 0.0010081860423088074
[1, 841] loss: 0.0019074788689613343
[1, 842] loss: 0.0020880363881587982
[1, 843] loss: 0.0010106967389583589
[1, 844] loss: 0.0023342736065387728
[1, 845] loss: 0.0003861404210329056
[1, 846] loss: 0.0009355755895376206
[1, 847] loss: 0.0020935022830963134
[1, 848] loss: 0.00040619771927595137
[1, 849] loss: 0.0003143294155597687
[1, 850] loss: 0.0009515327215194702
[1, 851] loss: 0.0010860425233840943
[1, 852] loss: 0.00276021271944046
[1, 853] loss: 0.0013534119725227356
[1, 854] loss: 0.0005725584924221039
[1, 855] loss: 0.0006730559468269348
[1, 856] loss: 0.0008328482508659363
[1, 857] loss: 0.0006883040070533753
[1, 858] loss: 0.002810392379760742
[1, 859] loss: 0.00039919409900903704
[1, 860] loss: 0.000686168298125267
[1, 861] loss: 0.001020423471927643
[1, 862] loss: 0.0012198258936405183
[1, 863] loss: 0.00119362436234951
[1, 864] loss: 0.00033701688051223754
[1, 865] loss: 0.0010441334545612335
[1, 866] loss: 0.0009248696267604827
[1, 867] loss: 0.0003330797329545021
[1, 868] loss: 0.0006537031382322312
[1, 869] loss: 0.0004775330051779747
[1, 870] loss: 0.0007169175148010253
[1, 871] loss: 0.0022792112827301025
[1, 872] loss: 0.0003529086336493492
[1, 873] loss: 0.000455043725669384
[1, 874] loss: 0.0004270927608013153
[1, 875] loss: 0.001035894751548767
[1, 876] loss: 0.0007724031060934067
[1, 877] loss: 0.0009689182043075562
[1, 878] loss: 0.00020965030416846274
[1, 879] loss: 0.0002004077658057213
[1, 880] loss: 0.0008566514402627945
[1, 881] loss: 0.00031967971473932265
[1, 882] loss: 0.0015828533470630647
[1, 883] loss: 0.0007070375978946685
[1, 884] loss: 0.0011097200959920882
[1, 885] loss: 0.0005882450565695762
[1, 886] loss: 0.00046705096960067747
[1, 887] loss: 0.0019570288062095644
[1, 888] loss: 0.0008135108649730683
[1, 889] loss: 0.0007562888413667678
[1, 890] loss: 0.0008209804445505143
[1, 891] loss: 0.0010610414296388627
[1, 892] loss: 0.0006607131659984588
[1, 893] loss: 0.0007034826278686523
[1, 894] loss: 0.0011257046461105346
[1, 895] loss: 0.0019073688983917236
[1, 896] loss: 0.0013434286415576935
[1, 897] loss: 0.0016804802417755126
[1, 898] loss: 0.0006127813458442688
[1, 899] loss: 0.0007995422184467316
[1, 900] loss: 0.0004296837374567986
[1, 901] loss: 0.0004241485521197319
[1, 902] loss: 0.001490553319454193
[1, 903] loss: 0.0009148390591144561
[1, 904] loss: 0.0011612194031476975
[1, 905] loss: 0.0009361965954303741
[1, 906] loss: 0.0022232602536678314
[1, 907] loss: 0.0008087421208620071
[1, 908] loss: 0.0003705442324280739
[1, 909] loss: 0.0008020953088998795
[1, 910] loss: 0.000495796836912632
[1, 911] loss: 0.001155559793114662
[1, 912] loss: 0.0007575778663158417
[1, 913] loss: 0.0002474428154528141
[1, 914] loss: 0.0006535106152296067
[1, 915] loss: 0.0008652762323617935
[1, 916] loss: 0.0008898896723985672
[1, 917] loss: 0.0009427589178085328
[1, 918] loss: 0.001869984269142151
[1, 919] loss: 0.0013485085964202882
[1, 920] loss: 0.0014622212946414947
[1, 921] loss: 0.0012158481031656265
[1, 922] loss: 0.0005868861824274063
[1, 923] loss: 0.000546874776482582
[1, 924] loss: 0.00047908928245306016
[1, 925] loss: 0.00034274246543645857
[1, 926] loss: 0.0008373823761940002
[1, 927] loss: 0.0011331893503665925
[1, 928] loss: 0.0007216068357229232
[1, 929] loss: 0.0011719392240047454
[1, 930] loss: 0.0018352587521076203
[1, 931] loss: 0.0003460884839296341
[1, 932] loss: 0.0007698041945695877
[1, 933] loss: 0.00046500049531459807
[1, 934] loss: 0.0002039220742881298
[1, 935] loss: 0.0005779675394296647
[1, 936] loss: 0.000880918875336647
[1, 937] loss: 0.0002791770361363888
[2, 0] loss: 0.0007144779711961746
[2, 1] loss: 0.00017955100163817407
[2, 2] loss: 0.0007089341431856155
[2, 3] loss: 0.00045505627989768984
[2, 4] loss: 0.00047375138849020004
[2, 5] loss: 0.0005647081136703491
[2, 6] loss: 0.00035856634378433227
[2, 7] loss: 0.0008610504865646363
[2, 8] loss: 0.0005967796593904495
[2, 9] loss: 0.0011322379857301712
[2, 10] loss: 0.0023355916142463683
[2, 11] loss: 0.0010035315155982971
[2, 12] loss: 0.0010430291295051575
[2, 13] loss: 0.0006095433980226517
[2, 14] loss: 0.001658555269241333
[2, 15] loss: 0.00043568428605794907
[2, 16] loss: 0.0007983530312776566
[2, 17] loss: 0.0015194407105445862
[2, 18] loss: 0.0007586007565259933
[2, 19] loss: 0.000925394594669342
[2, 20] loss: 0.0009776752442121506
[2, 21] loss: 0.00047651071101427077
[2, 22] loss: 0.0008730847388505935
[2, 23] loss: 0.0004007798060774803
[2, 24] loss: 0.0024249355494976046
[2, 25] loss: 0.0008743793517351151
[2, 26] loss: 0.00014927642419934272
[2, 27] loss: 0.0007977493852376938
[2, 28] loss: 0.0016797731816768646
[2, 29] loss: 0.0003945109248161316
[2, 30] loss: 0.0017127759754657745
[2, 31] loss: 0.00020660556852817536
[2, 32] loss: 0.0008460607379674912
[2, 33] loss: 0.0006521838158369065
[2, 34] loss: 0.0019187651574611663
[2, 35] loss: 0.0007680802792310715
[2, 36] loss: 0.0015549874305725098
[2, 37] loss: 0.00016238542273640632
[2, 38] loss: 0.0006310120970010757
[2, 39] loss: 0.0004711248353123665
[2, 40] loss: 0.000822548195719719
[2, 41] loss: 0.0014471034705638886
[2, 42] loss: 0.0005084520205855369
[2, 43] loss: 0.0005659593641757965
[2, 44] loss: 0.0002606942690908909
[2, 45] loss: 0.0008500699698925019
[2, 46] loss: 0.0002517883293330669
[2, 47] loss: 0.0010285960137844086
[2, 48] loss: 0.0017502303421497345
[2, 49] loss: 0.0001928681321442127
[2, 50] loss: 0.0008235123008489609
[2, 51] loss: 0.0009989853203296662
[2, 52] loss: 0.00016868185251951219
[2, 53] loss: 0.0004639977961778641
[2, 54] loss: 0.0017795345187187194
[2, 55] loss: 0.0014342273771762847
[2, 56] loss: 0.00047289591282606124
[2, 57] loss: 0.0003217222914099693
[2, 58] loss: 0.0004558800533413887
[2, 59] loss: 0.0003858023881912231
[2, 60] loss: 0.0003524835780262947
[2, 61] loss: 0.0007975474745035171
[2, 62] loss: 0.0009233860671520233
[2, 63] loss: 0.0016884677112102508
[2, 64] loss: 0.0008481534570455551
[2, 65] loss: 0.00031954243779182436
[2, 66] loss: 0.0011579834669828415
[2, 67] loss: 0.0008284990489482879
[2, 68] loss: 0.0005396563932299614
[2, 69] loss: 0.00012321761809289456
[2, 70] loss: 0.0008432912081480027
[2, 71] loss: 0.00045743729919195175
[2, 72] loss: 0.0004968411847949028
[2, 73] loss: 0.0012078595161437989
[2, 74] loss: 0.0009574540704488754
[2, 75] loss: 0.001148364320397377
[2, 76] loss: 0.0014458580315113068
[2, 77] loss: 0.0016579173505306243
[2, 78] loss: 0.0006567448377609253
[2, 79] loss: 0.0029293102025985717
[2, 80] loss: 0.000936073437333107
[2, 81] loss: 0.0004628598690032959
[2, 82] loss: 0.0008316350728273392
[2, 83] loss: 0.00025336984544992446
[2, 84] loss: 0.0009462516009807587
[2, 85] loss: 0.0005829697847366333
[2, 86] loss: 0.001437336355447769
[2, 87] loss: 0.0004777030274271965
[2, 88] loss: 0.0002710192836821079
[2, 89] loss: 0.002148650735616684
[2, 90] loss: 0.002603931725025177
[2, 91] loss: 0.002763054966926575
[2, 92] loss: 0.0021746958792209625
[2, 93] loss: 0.0003063080832362175
[2, 94] loss: 0.002760803699493408
[2, 95] loss: 0.0005697033554315567
[2, 96] loss: 0.001257885843515396
[2, 97] loss: 0.0006952083855867385
[2, 98] loss: 0.00047458790242671967
[2, 99] loss: 0.0011315974593162537
[2, 100] loss: 0.0009054852277040481
[2, 101] loss: 0.0018855905532836914
[2, 102] loss: 0.000378972627222538
[2, 103] loss: 0.000829814225435257
[2, 104] loss: 0.0029881224036216736
[2, 105] loss: 0.000574009008705616
[2, 106] loss: 0.0031503283977508544
[2, 107] loss: 0.0002308613993227482
[2, 108] loss: 0.0021410974860191345
[2, 109] loss: 0.0008021570742130279
[2, 110] loss: 0.0015307287871837616
[2, 111] loss: 0.0012286267429590225
[2, 112] loss: 0.0006532427668571472
[2, 113] loss: 0.0014679183065891266
[2, 114] loss: 0.001061648651957512
[2, 115] loss: 0.0009233320504426956
[2, 116] loss: 0.00045136570930480956
[2, 117] loss: 0.0007314097881317139
[2, 118] loss: 0.00029662419110536574
[2, 119] loss: 0.0004570085555315018
[2, 120] loss: 0.0015627062320709229
[2, 121] loss: 0.0009527642279863358
[2, 122] loss: 0.00026580357924103735
[2, 123] loss: 0.0019854870438575744
[2, 124] loss: 0.0002709690108895302
[2, 125] loss: 0.00032840341329574583
[2, 126] loss: 0.0008551217615604401
[2, 127] loss: 0.0003224677965044975
[2, 128] loss: 0.002021377235651016
[2, 129] loss: 0.0006275029480457306
[2, 130] loss: 0.0017886203527450561
[2, 131] loss: 0.001014772281050682
[2, 132] loss: 0.001212005764245987
[2, 133] loss: 0.0006622104346752167
[2, 134] loss: 0.0010376625508069991
[2, 135] loss: 0.0011963341385126114
[2, 136] loss: 0.00031253833323717116
[2, 137] loss: 0.00047439783811569213
[2, 138] loss: 0.0010720957070589066
[2, 139] loss: 0.00016340533271431924
[2, 140] loss: 0.0017245328426361084
[2, 141] loss: 0.0008121565729379654
[2, 142] loss: 0.0010989093035459517
[2, 143] loss: 0.00043411705642938615
[2, 144] loss: 0.00126301109790802
[2, 145] loss: 0.0013544438779354096
[2, 146] loss: 0.0013634279370307923
[2, 147] loss: 0.001082257032394409
[2, 148] loss: 0.0005757196992635726
[2, 149] loss: 0.0005409865826368332
[2, 150] loss: 0.0007084860652685165
[2, 151] loss: 0.002371293306350708
[2, 152] loss: 0.00037575263530015946
[2, 153] loss: 0.00041371166706085207
[2, 154] loss: 0.0013947004079818725
[2, 155] loss: 0.0008213137090206146
[2, 156] loss: 0.0007981210947036743
[2, 157] loss: 0.0008815930038690567
[2, 158] loss: 0.00042430996894836424
[2, 159] loss: 0.0003132963553071022
[2, 160] loss: 0.00028004921972751617
[2, 161] loss: 0.000875532552599907
[2, 162] loss: 0.000773717686533928
[2, 163] loss: 0.00035402663052082063
[2, 164] loss: 0.000737818107008934
[2, 165] loss: 0.0005293294042348862
[2, 166] loss: 0.0012462793290615082
[2, 167] loss: 0.0005366025865077973
[2, 168] loss: 0.00026674680411815644
[2, 169] loss: 0.002747265100479126
[2, 170] loss: 0.00045457392930984495
[2, 171] loss: 0.00039962600916624067
[2, 172] loss: 0.0008535531163215638
[2, 173] loss: 0.00017133621498942374
[2, 174] loss: 0.0010010024160146712
[2, 175] loss: 8.831759914755821e-05
[2, 176] loss: 0.0010930634289979934
[2, 177] loss: 0.0004976531863212586
[2, 178] loss: 0.0006417970359325408
[2, 179] loss: 0.0008318686485290528
[2, 180] loss: 0.001971002817153931
[2, 181] loss: 0.00038955412805080414
[2, 182] loss: 0.0015033593773841859
[2, 183] loss: 0.0015481799840927125
[2, 184] loss: 0.0005284162983298302
[2, 185] loss: 0.000529409572482109
[2, 186] loss: 0.000571519136428833
[2, 187] loss: 0.000768752172589302
[2, 188] loss: 0.0002095862478017807
[2, 189] loss: 0.00031715542078018187
[2, 190] loss: 0.0008652009069919586
[2, 191] loss: 0.0019821929931640625
[2, 192] loss: 0.0018396934866905213
[2, 193] loss: 0.0008408031612634659
[2, 194] loss: 0.0012621735036373138
[2, 195] loss: 0.0006117720529437065
[2, 196] loss: 0.0014795847237110138
[2, 197] loss: 0.00022153981029987335
[2, 198] loss: 0.0007223383337259293
[2, 199] loss: 0.0006677845120429993
[2, 200] loss: 0.00037688594311475755
[2, 201] loss: 0.0005076685920357704
[2, 202] loss: 0.00029236258938908577
[2, 203] loss: 0.0007276587933301926
[2, 204] loss: 0.0006313959509134293
[2, 205] loss: 0.0014041300117969514
[2, 206] loss: 0.0006111949682235718
[2, 207] loss: 0.0009123903512954712
[2, 208] loss: 0.0004171419516205788
[2, 209] loss: 0.00043204449117183684
[2, 210] loss: 0.0009210377186536789
[2, 211] loss: 0.0012922447919845581
[2, 212] loss: 0.0002889563143253326
[2, 213] loss: 0.0004133526980876923
[2, 214] loss: 0.000724814385175705
[2, 215] loss: 0.000763460025191307
[2, 216] loss: 0.0004757949709892273
[2, 217] loss: 0.0007694359123706818
[2, 218] loss: 0.002059950977563858
[2, 219] loss: 0.0012887135148048402
[2, 220] loss: 0.00085806705057621
[2, 221] loss: 0.0010965466499328613
[2, 222] loss: 0.0005549545213580132
[2, 223] loss: 0.0004741855338215828
[2, 224] loss: 0.0005106084421277046
[2, 225] loss: 0.0005788776651024819
[2, 226] loss: 0.0021835768222808836
[2, 227] loss: 0.0016315247118473054
[2, 228] loss: 0.0008537876605987549
[2, 229] loss: 0.0015811075270175934
[2, 230] loss: 0.0002955598011612892
[2, 231] loss: 0.00016222147271037103
[2, 232] loss: 0.0005479410663247108
[2, 233] loss: 0.0003494251519441605
[2, 234] loss: 0.0010707782953977584
[2, 235] loss: 0.00037248436361551283
[2, 236] loss: 0.00036682885140180586
[2, 237] loss: 0.0018363995850086213
[2, 238] loss: 0.0007326291501522065
[2, 239] loss: 0.0007898533344268799
[2, 240] loss: 0.00045788805931806564
[2, 241] loss: 0.0005586859583854675
[2, 242] loss: 0.00041487984359264376
[2, 243] loss: 0.0005297207459807395
[2, 244] loss: 0.0003213914856314659
[2, 245] loss: 0.00038474660366773607
[2, 246] loss: 0.0006880538165569306
[2, 247] loss: 0.0007366306334733963
[2, 248] loss: 0.00012620428577065468
[2, 249] loss: 0.003403339385986328
[2, 250] loss: 0.00040291331708431244
[2, 251] loss: 0.002179763615131378
[2, 252] loss: 0.0013853290677070618
[2, 253] loss: 0.0006169123202562333
[2, 254] loss: 0.0005065411329269409
[2, 255] loss: 0.0014689938724040984
[2, 256] loss: 0.000285189263522625
[2, 257] loss: 0.0006345094740390777
[2, 258] loss: 0.00019752318039536476
[2, 259] loss: 0.0004696936160326004
[2, 260] loss: 0.0008950111269950867
[2, 261] loss: 0.00015386758372187614
[2, 262] loss: 0.0010388660430908202
[2, 263] loss: 0.0012231498956680297
[2, 264] loss: 0.001026536673307419
[2, 265] loss: 0.0008701027929782868
[2, 266] loss: 0.00027997320517897606
[2, 267] loss: 0.00014104458503425121
[2, 268] loss: 0.00031834397464990615
[2, 269] loss: 0.0013997749984264373
[2, 270] loss: 0.0002682085894048214
[2, 271] loss: 0.002152794301509857
[2, 272] loss: 0.0010020333528518678
[2, 273] loss: 0.00028922561556100847
[2, 274] loss: 0.0016468670964241029
[2, 275] loss: 0.0005078346282243729
[2, 276] loss: 0.0009042574465274811
[2, 277] loss: 0.0006997027248144149
[2, 278] loss: 0.00037403687834739683
[2, 279] loss: 0.0021425290405750275
[2, 280] loss: 0.0012341372668743134
[2, 281] loss: 0.0006465354561805725
[2, 282] loss: 0.0008549760282039643
[2, 283] loss: 0.0006125827133655549
[2, 284] loss: 0.00036615390330553056
[2, 285] loss: 0.0015039150416851044
[2, 286] loss: 6.418902426958084e-05
[2, 287] loss: 0.0009040633589029312
[2, 288] loss: 0.0017551034688949585
[2, 289] loss: 0.0006382030993700027
[2, 290] loss: 0.00014038974419236183
[2, 291] loss: 0.000608297511935234
[2, 292] loss: 0.0009656894207000732
[2, 293] loss: 0.0006156960874795914
[2, 294] loss: 0.0008761436492204666
[2, 295] loss: 0.0011130838841199875
[2, 296] loss: 0.00018914977088570594
[2, 297] loss: 0.0004986780136823654
[2, 298] loss: 0.0010726625472307204
[2, 299] loss: 0.0005838514491915703
[2, 300] loss: 0.0014138996601104736
[2, 301] loss: 0.00092159703373909
[2, 302] loss: 0.0010331535339355468
[2, 303] loss: 0.00021159021183848382
[2, 304] loss: 0.001229129284620285
[2, 305] loss: 0.00025220686569809913
[2, 306] loss: 0.00017269151285290719
[2, 307] loss: 0.0002790793590247631
[2, 308] loss: 0.0005730940774083137
[2, 309] loss: 0.00013720523566007614
[2, 310] loss: 0.00019495775923132895
[2, 311] loss: 0.0007264298200607299
[2, 312] loss: 0.001614367514848709
[2, 313] loss: 0.00029590219259262085
[2, 314] loss: 0.00047258123755455016
[2, 315] loss: 8.191253989934921e-05
[2, 316] loss: 0.0001258634775876999
[2, 317] loss: 0.00031060220673680307
[2, 318] loss: 0.0009825086593627929
[2, 319] loss: 0.0005072814598679542
[2, 320] loss: 0.00037050593644380567
[2, 321] loss: 0.00022754032164812088
[2, 322] loss: 0.00033292636275291445
[2, 323] loss: 0.0005213169381022454
[2, 324] loss: 0.0004928848892450333
[2, 325] loss: 0.0001881503127515316
[2, 326] loss: 0.00043494708836078644
[2, 327] loss: 8.789069950580597e-05
[2, 328] loss: 0.0004584360122680664
[2, 329] loss: 0.00023070832714438438
[2, 330] loss: 0.0013154540956020356
[2, 331] loss: 7.805001456290484e-05
[2, 332] loss: 0.0002010122686624527
[2, 333] loss: 0.00022391412407159805
[2, 334] loss: 0.0003172890841960907
[2, 335] loss: 0.0002964893169701099
[2, 336] loss: 0.0010078776627779006
[2, 337] loss: 0.0005229636281728745
[2, 338] loss: 0.0014457327127456664
[2, 339] loss: 0.0010764581710100173
[2, 340] loss: 0.0002972384542226791
[2, 341] loss: 0.0005953890457749367
[2, 342] loss: 0.0006917857378721237
[2, 343] loss: 0.0014587484300136566
[2, 344] loss: 0.00044656772166490555
[2, 345] loss: 0.00010249397717416287
[2, 346] loss: 0.0009867509454488754
[2, 347] loss: 0.0012234969437122346
[2, 348] loss: 5.778615362942219e-05
[2, 349] loss: 0.00038768656551837924
[2, 350] loss: 0.00041445348411798475
[2, 351] loss: 0.0009240309149026871
[2, 352] loss: 0.0006732751429080964
[2, 353] loss: 0.00040824204683303833
[2, 354] loss: 0.0009430098533630371
[2, 355] loss: 0.0007572066783905029
[2, 356] loss: 0.0008475781232118606
[2, 357] loss: 0.0007586272060871124
[2, 358] loss: 0.00032373759895563123
[2, 359] loss: 0.0002585351280868053
[2, 360] loss: 7.189844269305468e-05
[2, 361] loss: 0.0001775122247636318
[2, 362] loss: 0.00042401820421218874
[2, 363] loss: 0.00036070223897695543
[2, 364] loss: 0.0001548907347023487
[2, 365] loss: 0.00022863658145070076
[2, 366] loss: 0.0006193002313375474
[2, 367] loss: 0.00019872529432177544
[2, 368] loss: 0.00042931050062179567
[2, 369] loss: 0.0005042356625199318
[2, 370] loss: 0.0013936819136142731
[2, 371] loss: 0.0014256234467029572
[2, 372] loss: 0.0011451342701911927
[2, 373] loss: 0.00015356875956058503
[2, 374] loss: 0.0006905801594257355
[2, 375] loss: 0.0007287639379501342
[2, 376] loss: 0.001048187091946602
[2, 377] loss: 0.004401772916316986
[2, 378] loss: 0.00021075226366519927
[2, 379] loss: 0.0006300665438175202
[2, 380] loss: 0.000688171461224556
[2, 381] loss: 6.298433989286423e-05
[2, 382] loss: 0.001518329083919525
[2, 383] loss: 0.00026328755542635916
[2, 384] loss: 0.000738440677523613
[2, 385] loss: 0.0003462570160627365
[2, 386] loss: 0.0002523952536284924
[2, 387] loss: 0.0006232888624072074
[2, 388] loss: 0.0034843146800994872
[2, 389] loss: 0.000299350842833519
[2, 390] loss: 0.0006144502386450768
[2, 391] loss: 0.0008451641350984573
[2, 392] loss: 0.001330696940422058
[2, 393] loss: 0.0008672496676445007
[2, 394] loss: 0.0013626359403133392
[2, 395] loss: 0.002319752871990204
[2, 396] loss: 0.001333247572183609
[2, 397] loss: 0.0005958658829331398
[2, 398] loss: 0.001298324167728424
[2, 399] loss: 0.0004119530692696571
[2, 400] loss: 0.00027025381103158
[2, 401] loss: 0.00043122056871652603
[2, 402] loss: 0.0008696486800909043
[2, 403] loss: 0.000345478281378746
[2, 404] loss: 0.0008520264178514481
[2, 405] loss: 0.00011593529023230076
[2, 406] loss: 0.0006471546739339829
[2, 407] loss: 0.0007507254928350448
[2, 408] loss: 0.0010594040900468826
[2, 409] loss: 0.0007396844029426574
[2, 410] loss: 0.0009600067883729934
[2, 411] loss: 0.0006583335995674133
[2, 412] loss: 0.0009002058953046798
[2, 413] loss: 0.000694311186671257
[2, 414] loss: 0.0002869788557291031
[2, 415] loss: 0.0005178094282746315
[2, 416] loss: 0.0005029425397515296
[2, 417] loss: 0.00015620444901287556
[2, 418] loss: 0.003105834126472473
[2, 419] loss: 0.0007808874547481537
[2, 420] loss: 0.0002819487079977989
[2, 421] loss: 0.0008045999705791474
[2, 422] loss: 0.00043791066855192184
[2, 423] loss: 0.00026990476995706556
[2, 424] loss: 0.0007567615807056428
[2, 425] loss: 0.0006413542479276657
[2, 426] loss: 0.0005090760439634323
[2, 427] loss: 0.0012531746923923493
[2, 428] loss: 0.0005183728411793709
[2, 429] loss: 6.286127492785454e-05
[2, 430] loss: 0.0004712281376123428
[2, 431] loss: 0.0011555200815200806
[2, 432] loss: 0.0010778219252824783
[2, 433] loss: 0.0026497811079025267
[2, 434] loss: 0.0003181445598602295
[2, 435] loss: 0.00035472527146339415
[2, 436] loss: 0.0004991716891527176
[2, 437] loss: 0.0003118938207626343
[2, 438] loss: 0.0015692508220672607
[2, 439] loss: 9.07023437321186e-05
[2, 440] loss: 0.00021270684897899627
[2, 441] loss: 0.0008303075283765793
[2, 442] loss: 0.0003622153401374817
[2, 443] loss: 0.0015660986304283143
[2, 444] loss: 0.0009450340270996094
[2, 445] loss: 0.00016046851873397828
[2, 446] loss: 0.0005563507974147797
[2, 447] loss: 0.00024507025256752967
[2, 448] loss: 0.000606817826628685
[2, 449] loss: 9.118720889091492e-05
[2, 450] loss: 0.0013534384965896607
[2, 451] loss: 0.000186662245541811
[2, 452] loss: 0.00026039347052574156
[2, 453] loss: 0.0003399428725242615
[2, 454] loss: 0.003913856744766235
[2, 455] loss: 0.0011837328225374221
[2, 456] loss: 0.0010405128449201583
[2, 457] loss: 0.0007589845359325408
[2, 458] loss: 0.0008036705106496811
[2, 459] loss: 0.0007748503983020783
[2, 460] loss: 0.0010504753887653352
[2, 461] loss: 0.00031967919319868086
[2, 462] loss: 0.0026903921365737916
[2, 463] loss: 0.0010440197587013244
[2, 464] loss: 0.00020529717206954956
[2, 465] loss: 0.0004253678768873215
[2, 466] loss: 0.0007884090393781662
[2, 467] loss: 0.0011022801697254182
[2, 468] loss: 0.0022567686438560485
[2, 469] loss: 0.0017732354998588563
[2, 470] loss: 0.00035858593881130216
[2, 471] loss: 0.00025551769882440565
[2, 472] loss: 0.0007455528527498245
[2, 473] loss: 0.00017678597941994667
[2, 474] loss: 0.0005835115537047386
[2, 475] loss: 0.001925574094057083
[2, 476] loss: 0.0001287558116018772
[2, 477] loss: 0.0006337495148181915
[2, 478] loss: 0.0013667276501655578
[2, 479] loss: 0.0007247269898653031
[2, 480] loss: 0.001121794804930687
[2, 481] loss: 0.0013527995347976684
[2, 482] loss: 0.0007283826172351837
[2, 483] loss: 0.0009774144738912583
[2, 484] loss: 0.001501435786485672
[2, 485] loss: 0.00015346906147897243
[2, 486] loss: 0.00036717839539051055
[2, 487] loss: 0.0010824866592884063
[2, 488] loss: 0.0008845609426498413
[2, 489] loss: 0.0006862667948007583
[2, 490] loss: 0.0013931518793106079
[2, 491] loss: 0.001100541651248932
[2, 492] loss: 0.0007992330938577652
[2, 493] loss: 0.0016206221282482147
[2, 494] loss: 0.000639585554599762
[2, 495] loss: 0.0007944301515817642
[2, 496] loss: 0.0024134509265422823
[2, 497] loss: 0.0012703987956047059
[2, 498] loss: 0.0006605615466833115
[2, 499] loss: 0.00042241767048835756
[2, 500] loss: 0.0025828206539154053
[2, 501] loss: 0.0011887902766466142
[2, 502] loss: 0.0003804164007306099
[2, 503] loss: 0.000707632452249527
[2, 504] loss: 0.0007449006289243698
[2, 505] loss: 0.0016400121152400971
[2, 506] loss: 0.0010104122012853623
[2, 507] loss: 0.0007484036684036254
[2, 508] loss: 0.0007428926974534988
[2, 509] loss: 0.0001600370928645134
[2, 510] loss: 0.0004388202726840973
[2, 511] loss: 0.0010530463606119155
[2, 512] loss: 0.0006876965612173081
[2, 513] loss: 0.0008074307441711426
[2, 514] loss: 0.0007011743634939194
[2, 515] loss: 0.0004031742736697197
[2, 516] loss: 0.0012651695311069488
[2, 517] loss: 0.0015286512672901154
[2, 518] loss: 0.0007241618633270264
[2, 519] loss: 0.001079993173480034
[2, 520] loss: 0.001357557773590088
[2, 521] loss: 0.0012018337845802307
[2, 522] loss: 0.0017362608015537263
[2, 523] loss: 0.0012475645542144775
[2, 524] loss: 0.0025572466850280764
[2, 525] loss: 0.001240045204758644
[2, 526] loss: 0.0002196841686964035
[2, 527] loss: 0.0006582491099834442
[2, 528] loss: 0.0001519418228417635
[2, 529] loss: 0.0013324418663978577
[2, 530] loss: 0.0004756142571568489
[2, 531] loss: 0.00025535715743899343
[2, 532] loss: 0.00043366916477680204
[2, 533] loss: 0.0006954491883516312
[2, 534] loss: 0.00034160368144512174
[2, 535] loss: 0.0006238940358161926
[2, 536] loss: 0.0009129089862108231
[2, 537] loss: 0.0010620351880788804
[2, 538] loss: 0.0004662624001502991
[2, 539] loss: 0.0003832419961690903
[2, 540] loss: 0.0014991046488285066
[2, 541] loss: 0.0005168483033776283
[2, 542] loss: 0.006318014860153198
[2, 543] loss: 0.0004907823354005814
[2, 544] loss: 0.00046812426298856733
[2, 545] loss: 0.0006040805950760841
[2, 546] loss: 0.00033974628895521163
[2, 547] loss: 0.00021742001175880431
[2, 548] loss: 0.00021151632070541383
[2, 549] loss: 0.0020687441527843476
[2, 550] loss: 0.002291974723339081
[2, 551] loss: 0.001721838265657425
[2, 552] loss: 0.0001541420817375183
[2, 553] loss: 0.0016912600398063659
[2, 554] loss: 0.0013657058775424957
[2, 555] loss: 0.0005301062390208244
[2, 556] loss: 0.00023103190585970878
[2, 557] loss: 0.00015359215438365937
[2, 558] loss: 0.0002897752448916435
[2, 559] loss: 0.0012703187763690948
[2, 560] loss: 0.0004945211485028267
[2, 561] loss: 0.00039545409381389616
[2, 562] loss: 0.0007749062031507492
[2, 563] loss: 0.0005584834143519402
[2, 564] loss: 0.0006445118039846421
[2, 565] loss: 0.0005037195608019829
[2, 566] loss: 0.0003678230568766594
[2, 567] loss: 0.0008049669861793518
[2, 568] loss: 0.0004953739792108536
[2, 569] loss: 0.0002852693945169449
[2, 570] loss: 0.00025164030492305753
[2, 571] loss: 0.00031282145529985426
[2, 572] loss: 0.0003068801015615463
[2, 573] loss: 0.0012636421620845794
[2, 574] loss: 0.00035387203097343446
[2, 575] loss: 0.0003903895989060402
[2, 576] loss: 0.0003434571623802185
[2, 577] loss: 0.00033716078847646715
[2, 578] loss: 0.0002666381374001503
[2, 579] loss: 0.0009502068907022476
[2, 580] loss: 0.0009188870340585708
[2, 581] loss: 0.0008074191957712174
[2, 582] loss: 0.000463373027741909
[2, 583] loss: 0.001826213151216507
[2, 584] loss: 0.00029091058298945426
[2, 585] loss: 0.0004400041326880455
[2, 586] loss: 0.0013217517733573913
[2, 587] loss: 0.000412210151553154
[2, 588] loss: 0.0014650693535804748
[2, 589] loss: 0.0006639283150434494
[2, 590] loss: 0.0004449325054883957
[2, 591] loss: 9.92509163916111e-05
[2, 592] loss: 0.0012390059977769852
[2, 593] loss: 0.0005256672203540802
[2, 594] loss: 9.981929324567317e-05
[2, 595] loss: 0.000590110681951046
[2, 596] loss: 0.003149509131908417
[2, 597] loss: 0.00028177350759506226
[2, 598] loss: 0.0006082978472113609
[2, 599] loss: 0.0015169860422611238
[2, 600] loss: 0.002743830978870392
[2, 601] loss: 0.001105167344212532
[2, 602] loss: 0.0001057219598442316
[2, 603] loss: 0.0004597628861665726
[2, 604] loss: 0.0033561062812805177
[2, 605] loss: 0.0012974518537521363
[2, 606] loss: 0.0008073991537094116
[2, 607] loss: 0.0007792422175407409
[2, 608] loss: 0.0002906404808163643
[2, 609] loss: 0.0009500731527805329
[2, 610] loss: 0.0001299866009503603
[2, 611] loss: 0.000613415390253067
[2, 612] loss: 0.0027083224058151245
[2, 613] loss: 0.0009859878569841384
[2, 614] loss: 0.0011452930420637131
[2, 615] loss: 0.0008955328166484833
[2, 616] loss: 0.00018812472000718117
[2, 617] loss: 0.0006871965527534485
[2, 618] loss: 0.0003528084605932236
[2, 619] loss: 0.0003675846755504608
[2, 620] loss: 0.001266450583934784
[2, 621] loss: 0.0008894048631191253
[2, 622] loss: 0.0018115687370300294
[2, 623] loss: 0.0009568005055189132
[2, 624] loss: 0.001287059485912323
[2, 625] loss: 0.0004377353191375732
[2, 626] loss: 0.0009138032048940658
[2, 627] loss: 0.000719888061285019
[2, 628] loss: 0.00066644087433815
[2, 629] loss: 0.0001425703428685665
[2, 630] loss: 0.00010842435993254185
[2, 631] loss: 0.000981872081756592
[2, 632] loss: 0.0011260814964771271
[2, 633] loss: 0.00026880271732807157
[2, 634] loss: 0.0009364408254623414
[2, 635] loss: 0.000545879490673542
[2, 636] loss: 0.0008536328375339508
[2, 637] loss: 0.001000494360923767
[2, 638] loss: 0.0003856510668992996
[2, 639] loss: 0.001544739007949829
[2, 640] loss: 0.0007612819224596023
[2, 641] loss: 0.0008510112762451172
[2, 642] loss: 0.00046657983213663104
[2, 643] loss: 0.0006424413621425629
[2, 644] loss: 0.0006060187891125679
[2, 645] loss: 0.0004615770652890205
[2, 646] loss: 0.0005354787409305573
[2, 647] loss: 0.0014684095978736878
[2, 648] loss: 0.001226022243499756
[2, 649] loss: 0.0004135889187455177
[2, 650] loss: 0.0007543068379163742
[2, 651] loss: 0.001031719446182251
[2, 652] loss: 0.0003480573371052742
[2, 653] loss: 0.0025996538996696473
[2, 654] loss: 0.00017161311581730842
[2, 655] loss: 0.001260460913181305
[2, 656] loss: 0.0002843005955219269
[2, 657] loss: 0.00022088102996349336
[2, 658] loss: 0.0008651905506849289
[2, 659] loss: 0.0008112556487321854
[2, 660] loss: 0.001176036298274994
[2, 661] loss: 0.0002801973931491375
[2, 662] loss: 0.0014375393092632294
[2, 663] loss: 4.6278759837150576e-05
[2, 664] loss: 0.0005907586961984634
[2, 665] loss: 0.0008901635557413101
[2, 666] loss: 0.000299206618219614
[2, 667] loss: 0.0014353804290294647
[2, 668] loss: 0.0006130680069327355
[2, 669] loss: 0.000686844140291214
[2, 670] loss: 5.5859806016087534e-05
[2, 671] loss: 0.0002649817243218422
[2, 672] loss: 0.0015065164864063263
[2, 673] loss: 0.000482044592499733
[2, 674] loss: 0.0004367798566818237
[2, 675] loss: 0.00018675792962312697
[2, 676] loss: 0.0007651566714048385
[2, 677] loss: 0.0006731463968753814
[2, 678] loss: 0.000568886250257492
[2, 679] loss: 0.00040869783610105516
[2, 680] loss: 0.00019159892573952675
[2, 681] loss: 0.000408359132707119
[2, 682] loss: 0.00048807434737682345
[2, 683] loss: 0.0003088897839188576
[2, 684] loss: 0.00013921103440225124
[2, 685] loss: 0.00032655678689479827
[2, 686] loss: 0.0002984820865094662
[2, 687] loss: 0.0011910885572433473
[2, 688] loss: 0.0007041577994823456
[2, 689] loss: 0.0001968194730579853
[2, 690] loss: 0.0007938776165246963
[2, 691] loss: 0.0022375304996967316
[2, 692] loss: 0.0015150946378707886
[2, 693] loss: 0.0006116075441241264
[2, 694] loss: 0.0018341293931007385
[2, 695] loss: 0.0004005349427461624
[2, 696] loss: 0.0006145668402314186
[2, 697] loss: 0.0005712328106164933
[2, 698] loss: 0.0001782112382352352
[2, 699] loss: 0.0009267004579305649
[2, 700] loss: 0.00043608978390693667
[2, 701] loss: 0.00017932413145899773
[2, 702] loss: 0.0009215693920850754
[2, 703] loss: 0.0019518791139125824
[2, 704] loss: 0.001291205883026123
[2, 705] loss: 0.001827084869146347
[2, 706] loss: 0.001400088220834732
[2, 707] loss: 0.0012215155363082886
[2, 708] loss: 0.00016705399379134177
[2, 709] loss: 0.0001316933799535036
[2, 710] loss: 0.00030119255185127256
[2, 711] loss: 0.0013282126188278198
[2, 712] loss: 0.0018091981112957
[2, 713] loss: 0.0006891494244337082
[2, 714] loss: 0.0009060963988304138
[2, 715] loss: 0.0009968320280313492
[2, 716] loss: 0.0012440702319145203
[2, 717] loss: 0.0005350670963525772
[2, 718] loss: 0.00021384557709097862
[2, 719] loss: 0.0003072812594473362
[2, 720] loss: 0.0003651483356952667
[2, 721] loss: 0.00039027638733386995
[2, 722] loss: 0.0012513096630573273
[2, 723] loss: 0.00037887074053287505
[2, 724] loss: 0.000771992951631546
[2, 725] loss: 0.0007945555448532105
[2, 726] loss: 0.0019190149009227753
[2, 727] loss: 0.0003646198660135269
[2, 728] loss: 0.0007780217379331589
[2, 729] loss: 0.000545327179133892
[2, 730] loss: 8.190027438104153e-05
[2, 731] loss: 0.0006635140627622605
[2, 732] loss: 0.000726756751537323
[2, 733] loss: 0.0006663103401660919
[2, 734] loss: 0.000491960346698761
[2, 735] loss: 0.00011407009325921536
[2, 736] loss: 0.00041231442242860793
[2, 737] loss: 0.0008226662129163742
[2, 738] loss: 0.0010881813615560532
[2, 739] loss: 0.0015092408657073975
[2, 740] loss: 0.0007067091017961502
[2, 741] loss: 0.0003035750985145569
[2, 742] loss: 0.0017652644217014313
[2, 743] loss: 0.0011032087355852128
[2, 744] loss: 0.0005049071833491325
[2, 745] loss: 0.0011727382987737655
[2, 746] loss: 0.0012403886020183564
[2, 747] loss: 0.0003953284025192261
[2, 748] loss: 0.0019905489683151247
[2, 749] loss: 0.00017608979716897012
[2, 750] loss: 0.00018095025792717932
[2, 751] loss: 0.0014561243355274201
[2, 752] loss: 0.0002488100528717041
[2, 753] loss: 0.0012873613834381104
[2, 754] loss: 0.00031840670853853224
[2, 755] loss: 0.0007160503417253494
[2, 756] loss: 0.0011856967210769653
[2, 757] loss: 6.860033608973027e-05
[2, 758] loss: 0.0028100696206092833
[2, 759] loss: 0.0001881304383277893
[2, 760] loss: 0.0009105905145406723
[2, 761] loss: 0.0007717800140380859
[2, 762] loss: 0.00023101948201656341
[2, 763] loss: 0.0003614429756999016
[2, 764] loss: 0.0001422231364995241
[2, 765] loss: 0.001582496613264084
[2, 766] loss: 0.0008923175930976867
[2, 767] loss: 0.000500796064734459
[2, 768] loss: 0.001025456041097641
[2, 769] loss: 0.001245071068406105
[2, 770] loss: 0.0007123853266239167
[2, 771] loss: 0.0009243106096982956
[2, 772] loss: 0.0009332235902547836
[2, 773] loss: 0.0010681790113449097
[2, 774] loss: 0.0008481332659721375
[2, 775] loss: 0.0008593278378248215
[2, 776] loss: 0.000344342514872551
[2, 777] loss: 0.0003288611397147179
[2, 778] loss: 0.00041300788521766665
[2, 779] loss: 0.0006334099173545837
[2, 780] loss: 0.00043716803193092344
[2, 781] loss: 0.00036814160645008085
[2, 782] loss: 0.0009122181683778763
[2, 783] loss: 0.0012557245790958405
[2, 784] loss: 0.0003840237855911255
[2, 785] loss: 0.00020667251199483873
[2, 786] loss: 6.235305219888687e-05
[2, 787] loss: 0.0009549280256032944
[2, 788] loss: 8.440960198640823e-05
[2, 789] loss: 0.0005127888545393943
[2, 790] loss: 0.0011256339401006699
[2, 791] loss: 0.0014958001673221588
[2, 792] loss: 0.0005177288874983788
[2, 793] loss: 0.00015132788568735121
[2, 794] loss: 0.0005175073444843292
[2, 795] loss: 0.0005533685535192489
[2, 796] loss: 0.00010713321156799794
[2, 797] loss: 0.00031383156776428224
[2, 798] loss: 0.0005068296939134598
[2, 799] loss: 0.001015922948718071
[2, 800] loss: 0.0007003546506166458
[2, 801] loss: 0.000704822838306427
[2, 802] loss: 0.000823921412229538
[2, 803] loss: 0.001010425016283989
[2, 804] loss: 0.000588110014796257
[2, 805] loss: 0.0007516981661319733
[2, 806] loss: 0.0010514096915721894
[2, 807] loss: 0.0016644732654094697
[2, 808] loss: 0.000593273937702179
[2, 809] loss: 0.00027064867317676543
[2, 810] loss: 0.00012063859961926938
[2, 811] loss: 0.0037275469303131104
[2, 812] loss: 0.00029823649674654007
[2, 813] loss: 0.0012902137637138367
[2, 814] loss: 0.0002619287744164467
[2, 815] loss: 0.0007470515370368957
[2, 816] loss: 0.0011020867526531219
[2, 817] loss: 0.0009777916967868806
[2, 818] loss: 0.0007674604654312134
[2, 819] loss: 0.0004839286208152771
[2, 820] loss: 0.000978970304131508
[2, 821] loss: 0.00019649308174848556
[2, 822] loss: 0.00019727010279893875
[2, 823] loss: 0.0008266247063875199
[2, 824] loss: 0.0019560086727142332
[2, 825] loss: 0.0005628743022680283
[2, 826] loss: 0.0006991589814424515
[2, 827] loss: 0.0007479238510131836
[2, 828] loss: 0.0004416487738490105
[2, 829] loss: 0.0007326789200305939
[2, 830] loss: 0.00030024027451872824
[2, 831] loss: 0.0007445193082094193
[2, 832] loss: 0.0014209885895252227
[2, 833] loss: 0.000889514535665512
[2, 834] loss: 0.0001825691945850849
[2, 835] loss: 0.0006390354782342911
[2, 836] loss: 0.001596410423517227
[2, 837] loss: 0.00045485969632864
[2, 838] loss: 0.0007312364131212234
[2, 839] loss: 0.00015701793134212494
[2, 840] loss: 0.0002658281475305557
[2, 841] loss: 0.0003960032016038895
[2, 842] loss: 0.0006051958352327346
[2, 843] loss: 0.0015077751874923706
[2, 844] loss: 0.0001813570223748684
[2, 845] loss: 0.00013991691172122957
[2, 846] loss: 0.0011958592385053635
[2, 847] loss: 0.0007205276191234589
[2, 848] loss: 0.0007362274825572967
[2, 849] loss: 0.0010376642644405365
[2, 850] loss: 0.00035393990576267244
[2, 851] loss: 0.0002351083606481552
[2, 852] loss: 0.0011238019913434982
[2, 853] loss: 0.0005156436935067176
[2, 854] loss: 0.001937262862920761
[2, 855] loss: 0.0003252755105495453
[2, 856] loss: 0.00022274691611528396
[2, 857] loss: 0.00043195582926273344
[2, 858] loss: 0.0010667578130960464
[2, 859] loss: 0.0013831634819507599
[2, 860] loss: 0.00018245059996843338
[2, 861] loss: 0.0008352255076169968
[2, 862] loss: 0.00012065012007951737
[2, 863] loss: 0.00043844327330589295
[2, 864] loss: 0.00030463917180895806
[2, 865] loss: 0.0002712676301598549
[2, 866] loss: 0.0018406519293785095
[2, 867] loss: 0.00016724329441785812
[2, 868] loss: 0.0004912206903100013
[2, 869] loss: 0.0012062715739011764
[2, 870] loss: 0.0009206129610538483
[2, 871] loss: 0.0003015492111444473
[2, 872] loss: 0.0015441881120204926
[2, 873] loss: 0.00021777020767331124
[2, 874] loss: 0.0008854602277278901
[2, 875] loss: 0.001416207402944565
[2, 876] loss: 0.0007403167337179184
[2, 877] loss: 0.00025820216163992884
[2, 878] loss: 0.00050782460719347
[2, 879] loss: 0.0012278777360916137
[2, 880] loss: 0.0001564648002386093
[2, 881] loss: 0.00037683084607124327
[2, 882] loss: 0.000253197867423296
[2, 883] loss: 0.0012319791316986084
[2, 884] loss: 0.00023711912333965302
[2, 885] loss: 0.0021633246541023256
[2, 886] loss: 0.0012150077521800994
[2, 887] loss: 0.00043185703456401827
[2, 888] loss: 0.0009759037941694259
[2, 889] loss: 0.00016977639868855475
[2, 890] loss: 0.002008994668722153
[2, 891] loss: 8.763814345002175e-05
[2, 892] loss: 0.001382884532213211
[2, 893] loss: 0.0008474369347095489
[2, 894] loss: 4.960647784173489e-05
[2, 895] loss: 0.0010719648748636246
[2, 896] loss: 6.756688002496957e-05
[2, 897] loss: 0.0007027787715196609
[2, 898] loss: 0.0003603268414735794
[2, 899] loss: 0.0010687685012817382
[2, 900] loss: 0.000632767453789711
[2, 901] loss: 0.00012815718539059163
[2, 902] loss: 0.0005470037087798119
[2, 903] loss: 0.001350163221359253
[2, 904] loss: 0.00010963055305182934
[2, 905] loss: 0.00045414216816425324
[2, 906] loss: 0.00038715332746505735
[2, 907] loss: 0.0005607311055064201
[2, 908] loss: 0.0004299958795309067
[2, 909] loss: 0.0012108055502176285
[2, 910] loss: 0.0017611002922058106
[2, 911] loss: 0.0007254727929830551
[2, 912] loss: 0.0007492702454328537
[2, 913] loss: 5.975283682346344e-05
[2, 914] loss: 0.00023017194122076034
[2, 915] loss: 0.0003821992501616478
[2, 916] loss: 0.0011038537323474883
[2, 917] loss: 0.00010864682495594025
[2, 918] loss: 0.000679672583937645
[2, 919] loss: 0.000643116757273674
[2, 920] loss: 0.001451602727174759
[2, 921] loss: 0.00037478815764188764
[2, 922] loss: 0.0006146814674139022
[2, 923] loss: 0.0005047879368066788
[2, 924] loss: 0.0002953183278441429
[2, 925] loss: 0.0006238838657736778
[2, 926] loss: 0.0006557774543762208
[2, 927] loss: 0.0004943253844976425
[2, 928] loss: 0.0015254472196102142
[2, 929] loss: 0.00030634438619017604
[2, 930] loss: 0.00016069343313574792
[2, 931] loss: 0.0005516311898827553
[2, 932] loss: 6.79291132837534e-05
[2, 933] loss: 0.0006721153110265731
[2, 934] loss: 0.0022991588711738587
[2, 935] loss: 0.00022367386147379876
[2, 936] loss: 7.694641128182411e-05
[2, 937] loss: 0.0022394201159477234
[3, 0] loss: 0.0021174044907093046
[3, 1] loss: 0.0013861934840679168
[3, 2] loss: 0.0003284794837236404
[3, 3] loss: 0.0020040661096572877
[3, 4] loss: 0.0008301901072263717
[3, 5] loss: 0.0007036754488945007
[3, 6] loss: 0.0004550861194729805
[3, 7] loss: 0.0003961759805679321
[3, 8] loss: 0.0004782721400260925
[3, 9] loss: 0.0013053688406944276
[3, 10] loss: 0.00043639164417982103
[3, 11] loss: 0.0008141720294952393
[3, 12] loss: 0.000280284583568573
[3, 13] loss: 0.0012554802000522614
[3, 14] loss: 0.000236592385917902
[3, 15] loss: 0.0003807022795081139
[3, 16] loss: 0.00024078533053398132
[3, 17] loss: 3.430884797126055e-05
[3, 18] loss: 0.00022695284336805344
[3, 19] loss: 0.0012124146521091462
[3, 20] loss: 0.0006300081312656402
[3, 21] loss: 0.00022488856688141824
[3, 22] loss: 0.0009644867479801178
[3, 23] loss: 0.0004078825190663338
[3, 24] loss: 0.0005251886323094368
[3, 25] loss: 0.00045215144753456114
[3, 26] loss: 0.00023220788687467576
[3, 27] loss: 0.0004803788661956787
[3, 28] loss: 0.0012563176453113556
[3, 29] loss: 0.0010875615477561951
[3, 30] loss: 0.00015320442616939545
[3, 31] loss: 0.00013987052254378794
[3, 32] loss: 0.002488744556903839
[3, 33] loss: 0.00012444324791431428
[3, 34] loss: 0.0010513491928577424
[3, 35] loss: 0.00016677651554346086
[3, 36] loss: 0.0008514416962862015
[3, 37] loss: 0.0003571003675460815
[3, 38] loss: 0.0005197463184595108
[3, 39] loss: 0.001175129935145378
[3, 40] loss: 0.00018153460696339606
[3, 41] loss: 0.0005334945768117904
[3, 42] loss: 0.0003114631213247776
[3, 43] loss: 0.00036079008132219317
[3, 44] loss: 4.305369220674038e-05
[3, 45] loss: 0.000667315199971199
[3, 46] loss: 0.0009610641747713089
[3, 47] loss: 0.00013096315786242485
[3, 48] loss: 0.0003232749179005623
[3, 49] loss: 0.00031259123235940936
[3, 50] loss: 0.00029214899986982343
[3, 51] loss: 0.0005678695067763328
[3, 52] loss: 0.0002387171797454357
[3, 53] loss: 4.479288123548031e-05
[3, 54] loss: 0.0013549737632274628
[3, 55] loss: 0.00024293562397360803
[3, 56] loss: 0.0013145069777965547
[3, 57] loss: 0.0006594965606927872
[3, 58] loss: 7.010511122643947e-05
[3, 59] loss: 0.000652036964893341
[3, 60] loss: 6.829340476542711e-05
[3, 61] loss: 0.0005090233683586121
[3, 62] loss: 0.0009785272926092147
[3, 63] loss: 0.0007579383999109268
[3, 64] loss: 0.00042349282652139666
[3, 65] loss: 0.0019754572212696076
[3, 66] loss: 0.0014937737584114076
[3, 67] loss: 0.0006628270447254181
[3, 68] loss: 0.000363093726336956
[3, 69] loss: 0.0006418894231319428
[3, 70] loss: 0.0006263783574104309
[3, 71] loss: 0.0016552843153476715
[3, 72] loss: 0.0003859737142920494
[3, 73] loss: 0.0002505839988589287
[3, 74] loss: 0.0007084108144044876
[3, 75] loss: 0.00022913452237844468
[3, 76] loss: 0.00023578280583024024
[3, 77] loss: 3.0317201744765043e-05
[3, 78] loss: 0.000739799439907074
[3, 79] loss: 0.00043047428131103515
[3, 80] loss: 0.0005776577815413475
[3, 81] loss: 0.0006116979569196702
[3, 82] loss: 0.0001217520795762539
[3, 83] loss: 0.0001901429146528244
[3, 84] loss: 0.000616418793797493
[3, 85] loss: 0.0011524225026369095
[3, 86] loss: 0.0009856216609477996
[3, 87] loss: 0.0014320248365402221
[3, 88] loss: 0.001477714329957962
[3, 89] loss: 0.0001317338179796934
[3, 90] loss: 0.0002319200336933136
[3, 91] loss: 0.00044987592846155164
[3, 92] loss: 0.00048247933387756347
[3, 93] loss: 0.00015551185235381125
[3, 94] loss: 0.0003984972462058067
[3, 95] loss: 0.0006466785818338394
[3, 96] loss: 0.0007777986675500869
[3, 97] loss: 0.00021908072754740716
[3, 98] loss: 0.0010475260764360428
[3, 99] loss: 0.0008405863493680954
[3, 100] loss: 0.00021524332463741303
[3, 101] loss: 8.835161104798318e-05
[3, 102] loss: 3.9702230133116245e-05
[3, 103] loss: 0.0002574809454381466
[3, 104] loss: 0.00032698079943656923
[3, 105] loss: 0.0007431889325380326
[3, 106] loss: 6.711440160870551e-05
[3, 107] loss: 0.000220003928989172
[3, 108] loss: 0.0015023541450500488
[3, 109] loss: 0.0003843755275011063
[3, 110] loss: 0.00032974991947412493
[3, 111] loss: 0.0014472509920597076
[3, 112] loss: 0.001157311350107193
[3, 113] loss: 0.001316017508506775
[3, 114] loss: 0.0008849142491817474
[3, 115] loss: 0.0002573695220053196
[3, 116] loss: 0.0009976696968078613
[3, 117] loss: 0.0013462641835212707
[3, 118] loss: 0.0006246391683816909
[3, 119] loss: 0.0002869403176009655
[3, 120] loss: 0.0027123257517814637
[3, 121] loss: 0.001384972631931305
[3, 122] loss: 0.0005542536079883576
[3, 123] loss: 0.0002061445638537407
[3, 124] loss: 0.0016747772693634032
[3, 125] loss: 0.0005600565299391746
[3, 126] loss: 0.0001514766551554203
[3, 127] loss: 0.000564129538834095
[3, 128] loss: 0.0010914535820484162
[3, 129] loss: 0.0007454254478216171
[3, 130] loss: 0.0006120581924915314
[3, 131] loss: 0.0009724713861942291
[3, 132] loss: 0.00039735715836286545
[3, 133] loss: 0.0004171513766050339
[3, 134] loss: 0.00014902494847774506
[3, 135] loss: 0.000258405189961195
[3, 136] loss: 0.00018893323838710784
[3, 137] loss: 0.00018888978287577628
[3, 138] loss: 0.0008217831701040268
[3, 139] loss: 0.000839899405837059
[3, 140] loss: 0.0012007652968168258
[3, 141] loss: 0.0001265478692948818
[3, 142] loss: 0.00040162302553653717
[3, 143] loss: 0.00010143891908228398
[3, 144] loss: 0.00034746166318655014
[3, 145] loss: 0.0006181929260492325
[3, 146] loss: 0.0009111176431179047
[3, 147] loss: 0.00012322702445089818
[3, 148] loss: 0.0001817338727414608
[3, 149] loss: 0.0003094172477722168
[3, 150] loss: 8.934857323765755e-05
[3, 151] loss: 0.00042055390775203705
[3, 152] loss: 5.0452742725610734e-05
[3, 153] loss: 0.0007489857077598572
[3, 154] loss: 0.0010231292247772216
[3, 155] loss: 0.001438748687505722
[3, 156] loss: 0.0006918585300445556
[3, 157] loss: 0.00016245735809206963
[3, 158] loss: 0.0005384643375873566
[3, 159] loss: 0.0003509872406721115
[3, 160] loss: 0.0003367079049348831
[3, 161] loss: 0.00017210077494382857
[3, 162] loss: 0.0005966487154364586
[3, 163] loss: 0.0013811405003070832
[3, 164] loss: 0.000153416208922863
[3, 165] loss: 0.00022644232958555222
[3, 166] loss: 0.0009671624004840851
[3, 167] loss: 0.001002446413040161
[3, 168] loss: 0.001258101761341095
[3, 169] loss: 0.0005514927580952644
[3, 170] loss: 0.0006206186488270759
[3, 171] loss: 0.0002905574627220631
[3, 172] loss: 0.0012128353863954545
[3, 173] loss: 0.0008516749739646912
[3, 174] loss: 0.00045104701071977613
[3, 175] loss: 0.0004265502095222473
[3, 176] loss: 0.0005178575590252876
[3, 177] loss: 0.00011067532002925873
[3, 178] loss: 0.00043190449476242064
[3, 179] loss: 0.0001282783690840006
[3, 180] loss: 0.0003226057067513466
[3, 181] loss: 0.0003442945331335068
[3, 182] loss: 0.0005060041323304177
[3, 183] loss: 0.0004771187528967857
[3, 184] loss: 0.0007163818925619125
[3, 185] loss: 6.790981162339449e-05
[3, 186] loss: 0.00016075162217020988
[3, 187] loss: 0.0006064526736736297
[3, 188] loss: 0.00010833591222763062
[3, 189] loss: 0.0003171749785542488
[3, 190] loss: 0.0006769493222236634
[3, 191] loss: 0.000847000852227211
[3, 192] loss: 0.0004280192777514458
[3, 193] loss: 0.0001945645734667778
[3, 194] loss: 0.0006708676367998123
[3, 195] loss: 0.0007252684980630875
[3, 196] loss: 0.0007347068190574645
[3, 197] loss: 0.00011753664351999759
[3, 198] loss: 0.00010624140501022339
[3, 199] loss: 0.00018125662580132485
[3, 200] loss: 0.00038831476122140883
[3, 201] loss: 0.00024761447682976724
[3, 202] loss: 5.837781820446253e-05
[3, 203] loss: 0.0009727477282285691
[3, 204] loss: 0.0005003508552908898
[3, 205] loss: 4.920291714370251e-05
[3, 206] loss: 0.0005476425588130951
[3, 207] loss: 0.0002583166770637035
[3, 208] loss: 0.001535402089357376
[3, 209] loss: 0.0009416356682777405
[3, 210] loss: 2.2564181126654148e-05
[3, 211] loss: 0.0002936939895153046
[3, 212] loss: 0.0009419354796409607
[3, 213] loss: 0.000606125220656395
[3, 214] loss: 0.0004909173399209976
[3, 215] loss: 0.0007688353955745697
[3, 216] loss: 0.00011528588831424713
[3, 217] loss: 6.531819701194764e-05
[3, 218] loss: 0.0003293665125966072
[3, 219] loss: 0.0004768497496843338
[3, 220] loss: 5.664501339197159e-05
[3, 221] loss: 0.00016954531893134117
[3, 222] loss: 0.00014345869421958924
[3, 223] loss: 0.00027503278106451036
[3, 224] loss: 3.149360883980989e-05
[3, 225] loss: 0.0007851891219615936
[3, 226] loss: 0.000669916644692421
[3, 227] loss: 7.756325416266919e-05
[3, 228] loss: 0.0007277995347976685
[3, 229] loss: 0.0008809652924537659
[3, 230] loss: 0.0006047729775309563
[3, 231] loss: 0.00017094410955905914
[3, 232] loss: 0.0012459214031696319
[3, 233] loss: 5.883091129362583e-05
[3, 234] loss: 0.0004003939777612686
[3, 235] loss: 0.000843266174197197
[3, 236] loss: 0.00018970182165503502
[3, 237] loss: 0.00029988572001457217
[3, 238] loss: 0.0004126539081335068
[3, 239] loss: 0.00030831117182970045
[3, 240] loss: 0.0003746480122208595
[3, 241] loss: 0.0008880144357681274
[3, 242] loss: 0.000530652105808258
[3, 243] loss: 0.0006467591971158982
[3, 244] loss: 0.0004062555730342865
[3, 245] loss: 0.0014067889750003814
[3, 246] loss: 0.00048807553946971893
[3, 247] loss: 0.00010792221873998643
[3, 248] loss: 0.00019956622272729874
[3, 249] loss: 0.0010112376511096954
[3, 250] loss: 0.001502276211977005
[3, 251] loss: 0.00031192468479275705
[3, 252] loss: 0.0008596358448266983
[3, 253] loss: 0.0004112255945801735
[3, 254] loss: 0.0006504778563976288
[3, 255] loss: 0.0009741698205471039
[3, 256] loss: 0.00064896821975708
[3, 257] loss: 0.0007879606634378433
[3, 258] loss: 0.0008330881595611572
[3, 259] loss: 0.0014737677574157716
[3, 260] loss: 0.0002301487885415554
[3, 261] loss: 0.0009998445957899093
[3, 262] loss: 0.00032216083258390426
[3, 263] loss: 0.001831866204738617
[3, 264] loss: 0.0008758171647787094
[3, 265] loss: 0.0015923048555850983
[3, 266] loss: 0.001196555569767952
[3, 267] loss: 0.00023279896005988122
[3, 268] loss: 0.00028243988752365114
[3, 269] loss: 0.0003571752831339836
[3, 270] loss: 0.00014563072472810744
[3, 271] loss: 0.0012027719616889954
[3, 272] loss: 0.0005701891332864762
[3, 273] loss: 0.0019830480217933656
[3, 274] loss: 0.0004079694300889969
[3, 275] loss: 0.0006256346404552459
[3, 276] loss: 0.0009125085920095444
[3, 277] loss: 0.000456567220389843
[3, 278] loss: 0.0010996524989604949
[3, 279] loss: 5.7950350455939766e-05
[3, 280] loss: 0.001952393352985382
[3, 281] loss: 0.00034998856484889983
[3, 282] loss: 0.0005282382294535637
[3, 283] loss: 0.0007829352468252182
[3, 284] loss: 0.0005864069610834122
[3, 285] loss: 0.0001976574957370758
[3, 286] loss: 0.0012437085062265397
[3, 287] loss: 0.00037125278264284135
[3, 288] loss: 0.00027055561542510987
[3, 289] loss: 0.0006486422568559646
[3, 290] loss: 0.000245830062776804
[3, 291] loss: 0.0008239153772592545
[3, 292] loss: 0.000311276875436306
[3, 293] loss: 0.000346895232796669
[3, 294] loss: 0.0003557911515235901
[3, 295] loss: 0.0004677147790789604
[3, 296] loss: 0.00014185553416609764
[3, 297] loss: 0.0006252003461122513
[3, 298] loss: 0.0017348752915859222
[3, 299] loss: 0.0006396163254976273
[3, 300] loss: 0.00035762883722782133
[3, 301] loss: 0.0018299737572669984
[3, 302] loss: 4.734755028039217e-05
[3, 303] loss: 0.00034653645008802413
[3, 304] loss: 0.0004999584704637527
[3, 305] loss: 0.00013808295130729676
[3, 306] loss: 0.0007466417551040649
[3, 307] loss: 0.0024770735204219818
[3, 308] loss: 0.0006545086950063705
[3, 309] loss: 0.0002566306851804256
[3, 310] loss: 0.0007942492514848709
[3, 311] loss: 9.3477051705122e-05
[3, 312] loss: 0.00028634997084736824
[3, 313] loss: 0.0004691992700099945
[3, 314] loss: 0.0001801985129714012
[3, 315] loss: 7.874343544244766e-05
[3, 316] loss: 0.0006496643275022507
[3, 317] loss: 0.000690026506781578
[3, 318] loss: 0.0008552851527929306
[3, 319] loss: 0.00015925733372569085
[3, 320] loss: 0.000304843932390213
[3, 321] loss: 0.00015489012934267522
[3, 322] loss: 0.000591387189924717
[3, 323] loss: 0.00035212863236665725
[3, 324] loss: 8.149061352014542e-05
[3, 325] loss: 0.0013146871328353882
[3, 326] loss: 0.0022471094131469725
[3, 327] loss: 1.8716128543019296e-05
[3, 328] loss: 0.0002926437556743622
[3, 329] loss: 0.00016647370532155037
[3, 330] loss: 0.0004002957418560982
[3, 331] loss: 0.00012471020221710205
[3, 332] loss: 0.0007141727209091186
[3, 333] loss: 0.0006730109453201294
[3, 334] loss: 0.00024635657668113707
[3, 335] loss: 0.0006755030155181884
[3, 336] loss: 0.0008527751266956329
[3, 337] loss: 0.0018335343897342682
[3, 338] loss: 0.00043419405817985535
[3, 339] loss: 0.0003451763093471527
[3, 340] loss: 5.147636868059635e-05
[3, 341] loss: 0.00031837254762649535
[3, 342] loss: 0.0005986107885837554
[3, 343] loss: 0.0003556573390960693
[3, 344] loss: 0.00022634997963905335
[3, 345] loss: 0.0008163528889417648
[3, 346] loss: 0.0005543892830610275
[3, 347] loss: 0.0005637608096003533
[3, 348] loss: 0.0005917824059724808
[3, 349] loss: 0.00023928040638566018
[3, 350] loss: 0.0009475704282522202
[3, 351] loss: 0.00037261635065078736
[3, 352] loss: 0.0007786714285612106
[3, 353] loss: 0.00025921531021595
[3, 354] loss: 0.0001887771673500538
[3, 355] loss: 0.00013844667933881282
[3, 356] loss: 0.00027468375861644745
[3, 357] loss: 0.0002730217203497887
[3, 358] loss: 4.275214858353138e-05
[3, 359] loss: 9.434555657207966e-05
[3, 360] loss: 0.000357695110142231
[3, 361] loss: 0.0005952543392777443
[3, 362] loss: 0.00011253367178142071
[3, 363] loss: 0.0005163105204701423
[3, 364] loss: 0.0006999776512384415
[3, 365] loss: 0.0003965508192777634
[3, 366] loss: 0.0008815933018922806
[3, 367] loss: 0.00014781699515879155
[3, 368] loss: 0.0002778582461178303
[3, 369] loss: 0.0006057049706578255
[3, 370] loss: 0.0011282142251729966
[3, 371] loss: 0.00019781261682510375
[3, 372] loss: 0.00038353141397237775
[3, 373] loss: 0.0006689546257257462
[3, 374] loss: 0.00032306965440511706
[3, 375] loss: 0.0011719278991222382
[3, 376] loss: 0.0006053470447659492
[3, 377] loss: 3.670624457299709e-05
[3, 378] loss: 0.0018754762411117554
[3, 379] loss: 0.0006643935292959213
[3, 380] loss: 0.0008311977982521057
[3, 381] loss: 0.0010389096289873123
[3, 382] loss: 0.0003905298933386803
[3, 383] loss: 4.5766504481434825e-05
[3, 384] loss: 6.36719260364771e-05
[3, 385] loss: 0.0009093292057514191
[3, 386] loss: 9.496239013969898e-05
[3, 387] loss: 0.00023848412558436394
[3, 388] loss: 6.48969179019332e-05
[3, 389] loss: 0.0008550869673490524
[3, 390] loss: 0.0012332430481910705
[3, 391] loss: 0.0007168350368738175
[3, 392] loss: 0.0019417375326156617
[3, 393] loss: 0.0008147898316383362
[3, 394] loss: 0.000729033350944519
[3, 395] loss: 0.0005978823825716972
[3, 396] loss: 0.0006045561656355858
[3, 397] loss: 6.48559257388115e-05
[3, 398] loss: 0.0006629202514886856
[3, 399] loss: 0.000353366918861866
[3, 400] loss: 0.0008093412220478058
[3, 401] loss: 0.00011377155780792236
[3, 402] loss: 9.589209221303464e-05
[3, 403] loss: 0.00022826023399829864
[3, 404] loss: 0.00023985149338841437
[3, 405] loss: 0.003394487202167511
[3, 406] loss: 0.0005960506945848465
[3, 407] loss: 0.00036211691796779634
[3, 408] loss: 0.001325848251581192
[3, 409] loss: 0.0003246043249964714
[3, 410] loss: 0.0008625298738479614
[3, 411] loss: 0.0007821524888277054
[3, 412] loss: 0.00033434927463531493
[3, 413] loss: 0.0016371062397956848
[3, 414] loss: 0.0010753506422042846
[3, 415] loss: 0.0014034135639667512
[3, 416] loss: 0.0007195641100406646
[3, 417] loss: 0.000632811263203621
[3, 418] loss: 0.0007114598155021668
[3, 419] loss: 0.00010633192956447601
[3, 420] loss: 0.0008716680854558945
[3, 421] loss: 8.392068557441234e-05
[3, 422] loss: 0.0007941295951604843
[3, 423] loss: 0.000804198831319809
[3, 424] loss: 0.0001536017842590809
[3, 425] loss: 0.0007070611417293549
[3, 426] loss: 0.0009572847932577133
[3, 427] loss: 0.00033595331013202667
[3, 428] loss: 0.00039890799671411515
[3, 429] loss: 0.0019057269394397735
[3, 430] loss: 0.0006232432648539543
[3, 431] loss: 0.00023372163996100427
[3, 432] loss: 0.00011950138956308365
[3, 433] loss: 6.133502349257469e-05
[3, 434] loss: 0.00025869047269225123
[3, 435] loss: 0.0002944985404610634
[3, 436] loss: 0.001035122126340866
[3, 437] loss: 0.00022875715047121048
[3, 438] loss: 8.769778534770012e-05
[3, 439] loss: 0.001657567173242569
[3, 440] loss: 0.0011998797953128816
[3, 441] loss: 0.0010658226907253265
[3, 442] loss: 0.0004809994995594025
[3, 443] loss: 0.0002457870915532112
[3, 444] loss: 0.00038583025336265565
[3, 445] loss: 0.0004079481214284897
[3, 446] loss: 0.0005383024364709854
[3, 447] loss: 0.0014605619013309478
[3, 448] loss: 0.0005432481318712234
[3, 449] loss: 0.00031756442040205003
[3, 450] loss: 0.0001141646783798933
[3, 451] loss: 0.0004558094963431358
[3, 452] loss: 7.85753969103098e-05
[3, 453] loss: 0.00010262982919812203
[3, 454] loss: 0.00013536905869841577
[3, 455] loss: 7.425294257700444e-05
[3, 456] loss: 0.00017265038564801216
[3, 457] loss: 0.0001845317892730236
[3, 458] loss: 0.00060712069272995
[3, 459] loss: 0.001024230718612671
[3, 460] loss: 0.0007175829261541367
[3, 461] loss: 0.0003656375035643578
[3, 462] loss: 0.001522287279367447
[3, 463] loss: 0.0002938132919371128
[3, 464] loss: 0.0005259431526064873
[3, 465] loss: 0.00015356870368123056
[3, 466] loss: 0.0012297569215297698
[3, 467] loss: 0.001073378697037697
[3, 468] loss: 0.0001338459923863411
[3, 469] loss: 0.0008517742156982422
[3, 470] loss: 5.058377981185913e-05
[3, 471] loss: 0.00023048819974064828
[3, 472] loss: 0.00026224449276924134
[3, 473] loss: 0.000602208785712719
[3, 474] loss: 0.0003377170115709305
[3, 475] loss: 0.0001160847581923008
[3, 476] loss: 0.0002056824415922165
[3, 477] loss: 0.0005252498015761376
[3, 478] loss: 0.0005436836555600166
[3, 479] loss: 0.0005018302425742149
[3, 480] loss: 0.0009242943674325943
[3, 481] loss: 0.0022260981798172
[3, 482] loss: 0.00019331291317939759
[3, 483] loss: 2.632419811561704e-05
[3, 484] loss: 0.0008484303951263427
[3, 485] loss: 0.00021330535411834717
[3, 486] loss: 0.0009996744990348817
[3, 487] loss: 0.000913219079375267
[3, 488] loss: 0.0001096776407212019
[3, 489] loss: 0.0009646793454885483
[3, 490] loss: 0.0003156932070851326
[3, 491] loss: 0.00032776810228824616
[3, 492] loss: 0.0011553369462490083
[3, 493] loss: 0.0007355815917253494
[3, 494] loss: 0.0006507091969251633
[3, 495] loss: 0.0002813197113573551
[3, 496] loss: 0.0009728380292654038
[3, 497] loss: 0.0008038397878408432
[3, 498] loss: 0.0009774554520845414
[3, 499] loss: 0.0003168315812945366
[3, 500] loss: 0.0008120831102132797
[3, 501] loss: 0.00019116541370749472
[3, 502] loss: 0.0001303715631365776
[3, 503] loss: 0.0011392262578010558
[3, 504] loss: 0.000829634666442871
[3, 505] loss: 7.527547888457774e-05
[3, 506] loss: 0.00047687865793704986
[3, 507] loss: 0.0006758279353380203
[3, 508] loss: 0.00013479714281857013
[3, 509] loss: 0.00048820015043020247
[3, 510] loss: 0.000308706983923912
[3, 511] loss: 0.0003984575718641281
[3, 512] loss: 0.0003311309963464737
[3, 513] loss: 8.788447827100754e-05
[3, 514] loss: 0.00016122676432132722
[3, 515] loss: 0.0003615926206111908
[3, 516] loss: 7.818181999027729e-05
[3, 517] loss: 0.0008609072118997573
[3, 518] loss: 0.0003608580306172371
[3, 519] loss: 0.0009886306524276734
[3, 520] loss: 0.0006186824664473534
[3, 521] loss: 0.00027521805837750436
[3, 522] loss: 0.002027064859867096
[3, 523] loss: 0.0003838098794221878
[3, 524] loss: 4.635118413716555e-05
[3, 525] loss: 8.984643034636974e-05
[3, 526] loss: 0.00028161147609353067
[3, 527] loss: 4.90947300568223e-05
[3, 528] loss: 0.0006926900893449783
[3, 529] loss: 0.00036902163177728655
[3, 530] loss: 0.0006262792646884918
[3, 531] loss: 0.00029673086479306223
[3, 532] loss: 0.0005263779312372208
[3, 533] loss: 0.0002919759601354599
[3, 534] loss: 0.0001676265336573124
[3, 535] loss: 0.00013787479139864444
[3, 536] loss: 0.00010413569398224354
[3, 537] loss: 0.0012302818894386293
[3, 538] loss: 0.0007844170182943344
[3, 539] loss: 0.0011336641013622284
[3, 540] loss: 0.0005653019994497299
[3, 541] loss: 0.0007007064670324325
[3, 542] loss: 0.0006722281128168106
[3, 543] loss: 0.00040502004325389864
[3, 544] loss: 0.0004907005652785301
[3, 545] loss: 0.0009653186798095703
[3, 546] loss: 0.0002523329108953476
[3, 547] loss: 0.0013604944944381715
[3, 548] loss: 0.00017340097576379776
[3, 549] loss: 0.00033134296536445617
[3, 550] loss: 8.844153955578804e-05
[3, 551] loss: 4.349532071501017e-05
[3, 552] loss: 0.0013608841598033905
[3, 553] loss: 8.255219087004662e-05
[3, 554] loss: 0.0006931831687688828
[3, 555] loss: 0.00015800708904862405
[3, 556] loss: 0.000805133655667305
[3, 557] loss: 0.0002149810642004013
[3, 558] loss: 0.00016078261658549308
[3, 559] loss: 0.00015020216815173626
[3, 560] loss: 0.0004330889880657196
[3, 561] loss: 9.414194151759148e-05
[3, 562] loss: 0.0004642129316926003
[3, 563] loss: 0.0006127362325787544
[3, 564] loss: 0.000826725959777832
[3, 565] loss: 0.00018790166825056076
[3, 566] loss: 0.001068427413702011
[3, 567] loss: 0.00014268521219491957
[3, 568] loss: 0.002190665602684021
[3, 569] loss: 0.0004184623435139656
[3, 570] loss: 0.00010372348129749299
[3, 571] loss: 0.0021117444336414336
[3, 572] loss: 0.0006752462685108185
[3, 573] loss: 0.00040965382009744644
[3, 574] loss: 0.0006001243367791176
[3, 575] loss: 0.0003917845711112022
[3, 576] loss: 0.0006957749277353287
[3, 577] loss: 5.6252204813063146e-05
[3, 578] loss: 6.36934582144022e-05
[3, 579] loss: 0.0005667635053396225
[3, 580] loss: 5.334355868399143e-05
[3, 581] loss: 0.0005028519034385681
[3, 582] loss: 0.0007594145089387894
[3, 583] loss: 0.0006127038225531578
[3, 584] loss: 0.00022130021825432776
[3, 585] loss: 0.0008744819462299347
[3, 586] loss: 0.0004986522719264031
[3, 587] loss: 0.0017009019851684571
[3, 588] loss: 0.0007622236013412475
[3, 589] loss: 0.0006249000132083893
[3, 590] loss: 0.0004326866939663887
[3, 591] loss: 0.0003916802629828453
[3, 592] loss: 6.052063312381506e-05
[3, 593] loss: 0.0007878844439983368
[3, 594] loss: 6.465872284024953e-05
[3, 595] loss: 0.0002973673306405544
[3, 596] loss: 9.188602678477764e-05
[3, 597] loss: 0.0005548420175909996
[3, 598] loss: 0.0010046026855707168
[3, 599] loss: 7.602482102811336e-05
[3, 600] loss: 0.0005589691177010536
[3, 601] loss: 4.047205671668053e-05
[3, 602] loss: 0.0006634487211704254
[3, 603] loss: 0.00022511471062898635
[3, 604] loss: 0.0008019867539405822
[3, 605] loss: 0.00022887427359819413
[3, 606] loss: 8.544508367776871e-05
[3, 607] loss: 0.00011276517063379287
[3, 608] loss: 6.71981880441308e-05
[3, 609] loss: 6.174924783408642e-05
[3, 610] loss: 0.0002834928594529629
[3, 611] loss: 0.0001746314764022827
[3, 612] loss: 0.0005247186124324798
[3, 613] loss: 0.0006519823521375656
[3, 614] loss: 0.0007668187469244003
[3, 615] loss: 0.0006297927349805832
[3, 616] loss: 0.0002697964943945408
[3, 617] loss: 0.00046293769031763077
[3, 618] loss: 6.330026779323817e-05
[3, 619] loss: 0.00011740632355213165
[3, 620] loss: 0.00186191588640213
[3, 621] loss: 0.000438036136329174
[3, 622] loss: 0.00039298228919506075
[3, 623] loss: 0.0022980864346027374
[3, 624] loss: 0.001538769453763962
[3, 625] loss: 0.00011039136908948422
[3, 626] loss: 6.07613380998373e-05
[3, 627] loss: 0.000836678221821785
[3, 628] loss: 0.00040048625320196154
[3, 629] loss: 0.0013174271583557128
[3, 630] loss: 0.0004269196838140488
[3, 631] loss: 7.072221487760543e-05
[3, 632] loss: 0.0001966538652777672
[3, 633] loss: 0.0005100660771131516
[3, 634] loss: 0.0008274167776107788
[3, 635] loss: 0.0018476688861846925
[3, 636] loss: 0.0013471828401088715
[3, 637] loss: 0.000442904606461525
[3, 638] loss: 0.0008687490224838257
[3, 639] loss: 0.00013357928954064847
[3, 640] loss: 0.0002243119850754738
[3, 641] loss: 0.0002799205482006073
[3, 642] loss: 0.0003816593065857887
[3, 643] loss: 0.000405530072748661
[3, 644] loss: 0.0009452026337385177
[3, 645] loss: 0.0005567622929811477
[3, 646] loss: 0.0007634889334440231
[3, 647] loss: 0.00042435165494680404
[3, 648] loss: 0.0001141092274338007
[3, 649] loss: 0.0013265638053417206
[3, 650] loss: 0.0003492637723684311
[3, 651] loss: 3.733780235052109e-05
[3, 652] loss: 0.0005097374320030213
[3, 653] loss: 0.0003057415410876274
[3, 654] loss: 0.0006904513388872146
[3, 655] loss: 0.0010207214206457138
[3, 656] loss: 0.0007718742638826371
[3, 657] loss: 0.0009393143653869629
[3, 658] loss: 0.00020938074216246604
[3, 659] loss: 0.0009012565761804581
[3, 660] loss: 0.0001242531184107065
[3, 661] loss: 0.0007226673513650894
[3, 662] loss: 0.0005565683543682098
[3, 663] loss: 0.0001991458423435688
[3, 664] loss: 0.0002665811963379383
[3, 665] loss: 0.00044752612709999086
[3, 666] loss: 0.00041156131774187086
[3, 667] loss: 0.0001464448496699333
[3, 668] loss: 0.0008492836356163025
[3, 669] loss: 0.00017454711720347405
[3, 670] loss: 0.0003929611667990685
[3, 671] loss: 0.0002564191445708275
[3, 672] loss: 0.0002655880898237228
[3, 673] loss: 0.00023344354704022408
[3, 674] loss: 0.0018069502711296082
[3, 675] loss: 0.0030245554447174074
[3, 676] loss: 0.00010640768334269524
[3, 677] loss: 0.0009568411111831665
[3, 678] loss: 0.000910949781537056
[3, 679] loss: 0.000994618460536003
[3, 680] loss: 0.0028594961762428285
[3, 681] loss: 0.00016137853264808655
[3, 682] loss: 0.0013018161058425902
[3, 683] loss: 0.00012393508106470108
[3, 684] loss: 0.00047394320368766786
[3, 685] loss: 0.00014658952131867408
[3, 686] loss: 0.00014124803245067598
[3, 687] loss: 0.00029808906838297845
[3, 688] loss: 0.00021887414157390595
[3, 689] loss: 0.0006318312883377076
[3, 690] loss: 0.0012155871093273163
[3, 691] loss: 0.0003745876252651215
[3, 692] loss: 0.0010514260083436967
[3, 693] loss: 0.0022538228332996367
[3, 694] loss: 0.0005671767145395279
[3, 695] loss: 0.0002484502084553242
[3, 696] loss: 0.0008933073282241821
[3, 697] loss: 0.00022375229746103288
[3, 698] loss: 0.0017513100802898406
[3, 699] loss: 0.0010516467690467836
[3, 700] loss: 0.0009544786810874939
[3, 701] loss: 0.00017954995855689048
[3, 702] loss: 0.0010127287358045578
[3, 703] loss: 0.00040622897446155546
[3, 704] loss: 0.0015282703936100007
[3, 705] loss: 0.0006042954325675965
[3, 706] loss: 0.001636187881231308
[3, 707] loss: 0.0003842618316411972
[3, 708] loss: 0.0006497235596179962
[3, 709] loss: 0.0009258145093917847
[3, 710] loss: 0.0004247702285647392
[3, 711] loss: 0.00061099823564291
[3, 712] loss: 0.00024898424744606017
[3, 713] loss: 0.0017739062011241913
[3, 714] loss: 0.0003616835922002792
[3, 715] loss: 0.00015377954579889774
[3, 716] loss: 0.00011413013562560082
[3, 717] loss: 0.0008989755064249038
[3, 718] loss: 0.00034926068037748336
[3, 719] loss: 0.0004775991290807724
[3, 720] loss: 0.0005530402436852455
[3, 721] loss: 0.0005284002050757408
[3, 722] loss: 0.0001050723809748888
[3, 723] loss: 0.001946868747472763
[3, 724] loss: 0.00020255548879504203
[3, 725] loss: 0.00019385624676942825
[3, 726] loss: 0.00029353655874729155
[3, 727] loss: 0.00014138175174593925
[3, 728] loss: 0.0008847635984420777
[3, 729] loss: 0.001012786626815796
[3, 730] loss: 0.0007134261727333069
[3, 731] loss: 0.0002828037366271019
[3, 732] loss: 0.00034217093139886855
[3, 733] loss: 0.00018913567066192627
[3, 734] loss: 0.00013087485916912555
[3, 735] loss: 0.0003376704826951027
[3, 736] loss: 0.0006331633776426315
[3, 737] loss: 0.000356387086212635
[3, 738] loss: 0.00011436017230153084
[3, 739] loss: 0.0005291819572448731
[3, 740] loss: 0.00010682404972612858
[3, 741] loss: 8.063237182796002e-05
[3, 742] loss: 0.0010498567670583726
[3, 743] loss: 0.0002385156974196434
[3, 744] loss: 0.00011081183329224587
[3, 745] loss: 0.00014262628741562366
[3, 746] loss: 0.0005271966010332108
[3, 747] loss: 0.00013482657261192798
[3, 748] loss: 0.0004501395672559738
[3, 749] loss: 7.794945500791073e-05
[3, 750] loss: 0.0003253992274403572
[3, 751] loss: 0.0002866559475660324
[3, 752] loss: 8.99315532296896e-05
[3, 753] loss: 0.00010888382792472839
[3, 754] loss: 0.00016577545553445817
[3, 755] loss: 0.002529521882534027
[3, 756] loss: 0.0006498413532972336
[3, 757] loss: 0.0006234146654605866
[3, 758] loss: 0.0006881830096244812
[3, 759] loss: 0.00034574925899505615
[3, 760] loss: 0.0009191331267356873
[3, 761] loss: 0.0003881635144352913
[3, 762] loss: 0.0016842782497406006
[3, 763] loss: 0.000273507721722126
[3, 764] loss: 0.0015868651866912842
[3, 765] loss: 0.001008051559329033
[3, 766] loss: 2.5135730393230915e-05
[3, 767] loss: 0.00024354184046387672
[3, 768] loss: 0.0001853030174970627
[3, 769] loss: 0.0014151427149772643
[3, 770] loss: 0.00040644727647304535
[3, 771] loss: 0.0008122975379228592
[3, 772] loss: 0.0016835449635982512
[3, 773] loss: 0.0005002684518694878
[3, 774] loss: 0.0003470171615481377
[3, 775] loss: 0.00016589460894465447
[3, 776] loss: 4.3950253166258334e-05
[3, 777] loss: 0.00047212861478328704
[3, 778] loss: 0.0004456032440066338
[3, 779] loss: 0.001017262414097786
[3, 780] loss: 0.0004827745258808136
[3, 781] loss: 0.00042971115559339526
[3, 782] loss: 0.0010999666154384612
[3, 783] loss: 0.00010578593239188194
[3, 784] loss: 0.00038313843309879304
[3, 785] loss: 0.0014074355363845824
[3, 786] loss: 0.00018558762967586518
[3, 787] loss: 0.001175267994403839
[3, 788] loss: 0.00326834112405777
[3, 789] loss: 0.0002508129365742207
[3, 790] loss: 0.00022088080644607543
[3, 791] loss: 0.00011307340115308762
[3, 792] loss: 0.00043028194457292554
[3, 793] loss: 0.00033290695399045944
[3, 794] loss: 0.00018634555861353873
[3, 795] loss: 0.0004424428939819336
[3, 796] loss: 0.0013150864839553834
[3, 797] loss: 0.0008662953972816467
[3, 798] loss: 0.00038062233477830886
[3, 799] loss: 0.0004187946394085884
[3, 800] loss: 0.00013140969909727573
[3, 801] loss: 0.0008565793186426163
[3, 802] loss: 0.0004307195916771889
[3, 803] loss: 0.00039456650614738464
[3, 804] loss: 7.616767194122075e-05
[3, 805] loss: 0.00114653080701828
[3, 806] loss: 0.00046410493552684784
[3, 807] loss: 0.0004169229790568352
[3, 808] loss: 0.0017654822766780852
[3, 809] loss: 0.0013513144850730895
[3, 810] loss: 0.0007598431408405304
[3, 811] loss: 0.0005550442263484001
[3, 812] loss: 0.0008121033757925033
[3, 813] loss: 0.0009247995167970658
[3, 814] loss: 0.0004689877852797508
[3, 815] loss: 0.0003619205951690674
[3, 816] loss: 0.0011607865244150162
[3, 817] loss: 0.0005857399478554725
[3, 818] loss: 0.0009281983226537704
[3, 819] loss: 0.00019533680751919745
[3, 820] loss: 0.0002554807625710964
[3, 821] loss: 0.0011366000771522522
[3, 822] loss: 0.0008786569535732269
[3, 823] loss: 0.0005268356949090958
[3, 824] loss: 0.0006033939868211746
[3, 825] loss: 0.0004237794876098633
[3, 826] loss: 0.0010401907563209534
[3, 827] loss: 0.0006531589478254318
[3, 828] loss: 0.00012968387454748154
[3, 829] loss: 0.002624444365501404
[3, 830] loss: 5.19088888540864e-05
[3, 831] loss: 0.0002648762613534927
[3, 832] loss: 0.0011662806570529938
[3, 833] loss: 0.0003354080766439438
[3, 834] loss: 0.0012715582549571991
[3, 835] loss: 0.0002605198509991169
[3, 836] loss: 0.0008090936392545701
[3, 837] loss: 0.00022888945415616035
[3, 838] loss: 0.0002482658252120018
[3, 839] loss: 0.0002824947237968445
[3, 840] loss: 0.00041669581085443494
[3, 841] loss: 0.00034079410135746
[3, 842] loss: 0.0009864047169685364
[3, 843] loss: 0.00033517405390739443
[3, 844] loss: 9.612227790057659e-05
[3, 845] loss: 0.0012128023058176041
[3, 846] loss: 0.0008013930916786194
[3, 847] loss: 0.00015265067107975483
[3, 848] loss: 0.00021073177456855773
[3, 849] loss: 7.784577086567878e-05
[3, 850] loss: 0.0005594107881188393
[3, 851] loss: 0.0009370282292366028
[3, 852] loss: 0.00030170630663633346
[3, 853] loss: 0.00012020867317914963
[3, 854] loss: 0.0005560203269124031
[3, 855] loss: 0.0001821029931306839
[3, 856] loss: 0.000803503841161728
[3, 857] loss: 0.0005040475353598595
[3, 858] loss: 0.00155854731798172
[3, 859] loss: 0.0014156988263130188
[3, 860] loss: 0.00023405194282531737
[3, 861] loss: 0.0016014395654201507
[3, 862] loss: 0.00045613028109073637
[3, 863] loss: 0.00012966175563633442
[3, 864] loss: 0.0007082612067461014
[3, 865] loss: 0.0005215730145573616
[3, 866] loss: 0.0003157403320074081
[3, 867] loss: 8.509763516485691e-05
[3, 868] loss: 0.0007957402616739273
[3, 869] loss: 0.000829877257347107
[3, 870] loss: 0.00022332390770316124
[3, 871] loss: 0.0016593821346759796
[3, 872] loss: 0.00013153865933418274
[3, 873] loss: 0.0001692616194486618
[3, 874] loss: 0.00022541971877217292
[3, 875] loss: 4.2956108227372167e-05
[3, 876] loss: 0.0005195289850234985
[3, 877] loss: 0.0006980542093515396
[3, 878] loss: 0.0007928241789340973
[3, 879] loss: 9.581391699612141e-05
[3, 880] loss: 0.0005008566379547119
[3, 881] loss: 0.0007514894753694535
[3, 882] loss: 0.0001237274520099163
[3, 883] loss: 0.00041289690881967544
[3, 884] loss: 0.0001776784472167492
[3, 885] loss: 0.0014234764873981476
[3, 886] loss: 0.0011480557918548584
[3, 887] loss: 0.0002975728362798691
[3, 888] loss: 0.0007909778505563736
[3, 889] loss: 0.00025082018226385116
[3, 890] loss: 0.0002145971916615963
[3, 891] loss: 0.00044544566422700883
[3, 892] loss: 0.00044204428791999817
[3, 893] loss: 0.0014465962350368499
[3, 894] loss: 0.0005150043964385986
[3, 895] loss: 0.00019835775718092917
[3, 896] loss: 0.00022149579599499701
[3, 897] loss: 0.0007755207270383835
[3, 898] loss: 0.00015333037823438644
[3, 899] loss: 0.0003621645271778107
[3, 900] loss: 6.596174091100693e-05
[3, 901] loss: 0.0007811236381530762
[3, 902] loss: 0.0003167193382978439
[3, 903] loss: 0.00020011750981211663
[3, 904] loss: 0.0006410147249698638
[3, 905] loss: 0.00018270328640937806
[3, 906] loss: 0.00023083560168743133
[3, 907] loss: 0.00057051170617342
[3, 908] loss: 0.0006939969211816788
[3, 909] loss: 0.00013877754099667072
[3, 910] loss: 0.00022836022078990937
[3, 911] loss: 0.00017504170536994935
[3, 912] loss: 7.691240403801203e-05
[3, 913] loss: 0.00012299772351980208
[3, 914] loss: 0.0005086204782128334
[3, 915] loss: 0.0002867075614631176
[3, 916] loss: 0.0004144763946533203
[3, 917] loss: 0.0013229981064796447
[3, 918] loss: 0.0011786343902349472
[3, 919] loss: 0.0018698728084564208
[3, 920] loss: 0.0019691379368305204
[3, 921] loss: 0.0013865792751312255
[3, 922] loss: 0.00042330577969551086
[3, 923] loss: 0.0001831069216132164
[3, 924] loss: 0.0001511726900935173
[3, 925] loss: 0.00013739631511271
[3, 926] loss: 0.00016878487542271615
[3, 927] loss: 0.000583762526512146
[3, 928] loss: 0.00023726630955934525
[3, 929] loss: 0.0014103057980537415
[3, 930] loss: 0.0002531761862337589
[3, 931] loss: 2.1891421638429165e-05
[3, 932] loss: 0.0006149694696068763
[3, 933] loss: 0.0005086340755224228
[3, 934] loss: 0.00021747075021266937
[3, 935] loss: 0.000377509668469429
[3, 936] loss: 0.0015204785764217376
[3, 937] loss: 0.001543179303407669
[4, 0] loss: 0.001194586530327797
[4, 1] loss: 0.00010061191394925118
[4, 2] loss: 5.553597118705511e-05
[4, 3] loss: 0.00031788740307092667
[4, 4] loss: 0.000403960719704628
[4, 5] loss: 0.00011106821708381176
[4, 6] loss: 0.0012808246910572052
[4, 7] loss: 0.0006222902983427048
[4, 8] loss: 0.0011607544124126435
[4, 9] loss: 0.0008386819064617157
[4, 10] loss: 0.0003370805084705353
[4, 11] loss: 8.623011410236359e-05
[4, 12] loss: 0.0005429194122552872
[4, 13] loss: 4.352462477982044e-05
[4, 14] loss: 0.0012356474995613097
[4, 15] loss: 0.0004683730378746986
[4, 16] loss: 0.0005656376481056214
[4, 17] loss: 0.00032674886286258696
[4, 18] loss: 0.00036959268152713775
[4, 19] loss: 0.0003283802792429924
[4, 20] loss: 0.00012160890735685826
[4, 21] loss: 0.0002891364321112633
[4, 22] loss: 8.062414824962616e-05
[4, 23] loss: 0.00045489948242902754
[4, 24] loss: 0.0007980118691921234
[4, 25] loss: 0.0001800694316625595
[4, 26] loss: 0.0005232224240899086
[4, 27] loss: 0.00028764480724930764
[4, 28] loss: 0.0004057043790817261
[4, 29] loss: 5.383872427046299e-05
[4, 30] loss: 0.00023436274379491805
[4, 31] loss: 0.0005863068997859955
[4, 32] loss: 0.0001338454522192478
[4, 33] loss: 0.0013643884658813476
[4, 34] loss: 0.0005113878473639488
[4, 35] loss: 4.358924925327301e-05
[4, 36] loss: 0.0008505719900131225
[4, 37] loss: 0.0022205634415149687
[4, 38] loss: 0.001064399853348732
[4, 39] loss: 0.002463049739599228
[4, 40] loss: 9.091252461075783e-05
[4, 41] loss: 0.0006186607480049134
[4, 42] loss: 0.00010813123546540737
[4, 43] loss: 0.00018685692921280861
[4, 44] loss: 0.0014590376615524292
[4, 45] loss: 0.0009822779148817061
[4, 46] loss: 6.272579077631234e-05
[4, 47] loss: 0.00036913838237524033
[4, 48] loss: 0.0007390736788511276
[4, 49] loss: 0.0011360489577054978
[4, 50] loss: 0.0001999477669596672
[4, 51] loss: 0.00033589292317628863
[4, 52] loss: 4.259565845131874e-05
[4, 53] loss: 9.598915465176106e-05
[4, 54] loss: 0.00039663881063461303
[4, 55] loss: 0.0008784644305706024
[4, 56] loss: 0.0001782015897333622
[4, 57] loss: 0.0003921791538596153
[4, 58] loss: 9.241458959877491e-05
[4, 59] loss: 0.00015653803944587708
[4, 60] loss: 4.403875675052404e-05
[4, 61] loss: 0.0006695767492055893
[4, 62] loss: 0.0010453706234693526
[4, 63] loss: 0.0002741818316280842
[4, 64] loss: 0.0006682054698467255
[4, 65] loss: 9.34781227260828e-05
[4, 66] loss: 0.0008105745166540146
[4, 67] loss: 0.0013010330498218537
[4, 68] loss: 0.000361674390733242
[4, 69] loss: 0.0018408314883708954
[4, 70] loss: 0.000800015926361084
[4, 71] loss: 0.000616878941655159
[4, 72] loss: 0.0005228862166404725
[4, 73] loss: 9.52237844467163e-05
[4, 74] loss: 0.00017814505845308303
[4, 75] loss: 0.0003076840005815029
[4, 76] loss: 0.00024023422971367837
[4, 77] loss: 0.0009680184721946717
[4, 78] loss: 0.00027840228751301765
[4, 79] loss: 0.00018359921872615815
[4, 80] loss: 0.0010670974850654602
[4, 81] loss: 5.495716817677021e-05
[4, 82] loss: 0.00018292540684342385
[4, 83] loss: 0.0009864728897809982
[4, 84] loss: 0.00013690964318811892
[4, 85] loss: 0.0004532158002257347
[4, 86] loss: 0.0009460300207138062
[4, 87] loss: 0.00021033382043242455
[4, 88] loss: 0.0002351478673517704
[4, 89] loss: 0.00021617446094751358
[4, 90] loss: 9.480921551585197e-05
[4, 91] loss: 5.496896803379059e-05
[4, 92] loss: 0.0013281524181365967
[4, 93] loss: 0.00010398325510323047
[4, 94] loss: 0.00041008733212947844
[4, 95] loss: 0.0008251719176769256
[4, 96] loss: 0.00026850143447518346
[4, 97] loss: 8.381397463381291e-05
[4, 98] loss: 0.00022898051887750625
[4, 99] loss: 5.5286949500441554e-05
[4, 100] loss: 0.00014381259679794312
[4, 101] loss: 0.0005936576798558235
[4, 102] loss: 0.00014716207049787045
[4, 103] loss: 9.115907363593578e-05
[4, 104] loss: 0.0002017730288207531
[4, 105] loss: 0.0004577662795782089
[4, 106] loss: 0.00012481657788157463
[4, 107] loss: 0.0002868727780878544
[4, 108] loss: 0.0026229846477508543
[4, 109] loss: 2.644430147483945e-05
[4, 110] loss: 0.00048173334449529647
[4, 111] loss: 0.0006531897187232971
[4, 112] loss: 0.0009181031584739685
[4, 113] loss: 0.00107325479388237
[4, 114] loss: 0.0010520748049020767
[4, 115] loss: 0.0002742007561028004
[4, 116] loss: 0.0005978407338261604
[4, 117] loss: 8.98532196879387e-05
[4, 118] loss: 0.0005298400670289993
[4, 119] loss: 0.00021559758111834527
[4, 120] loss: 0.00026957537978887557
[4, 121] loss: 0.0004734015092253685
[4, 122] loss: 0.0001470355223864317
[4, 123] loss: 0.0007612075656652451
[4, 124] loss: 0.00010245807468891144
[4, 125] loss: 0.0016999177634716034
[4, 126] loss: 0.0006276032328605652
[4, 127] loss: 0.0005531173944473267
[4, 128] loss: 0.0008937705308198929
[4, 129] loss: 0.00037958279252052306
[4, 130] loss: 0.0003099869005382061
[4, 131] loss: 0.0006414033472537994
[4, 132] loss: 0.0008298894762992859
[4, 133] loss: 0.0007556206732988358
[4, 134] loss: 0.00014431563206017018
[4, 135] loss: 0.001282605081796646
[4, 136] loss: 0.00045396018773317335
[4, 137] loss: 0.000711657777428627
[4, 138] loss: 0.0007654623687267303
[4, 139] loss: 0.0004703134298324585
[4, 140] loss: 0.00038906067609786985
[4, 141] loss: 0.00018759885802865028
[4, 142] loss: 0.0002906787395477295
[4, 143] loss: 0.00040725301951169965
[4, 144] loss: 0.00047753818333148954
[4, 145] loss: 0.00034656472504138945
[4, 146] loss: 0.00028921587392687797
[4, 147] loss: 0.00020344223827123642
[4, 148] loss: 6.349826697260141e-05
[4, 149] loss: 0.0009036712348461151
[4, 150] loss: 0.00016844283789396286
[4, 151] loss: 0.00014179657213389874
[4, 152] loss: 0.001710423231124878
[4, 153] loss: 0.0005342350527644158
[4, 154] loss: 0.0002475263178348541
[4, 155] loss: 0.00021687094122171401
[4, 156] loss: 0.00036427751183509827
[4, 157] loss: 0.00014492029324173928
[4, 158] loss: 0.0009349950402975083
[4, 159] loss: 0.00035746704787015916
[4, 160] loss: 0.001492043137550354
[4, 161] loss: 0.00015922857448458672
[4, 162] loss: 0.001619180738925934
[4, 163] loss: 0.0004853764921426773
[4, 164] loss: 0.0017431625723838807
[4, 165] loss: 0.00014846934005618095
[4, 166] loss: 0.0003804853558540344
[4, 167] loss: 0.0007878285646438598
[4, 168] loss: 0.002102067470550537
[4, 169] loss: 0.0010865338146686554
[4, 170] loss: 0.0006763602048158646
[4, 171] loss: 0.00018282581120729447
[4, 172] loss: 0.0003290091827511787
[4, 173] loss: 0.0005093241482973099
[4, 174] loss: 0.00013903204351663589
[4, 175] loss: 0.00022632665932178497
[4, 176] loss: 0.00038967475295066835
[4, 177] loss: 0.0003982115164399147
[4, 178] loss: 0.00045572657138109207
[4, 179] loss: 0.00044902872294187544
[4, 180] loss: 0.0012019544094800949
[4, 181] loss: 0.00059984240680933
[4, 182] loss: 0.0007787312567234039
[4, 183] loss: 0.00017663510516285896
[4, 184] loss: 0.0007983012497425079
[4, 185] loss: 0.00034886706620454786
[4, 186] loss: 0.0014416903257369995
[4, 187] loss: 0.00017856845632195474
[4, 188] loss: 0.00011053760536015034
[4, 189] loss: 0.00017623547464609146
[4, 190] loss: 0.0003384312242269516
[4, 191] loss: 0.0006880328804254532
[4, 192] loss: 0.0005608925223350525
[4, 193] loss: 0.0002194206789135933
[4, 194] loss: 0.0005354427546262741
[4, 195] loss: 0.00026150768622756003
[4, 196] loss: 4.5167459174990656e-05
[4, 197] loss: 0.0003395577147603035
[4, 198] loss: 0.00047110658138990405
[4, 199] loss: 0.00016313670203089715
[4, 200] loss: 0.0003551150858402252
[4, 201] loss: 0.0004918520897626877
[4, 202] loss: 0.0002686816081404686
[4, 203] loss: 0.00021788366138935088
[4, 204] loss: 0.0005240002274513244
[4, 205] loss: 0.0003746718540787697
[4, 206] loss: 0.0003780524432659149
[4, 207] loss: 6.461174227297306e-05
[4, 208] loss: 0.00014635033905506135
[4, 209] loss: 0.00013842226937413216
[4, 210] loss: 3.0153344850987197e-05
[4, 211] loss: 0.00010585661977529525
[4, 212] loss: 0.0013816054165363312
[4, 213] loss: 0.000704951137304306
[4, 214] loss: 0.0006419134885072708
[4, 215] loss: 0.00011116991750895976
[4, 216] loss: 0.00011777323670685292
[4, 217] loss: 0.0006169135496020317
[4, 218] loss: 0.0012247882783412932
[4, 219] loss: 0.0007299298793077469
[4, 220] loss: 0.0005397088453173637
[4, 221] loss: 0.0003009873256087303
[4, 222] loss: 0.0003256010264158249
[4, 223] loss: 0.00037477500736713407
[4, 224] loss: 0.00045825906097888945
[4, 225] loss: 0.000211105328053236
[4, 226] loss: 4.170985426753759e-05
[4, 227] loss: 0.0014463724195957184
[4, 228] loss: 0.0006177882850170135
[4, 229] loss: 0.001307329684495926
[4, 230] loss: 0.00039722751826047896
[4, 231] loss: 0.000955490693449974
[4, 232] loss: 0.0002485703118145466
[4, 233] loss: 5.773394368588924e-05
[4, 234] loss: 0.0008448567986488342
[4, 235] loss: 0.0008319611102342605
[4, 236] loss: 0.0001648031361401081
[4, 237] loss: 0.0003607746958732605
[4, 238] loss: 0.0004569440335035324
[4, 239] loss: 0.0003357722982764244
[4, 240] loss: 0.0002927728556096554
[4, 241] loss: 0.002273176163434982
[4, 242] loss: 0.0002239762619137764
[4, 243] loss: 0.00016567835584282875
[4, 244] loss: 0.00015860369428992273
[4, 245] loss: 0.000427982397377491
[4, 246] loss: 0.0009457189589738846
[4, 247] loss: 0.0018281134963035583
[4, 248] loss: 0.00037313789129257203
[4, 249] loss: 3.2558636739850044e-05
[4, 250] loss: 9.816765785217285e-05
[4, 251] loss: 6.765796802937985e-05
[4, 252] loss: 0.0007093539088964462
[4, 253] loss: 0.00013849337585270405
[4, 254] loss: 0.0001843937486410141
[4, 255] loss: 0.00039145175367593765
[4, 256] loss: 0.00035689964890480043
[4, 257] loss: 0.00036403674632310866
[4, 258] loss: 0.0020183131098747255
[4, 259] loss: 0.001398937851190567
[4, 260] loss: 0.00017629072070121765
[4, 261] loss: 0.0003980535268783569
[4, 262] loss: 0.000265253409743309
[4, 263] loss: 0.0011878439784049988
[4, 264] loss: 0.0009525237232446671
[4, 265] loss: 0.0006138486787676811
[4, 266] loss: 0.0012704791128635407
[4, 267] loss: 0.0001771417073905468
[4, 268] loss: 0.0007807102054357528
[4, 269] loss: 0.00018975667655467986
[4, 270] loss: 0.000754443034529686
[4, 271] loss: 5.3087165579199794e-05
[4, 272] loss: 0.0005054089799523354
[4, 273] loss: 0.0012284675240516662
[4, 274] loss: 0.001382340043783188
[4, 275] loss: 0.0001612141914665699
[4, 276] loss: 0.0005872230604290962
[4, 277] loss: 0.0004653972014784813
[4, 278] loss: 0.0010836388170719147
[4, 279] loss: 0.0012432464957237244
[4, 280] loss: 0.00016471799463033677
[4, 281] loss: 0.0004467260465025902
[4, 282] loss: 0.00068496473133564
[4, 283] loss: 0.0005280488356947899
[4, 284] loss: 0.0004049025475978851
[4, 285] loss: 0.00012476583942770957
[4, 286] loss: 0.0008190152794122696
[4, 287] loss: 0.00024954911321401597
[4, 288] loss: 0.00021335376426577567
[4, 289] loss: 0.00011585311032831669
[4, 290] loss: 0.0002806217595934868
[4, 291] loss: 0.000587354265153408
[4, 292] loss: 0.0002740958519279957
[4, 293] loss: 0.00022780375555157663
[4, 294] loss: 0.00019620271399617195
[4, 295] loss: 0.0007788670063018798
[4, 296] loss: 0.00023892564699053764
[4, 297] loss: 0.00021820688620209693
[4, 298] loss: 0.0008555564284324646
[4, 299] loss: 0.00023433448746800422
[4, 300] loss: 0.0009685225039720535
[4, 301] loss: 0.0005123855546116829
[4, 302] loss: 0.00019062714651226997
[4, 303] loss: 3.162049455568194e-05
[4, 304] loss: 0.0004940457642078399
[4, 305] loss: 3.750281874090433e-05
[4, 306] loss: 0.0006387159973382949
[4, 307] loss: 0.0009552475064992904
[4, 308] loss: 0.00045982565730810163
[4, 309] loss: 2.878424245864153e-05
[4, 310] loss: 0.00014437880367040634
[4, 311] loss: 0.00023251460865139962
[4, 312] loss: 0.00021563276648521425
[4, 313] loss: 0.0004597415030002594
[4, 314] loss: 0.0005185533687472343
[4, 315] loss: 0.00016086483374238013
[4, 316] loss: 0.00019861452281475067
[4, 317] loss: 0.00028517574071884155
[4, 318] loss: 8.952545002102852e-05
[4, 319] loss: 0.000186223853379488
[4, 320] loss: 0.001167408674955368
[4, 321] loss: 0.00019397195428609847
[4, 322] loss: 0.0004963206127285957
[4, 323] loss: 0.0005120732635259628
[4, 324] loss: 3.8308314979076384e-05
[4, 325] loss: 0.00021793313324451448
[4, 326] loss: 0.0004687105491757393
[4, 327] loss: 0.0001503450609743595
[4, 328] loss: 0.0004870808869600296
[4, 329] loss: 0.0003068305924534798
[4, 330] loss: 0.0008402018994092942
[4, 331] loss: 0.0005746161565184593
[4, 332] loss: 0.0004355842247605324
[4, 333] loss: 0.00014245904050767423
[4, 334] loss: 0.0008120361715555191
[4, 335] loss: 0.00032309964299201963
[4, 336] loss: 7.659958209842444e-05
[4, 337] loss: 0.0005001674965023995
[4, 338] loss: 0.00014356779865920544
[4, 339] loss: 0.00010068846866488457
[4, 340] loss: 0.0007959263771772384
[4, 341] loss: 0.0006292668730020523
[4, 342] loss: 0.0006004608049988747
[4, 343] loss: 0.0001377404108643532
[4, 344] loss: 0.0002090361900627613
[4, 345] loss: 0.00014905791729688645
[4, 346] loss: 0.0013134755194187165
[4, 347] loss: 0.00022563904523849486
[4, 348] loss: 0.001529160737991333
[4, 349] loss: 0.0001138736866414547
[4, 350] loss: 0.0005892433226108551
[4, 351] loss: 0.00017859751358628273
[4, 352] loss: 4.60137240588665e-05
[4, 353] loss: 9.655597386881709e-06
[4, 354] loss: 0.0007587086409330368
[4, 355] loss: 0.00011149872094392776
[4, 356] loss: 0.00034600771963596346
[4, 357] loss: 0.0001627037301659584
[4, 358] loss: 0.0016685661673545838
[4, 359] loss: 0.0006818073987960815
[4, 360] loss: 0.0002691035531461239
[4, 361] loss: 0.0001475775893777609
[4, 362] loss: 0.0012479362636804582
[4, 363] loss: 0.0005223394185304642
[4, 364] loss: 0.00017988633364439012
[4, 365] loss: 0.00014218402095139026
[4, 366] loss: 0.000361843965947628
[4, 367] loss: 0.0003128649666905403
[4, 368] loss: 4.464327357709408e-05
[4, 369] loss: 8.975590579211712e-05
[4, 370] loss: 0.0001791403628885746
[4, 371] loss: 0.00020554859191179275
[4, 372] loss: 0.0015109854936599732
[4, 373] loss: 0.0006115379929542542
[4, 374] loss: 0.0009261878579854965
[4, 375] loss: 0.0006021521985530853
[4, 376] loss: 0.00021179577335715295
[4, 377] loss: 0.0006513968855142593
[4, 378] loss: 0.00010800067335367202
[4, 379] loss: 0.0001799536310136318
[4, 380] loss: 0.0011266373097896577
[4, 381] loss: 0.000260840579867363
[4, 382] loss: 0.00014194028452038765
[4, 383] loss: 0.0002439139038324356
[4, 384] loss: 0.0002807978168129921
[4, 385] loss: 0.0002796849235892296
[4, 386] loss: 0.00034911233931779863
[4, 387] loss: 0.0004570383578538895
[4, 388] loss: 0.0007672296464443207
[4, 389] loss: 0.0013043081760406494
[4, 390] loss: 0.00010679248720407486
[4, 391] loss: 0.0005595089867711067
[4, 392] loss: 0.0002196943573653698
[4, 393] loss: 0.000760594829916954
[4, 394] loss: 6.463393103331327e-05
[4, 395] loss: 0.00039877902716398237
[4, 396] loss: 0.0004398263245820999
[4, 397] loss: 0.0007097195833921432
[4, 398] loss: 0.00024976478889584543
[4, 399] loss: 9.329942055046559e-05
[4, 400] loss: 0.00012273061089217662
[4, 401] loss: 0.000767453983426094
[4, 402] loss: 0.0015252931416034699
[4, 403] loss: 0.00021871283650398254
[4, 404] loss: 0.00018507540225982667
[4, 405] loss: 0.0015163810551166535
[4, 406] loss: 0.00019302859902381897
[4, 407] loss: 0.0003260156139731407
[4, 408] loss: 0.000743066817522049
[4, 409] loss: 0.000747319832444191
[4, 410] loss: 0.00043430868536233904
[4, 411] loss: 0.0005463083088397979
[4, 412] loss: 0.0003708413615822792
[4, 413] loss: 0.00028834372758865354
[4, 414] loss: 0.0008795993030071259
[4, 415] loss: 0.0002267380990087986
[4, 416] loss: 0.0003453834354877472
[4, 417] loss: 0.0006592132151126862
[4, 418] loss: 0.0005122215300798417
[4, 419] loss: 4.893336910754442e-05
[4, 420] loss: 8.250117301940919e-05
[4, 421] loss: 0.001011902242898941
[4, 422] loss: 0.00037936657667160035
[4, 423] loss: 0.00012561174109578131
[4, 424] loss: 0.000840274840593338
[4, 425] loss: 0.00034272443503141403
[4, 426] loss: 0.00014987194910645485
[4, 427] loss: 0.000241197869181633
[4, 428] loss: 0.0009283697605133056
[4, 429] loss: 0.00033503588289022444
[4, 430] loss: 0.0012938176095485688
[4, 431] loss: 0.00017664814367890358
[4, 432] loss: 0.0002910614386200905
[4, 433] loss: 0.000719623863697052
[4, 434] loss: 0.0014816448092460632
[4, 435] loss: 0.0016022485494613648
[4, 436] loss: 0.00011018993332982063
[4, 437] loss: 0.0009073404222726822
[4, 438] loss: 8.025825023651123e-05
[4, 439] loss: 0.0002884293161332607
[4, 440] loss: 0.0003082187473773956
[4, 441] loss: 0.0004399425536394119
[4, 442] loss: 8.640134707093239e-05
[4, 443] loss: 0.0015402929484844207
[4, 444] loss: 0.00014982075430452823
[4, 445] loss: 0.0013767078518867493
[4, 446] loss: 0.0008113691955804825
[4, 447] loss: 0.00012946716509759426
[4, 448] loss: 8.361173793673515e-05
[4, 449] loss: 0.0011300481110811233
[4, 450] loss: 0.0004681850224733353
[4, 451] loss: 7.522860076278448e-05
[4, 452] loss: 0.0014706654846668244
[4, 453] loss: 0.0012819986045360565
[4, 454] loss: 0.0004188671708106995
[4, 455] loss: 0.00017973531037569047
[4, 456] loss: 0.0006217145919799804
[4, 457] loss: 0.0002646244131028652
[4, 458] loss: 0.00013032909482717513
[4, 459] loss: 0.0017526334524154664
[4, 460] loss: 0.00048509504646062853
[4, 461] loss: 0.0001004529744386673
[4, 462] loss: 0.0006539288163185119
[4, 463] loss: 0.00014900216832756995
[4, 464] loss: 0.0006331592053174973
[4, 465] loss: 0.00047290779650211335
[4, 466] loss: 0.00012202140875160695
[4, 467] loss: 0.0006374608725309372
[4, 468] loss: 0.0004524439573287964
[4, 469] loss: 0.0005509528890252114
[4, 470] loss: 0.00029687654227018357
[4, 471] loss: 0.0002108510583639145
[4, 472] loss: 0.00040556956082582474
[4, 473] loss: 0.0010775338858366012
[4, 474] loss: 0.0002961725741624832
[4, 475] loss: 7.573870010674e-05
[4, 476] loss: 0.00028016528114676475
[4, 477] loss: 8.165724575519562e-05
[4, 478] loss: 0.0005536872521042824
[4, 479] loss: 5.4135206155478955e-05
[4, 480] loss: 0.00018991045653820037
[4, 481] loss: 0.0004121490567922592
[4, 482] loss: 0.0008752465248107911
[4, 483] loss: 0.000615248829126358
[4, 484] loss: 0.00013166454620659352
[4, 485] loss: 0.0002873418852686882
[4, 486] loss: 6.649959366768599e-05
[4, 487] loss: 0.0004635198786854744
[4, 488] loss: 0.0003184739500284195
[4, 489] loss: 0.0007239098846912384
[4, 490] loss: 0.00020757071673870085
[4, 491] loss: 0.000717565193772316
[4, 492] loss: 8.143329992890358e-05
[4, 493] loss: 0.000524534285068512
[4, 494] loss: 0.00038260668516159057
[4, 495] loss: 0.0003947902098298073
[4, 496] loss: 0.0001480263192206621
[4, 497] loss: 0.0003660394623875618
[4, 498] loss: 0.0006299479305744171
[4, 499] loss: 0.0006712501496076584
[4, 500] loss: 0.0011281171441078187
[4, 501] loss: 0.00012935009784996508
[4, 502] loss: 0.0007238276302814484
[4, 503] loss: 0.0002990013360977173
[4, 504] loss: 0.00018331937491893768
[4, 505] loss: 0.00025702195242047307
[4, 506] loss: 0.00021200139075517655
[4, 507] loss: 0.00015346772037446498
[4, 508] loss: 0.0005446744337677955
[4, 509] loss: 0.0007752901315689086
[4, 510] loss: 0.0006325647979974747
[4, 511] loss: 0.00027890602126717567
[4, 512] loss: 0.0006109572574496269
[4, 513] loss: 0.0008144345134496689
[4, 514] loss: 0.000492800585925579
[4, 515] loss: 9.590975008904934e-05
[4, 516] loss: 0.0010564877837896348
[4, 517] loss: 0.000951075628399849
[4, 518] loss: 0.0006594547629356385
[4, 519] loss: 0.00010692832060158253
[4, 520] loss: 0.00013375191949307918
[4, 521] loss: 9.033734910190106e-05
[4, 522] loss: 0.0011310528963804245
[4, 523] loss: 0.0022882704436779024
[4, 524] loss: 0.0006426861882209778
[4, 525] loss: 9.349130094051361e-05
[4, 526] loss: 0.00014493216760456563
[4, 527] loss: 0.00017433656379580497
[4, 528] loss: 0.00019222810864448546
[4, 529] loss: 0.00035927332937717437
[4, 530] loss: 0.000547044575214386
[4, 531] loss: 0.0004644429311156273
[4, 532] loss: 0.0008483153581619263
[4, 533] loss: 0.0010566984862089158
[4, 534] loss: 0.0003089308924973011
[4, 535] loss: 0.00046825330704450605
[4, 536] loss: 0.0003039776347577572
[4, 537] loss: 5.53413899615407e-05
[4, 538] loss: 0.0014852730929851533
[4, 539] loss: 0.00014135255478322505
[4, 540] loss: 0.00023506345227360725
[4, 541] loss: 0.0009858661890029907
[4, 542] loss: 0.0005672666057944298
[4, 543] loss: 0.00016332291066646577
[4, 544] loss: 0.00039384726434946063
[4, 545] loss: 0.0002659611776471138
[4, 546] loss: 0.00015188926830887793
[4, 547] loss: 0.0003200486302375793
[4, 548] loss: 9.544842876493931e-05
[4, 549] loss: 0.0013411138951778413
[4, 550] loss: 0.0003050007112324238
[4, 551] loss: 0.00029648557305336
[4, 552] loss: 6.398573983460664e-05
[4, 553] loss: 0.0003485008329153061
[4, 554] loss: 0.0006303445249795914
[4, 555] loss: 6.587342824786901e-05
[4, 556] loss: 0.0011030074954032898
[4, 557] loss: 0.00019390948116779328
[4, 558] loss: 0.00040512416511774064
[4, 559] loss: 0.00021201740950345992
[4, 560] loss: 5.758976563811302e-05
[4, 561] loss: 0.0006790967285633088
[4, 562] loss: 6.248706951737403e-05
[4, 563] loss: 0.0009186956286430359
[4, 564] loss: 0.0008558333665132522
[4, 565] loss: 8.499937132000924e-05
[4, 566] loss: 0.0009026867896318436
[4, 567] loss: 2.507670084014535e-05
[4, 568] loss: 0.0002414354123175144
[4, 569] loss: 0.0001712404191493988
[4, 570] loss: 0.00024207456037402152
[4, 571] loss: 0.00040567170828580856
[4, 572] loss: 0.000116457873955369
[4, 573] loss: 6.349000614136457e-05
[4, 574] loss: 0.000346134752035141
[4, 575] loss: 0.00122068852186203
[4, 576] loss: 0.0003065561130642891
[4, 577] loss: 0.00020022671669721602
[4, 578] loss: 0.0008471611142158508
[4, 579] loss: 0.00030263649299740793
[4, 580] loss: 0.0007602427154779434
[4, 581] loss: 8.395632728934288e-05
[4, 582] loss: 0.0005270016193389893
[4, 583] loss: 0.0012121281772851944
[4, 584] loss: 0.0014595083892345428
[4, 585] loss: 0.0005570320412516594
[4, 586] loss: 0.0006475277990102768
[4, 587] loss: 0.00030525200068950655
[4, 588] loss: 6.834284868091345e-05
[4, 589] loss: 0.0006024547666311264
[4, 590] loss: 0.00033452022820711135
[4, 591] loss: 0.0004724396020174026
[4, 592] loss: 0.00019016319885849952
[4, 593] loss: 0.0020247118175029753
[4, 594] loss: 9.81216598302126e-05
[4, 595] loss: 0.0004920665174722672
[4, 596] loss: 8.420639671385288e-05
[4, 597] loss: 0.0002973346784710884
[4, 598] loss: 0.0003059454634785652
[4, 599] loss: 0.00016799382865428925
[4, 600] loss: 0.0001209864765405655
[4, 601] loss: 0.000710202306509018
[4, 602] loss: 0.0004800674319267273
[4, 603] loss: 0.00047282114624977114
[4, 604] loss: 0.000841745212674141
[4, 605] loss: 0.000435103066265583
[4, 606] loss: 0.00027422195300459863
[4, 607] loss: 0.0006279746443033219
[4, 608] loss: 0.0002770177274942398
[4, 609] loss: 0.0006519603729248047
[4, 610] loss: 0.0004034432768821716
[4, 611] loss: 0.0004966973513364792
[4, 612] loss: 0.0009110156446695328
[4, 613] loss: 0.0009392154216766357
[4, 614] loss: 4.941011313349009e-05
[4, 615] loss: 0.0003661082312464714
[4, 616] loss: 0.00043046142905950546
[4, 617] loss: 0.00025238264352083205
[4, 618] loss: 0.0009186142683029175
[4, 619] loss: 0.0004281921312212944
[4, 620] loss: 5.149360280483961e-05
[4, 621] loss: 0.00013146357610821724
[4, 622] loss: 5.028404295444489e-05
[4, 623] loss: 0.00018811287358403206
[4, 624] loss: 0.0007652527838945389
[4, 625] loss: 8.111064322292805e-05
[4, 626] loss: 8.682006038725376e-05
[4, 627] loss: 0.00027340687811374666
[4, 628] loss: 0.0006322462111711502
[4, 629] loss: 0.0003013589046895504
[4, 630] loss: 0.00015730947256088258
[4, 631] loss: 0.00019471434876322746
[4, 632] loss: 0.00047404233366250993
[4, 633] loss: 0.0002564837224781513
[4, 634] loss: 0.00013296136632561683
[4, 635] loss: 0.00037132296711206436
[4, 636] loss: 0.001955372840166092
[4, 637] loss: 9.555640630424023e-05
[4, 638] loss: 0.00036947965621948243
[4, 639] loss: 0.0009027208387851715
[4, 640] loss: 0.0004647863656282425
[4, 641] loss: 0.00014292139559984207
[4, 642] loss: 0.0014737531542778014
[4, 643] loss: 0.0006282339990139008
[4, 644] loss: 0.0003878341615200043
[4, 645] loss: 0.0003123495727777481
[4, 646] loss: 0.000473686158657074
[4, 647] loss: 0.0002715213783085346
[4, 648] loss: 0.0003013741225004196
[4, 649] loss: 0.0006515126675367356
[4, 650] loss: 0.00037458106875419615
[4, 651] loss: 0.00010244747623801231
[4, 652] loss: 0.001687680035829544
[4, 653] loss: 0.0006413193047046661
[4, 654] loss: 0.0008919141441583634
[4, 655] loss: 6.735908798873425e-05
[4, 656] loss: 0.0006013447046279907
[4, 657] loss: 0.00010233394801616669
[4, 658] loss: 0.0003816992044448853
[4, 659] loss: 0.0007433172315359116
[4, 660] loss: 0.0007919061928987503
[4, 661] loss: 0.0017741572856903075
[4, 662] loss: 2.7533569373190403e-05
[4, 663] loss: 0.00036153312772512435
[4, 664] loss: 0.00039310164749622344
[4, 665] loss: 0.0003501305356621742
[4, 666] loss: 0.0005724344775080681
[4, 667] loss: 3.921365365386009e-05
[4, 668] loss: 0.0007322169840335846
[4, 669] loss: 0.0009499064087867737
[4, 670] loss: 0.00020917817950248717
[4, 671] loss: 0.0001494377851486206
[4, 672] loss: 0.001054803505539894
[4, 673] loss: 0.0005252378806471825
[4, 674] loss: 0.0013103024661540986
[4, 675] loss: 0.0005761736258864403
[4, 676] loss: 0.000429995134472847
[4, 677] loss: 0.0012136024236679077
[4, 678] loss: 0.00028387255966663363
[4, 679] loss: 6.174382288008929e-05
[4, 680] loss: 0.00012386402115225793
[4, 681] loss: 0.00019650252535939218
[4, 682] loss: 9.540514089167119e-05
[4, 683] loss: 0.0006639630347490311
[4, 684] loss: 0.001288764923810959
[4, 685] loss: 0.0001968110166490078
[4, 686] loss: 0.0003264525905251503
[4, 687] loss: 0.00035594552755355833
[4, 688] loss: 0.0006393492221832275
[4, 689] loss: 0.00015706779435276986
[4, 690] loss: 0.0014807245135307313
[4, 691] loss: 0.00010067978873848916
[4, 692] loss: 0.0011261269450187684
[4, 693] loss: 0.0003270868957042694
[4, 694] loss: 0.0001483459584414959
[4, 695] loss: 0.0002390495128929615
[4, 696] loss: 0.0008118951320648193
[4, 697] loss: 2.769674174487591e-05
[4, 698] loss: 0.00017203185707330703
[4, 699] loss: 0.0014009594917297364
[4, 700] loss: 0.00011578161269426346
[4, 701] loss: 7.4019362218678e-05
[4, 702] loss: 4.249915480613709e-05
[4, 703] loss: 0.00010849827900528908
[4, 704] loss: 0.00011101375333964825
[4, 705] loss: 0.00022271761670708656
[4, 706] loss: 6.895368453115225e-05
[4, 707] loss: 0.00010423798114061355
[4, 708] loss: 0.00040370456874370573
[4, 709] loss: 0.001259036809206009
[4, 710] loss: 0.00016440490260720254
[4, 711] loss: 0.0008274567872285843
[4, 712] loss: 7.752745877951384e-05
[4, 713] loss: 0.0010248031467199326
[4, 714] loss: 0.0005664854496717453
[4, 715] loss: 0.00030590273439884186
[4, 716] loss: 0.0007096192240715027
[4, 717] loss: 0.0004526284709572792
[4, 718] loss: 0.0004334278404712677
[4, 719] loss: 0.0003802894428372383
[4, 720] loss: 6.048029754310846e-05
[4, 721] loss: 0.0008737191557884217
[4, 722] loss: 0.00014430913142859936
[4, 723] loss: 0.00040834613144397736
[4, 724] loss: 0.0015977323055267334
[4, 725] loss: 0.0006632468104362487
[4, 726] loss: 0.00019979095086455345
[4, 727] loss: 7.42043973878026e-05
[4, 728] loss: 0.0009869760274887084
[4, 729] loss: 0.0023021340370178224
[4, 730] loss: 0.0001261289231479168
[4, 731] loss: 0.0009302423894405365
[4, 732] loss: 0.00013562941923737527
[4, 733] loss: 0.0001882563903927803
[4, 734] loss: 0.0017715375125408172
[4, 735] loss: 0.00016713159158825874
[4, 736] loss: 0.0005549573898315429
[4, 737] loss: 0.0002795643731951714
[4, 738] loss: 0.0004628702253103256
[4, 739] loss: 0.0007688935846090316
[4, 740] loss: 0.0009664858877658844
[4, 741] loss: 0.0010234520584344864
[4, 742] loss: 0.00019776545464992524
[4, 743] loss: 0.0006017015874385834
[4, 744] loss: 0.0007647519558668137
[4, 745] loss: 0.0006308726221323013
[4, 746] loss: 8.275951258838177e-05
[4, 747] loss: 0.0010269131511449815
[4, 748] loss: 0.0009678268432617188
[4, 749] loss: 5.67624531686306e-05
[4, 750] loss: 0.00015880761668086052
[4, 751] loss: 0.00025807365775108336
[4, 752] loss: 0.0005109131708741188
[4, 753] loss: 0.0006812127679586411
[4, 754] loss: 0.0015250909328460693
[4, 755] loss: 0.0006505416333675385
[4, 756] loss: 0.0007644576579332352
[4, 757] loss: 0.0006214682385325431
[4, 758] loss: 0.00044513288885354995
[4, 759] loss: 0.0006699468195438385
[4, 760] loss: 0.0009119338542222977
[4, 761] loss: 0.0006022457778453827
[4, 762] loss: 0.00015591641888022424
[4, 763] loss: 0.0008522938936948776
[4, 764] loss: 0.000790785476565361
[4, 765] loss: 0.00025069337338209154
[4, 766] loss: 0.00022670559585094452
[4, 767] loss: 0.0004939913749694824
[4, 768] loss: 8.951405063271522e-05
[4, 769] loss: 0.00020387904718518256
[4, 770] loss: 0.0007883883267641068
[4, 771] loss: 0.00025438157841563226
[4, 772] loss: 0.0002682889997959137
[4, 773] loss: 0.0003856066986918449
[4, 774] loss: 0.00027889348566532133
[4, 775] loss: 0.0003739968687295914
[4, 776] loss: 2.0850668661296368e-05
[4, 777] loss: 0.00022565416991710663
[4, 778] loss: 0.00023241154849529266
[4, 779] loss: 0.001031407117843628
[4, 780] loss: 0.0004415193200111389
[4, 781] loss: 0.0005689216032624245
[4, 782] loss: 0.0002830282226204872
[4, 783] loss: 0.00035005096346139907
[4, 784] loss: 4.724390804767609e-05
[4, 785] loss: 0.0003830502927303314
[4, 786] loss: 0.00013204460963606835
[4, 787] loss: 0.0003464459627866745
[4, 788] loss: 7.395344320684671e-05
[4, 789] loss: 0.0004038836434483528
[4, 790] loss: 8.450940251350403e-05
[4, 791] loss: 0.00041722651571035385
[4, 792] loss: 0.0009700196981430053
[4, 793] loss: 0.0004156152904033661
[4, 794] loss: 0.00011513235047459602
[4, 795] loss: 0.000886479839682579
[4, 796] loss: 0.00025491654872894287
[4, 797] loss: 0.0001593441516160965
[4, 798] loss: 0.0001015664916485548
[4, 799] loss: 0.0008606722205877304
[4, 800] loss: 0.00047997668385505674
[4, 801] loss: 0.00041289929300546645
[4, 802] loss: 0.0004846431314945221
[4, 803] loss: 0.0002906774915754795
[4, 804] loss: 3.5801187623292206e-05
[4, 805] loss: 0.0004065847024321556
[4, 806] loss: 0.0010673413425683976
[4, 807] loss: 0.0010093749314546586
[4, 808] loss: 0.00027410846203565595
[4, 809] loss: 0.0009462438523769378
[4, 810] loss: 0.000610177181661129
[4, 811] loss: 0.000282164067029953
[4, 812] loss: 0.0006838151812553405
[4, 813] loss: 0.0009024930745363236
[4, 814] loss: 0.0002943027578294277
[4, 815] loss: 0.00045351848006248475
[4, 816] loss: 0.00040356092154979705
[4, 817] loss: 0.0003945714607834816
[4, 818] loss: 6.844980642199516e-05
[4, 819] loss: 0.0012295764684677123
[4, 820] loss: 0.000897468626499176
[4, 821] loss: 9.806357324123383e-05
[4, 822] loss: 8.859314955770969e-05
[4, 823] loss: 0.0011818786710500718
[4, 824] loss: 0.00017872249707579613
[4, 825] loss: 0.0006999720633029938
[4, 826] loss: 8.371526375412941e-05
[4, 827] loss: 0.0002420147508382797
[4, 828] loss: 0.0008805560320615768
[4, 829] loss: 0.0006634064763784409
[4, 830] loss: 0.00039570044726133346
[4, 831] loss: 0.0002498922683298588
[4, 832] loss: 0.00022983811795711516
[4, 833] loss: 0.0017854221165180205
[4, 834] loss: 0.0001799183152616024
[4, 835] loss: 0.0008560463786125184
[4, 836] loss: 0.00016190163791179657
[4, 837] loss: 0.0002522436156868935
[4, 838] loss: 0.0006024221703410149
[4, 839] loss: 3.8420038763433694e-05
[4, 840] loss: 7.727097254246473e-05
[4, 841] loss: 0.0005183264613151551
[4, 842] loss: 0.0007138297706842423
[4, 843] loss: 0.00014398783445358277
[4, 844] loss: 0.0003769979253411293
[4, 845] loss: 0.00017065932974219322
[4, 846] loss: 0.00019359393045306205
[4, 847] loss: 0.00020028283819556236
[4, 848] loss: 0.00030690273270010947
[4, 849] loss: 0.00031202459707856177
[4, 850] loss: 0.00048204991966485975
[4, 851] loss: 0.0005545146390795708
[4, 852] loss: 0.00010316873900592327
[4, 853] loss: 0.00022164966911077498
[4, 854] loss: 0.0002726304158568382
[4, 855] loss: 0.0003436431661248207
[4, 856] loss: 0.0006318752467632294
[4, 857] loss: 0.001036141663789749
[4, 858] loss: 4.5914766378700736e-05
[4, 859] loss: 5.3224735893309116e-05
[4, 860] loss: 0.001832501143217087
[4, 861] loss: 0.00041338231414556504
[4, 862] loss: 0.00078910693526268
[4, 863] loss: 0.0003425128757953644
[4, 864] loss: 2.6448892895132304e-05
[4, 865] loss: 0.0002136627398431301
[4, 866] loss: 0.0001224044617265463
[4, 867] loss: 0.0014121755957603455
[4, 868] loss: 0.00019763318821787833
[4, 869] loss: 0.0001760145090520382
[4, 870] loss: 0.0006489744782447815
[4, 871] loss: 0.000346715971827507
[4, 872] loss: 0.0004848387837409973
[4, 873] loss: 0.000318775475025177
[4, 874] loss: 0.00014298814348876477
[4, 875] loss: 0.001108904704451561
[4, 876] loss: 0.00012107102200388909
[4, 877] loss: 0.00018462080508470534
[4, 878] loss: 0.0008672916889190674
[4, 879] loss: 0.001361633539199829
[4, 880] loss: 0.00022863365709781646
[4, 881] loss: 0.00023359090089797974
[4, 882] loss: 0.0008361532539129257
[4, 883] loss: 3.809002228081226e-05
[4, 884] loss: 0.00024069147184491158
[4, 885] loss: 0.00033379625529050827
[4, 886] loss: 0.001255626231431961
[4, 887] loss: 0.0003322283923625946
[4, 888] loss: 0.00011490311473608017
[4, 889] loss: 0.00040491867810487747
[4, 890] loss: 0.00011865803971886635
[4, 891] loss: 0.00020227506756782533
[4, 892] loss: 0.00042305804789066314
[4, 893] loss: 7.658027112483978e-05
[4, 894] loss: 4.019955173134804e-05
[4, 895] loss: 0.0011803079396486282
[4, 896] loss: 7.962878793478012e-05
[4, 897] loss: 0.0012683042883872987
[4, 898] loss: 0.0014133420586585998
[4, 899] loss: 0.0018327116966247558
[4, 900] loss: 6.476723123341799e-05
[4, 901] loss: 6.23649312183261e-05
[4, 902] loss: 0.0010939864814281464
[4, 903] loss: 0.00034795328974723816
[4, 904] loss: 0.00013495566323399545
[4, 905] loss: 0.0004057310521602631
[4, 906] loss: 0.0009099988639354706
[4, 907] loss: 3.146448405459523e-05
[4, 908] loss: 0.0005650000274181366
[4, 909] loss: 0.00024290196597576141
[4, 910] loss: 0.0008616577088832856
[4, 911] loss: 0.0008660028129816055
[4, 912] loss: 1.0006357915699483e-05
[4, 913] loss: 0.00017633380368351937
[4, 914] loss: 0.0012914015352725983
[4, 915] loss: 7.892071269452572e-05
[4, 916] loss: 0.0001699492335319519
[4, 917] loss: 0.0001953577622771263
[4, 918] loss: 0.0010825907438993454
[4, 919] loss: 0.0005359315872192383
[4, 920] loss: 6.60129589959979e-05
[4, 921] loss: 0.000135392639786005
[4, 922] loss: 7.580572739243507e-05
[4, 923] loss: 0.0015343320369720459
[4, 924] loss: 0.0004684021696448326
[4, 925] loss: 0.0010062232613563538
[4, 926] loss: 2.120924415066838e-05
[4, 927] loss: 0.00011103239841759205
[4, 928] loss: 0.0002202853187918663
[4, 929] loss: 0.000534493550658226
[4, 930] loss: 0.0009184851497411728
[4, 931] loss: 0.0006782443821430206
[4, 932] loss: 0.004347996711730957
[4, 933] loss: 0.0009627553075551987
[4, 934] loss: 0.0006413614749908447
[4, 935] loss: 9.933631867170334e-05
[4, 936] loss: 3.508749883621931e-05
[4, 937] loss: 0.001000034436583519
[5, 0] loss: 0.00036503460258245467
[5, 1] loss: 0.000604531429708004
[5, 2] loss: 0.00027850519865751266
[5, 3] loss: 6.868885364383459e-05
[5, 4] loss: 0.00014108043164014816
[5, 5] loss: 0.0002013217844069004
[5, 6] loss: 0.0006695270538330078
[5, 7] loss: 0.0008834157139062882
[5, 8] loss: 0.00043435074388980865
[5, 9] loss: 0.00031982023268938063
[5, 10] loss: 0.0005610615760087967
[5, 11] loss: 0.0005095117539167404
[5, 12] loss: 0.00014629092067480087
[5, 13] loss: 0.0006723428517580032
[5, 14] loss: 0.0011066380143165589
[5, 15] loss: 0.0007558205723762513
[5, 16] loss: 9.93344560265541e-05
[5, 17] loss: 0.0005437059700489044
[5, 18] loss: 0.000304484199732542
[5, 19] loss: 0.0003323642909526825
[5, 20] loss: 0.0001804373599588871
[5, 21] loss: 0.00017518579959869385
[5, 22] loss: 0.0001247365213930607
[5, 23] loss: 0.00011113569140434265
[5, 24] loss: 0.0005088093131780624
[5, 25] loss: 0.00016601718962192536
[5, 26] loss: 0.00022990131750702858
[5, 27] loss: 2.8412081301212312e-05
[5, 28] loss: 0.0004160863533616066
[5, 29] loss: 0.0012383931130170822
[5, 30] loss: 0.00022545041516423226
[5, 31] loss: 0.0008370312303304672
[5, 32] loss: 0.00017416536808013917
[5, 33] loss: 0.00017266184091567992
[5, 34] loss: 0.0005239545926451683
[5, 35] loss: 0.0008793108910322189
[5, 36] loss: 0.0005120854452252389
[5, 37] loss: 0.0003425009548664093
[5, 38] loss: 0.0005966576188802719
[5, 39] loss: 0.0004765528813004494
[5, 40] loss: 0.0002846156992018223
[5, 41] loss: 0.0006100030988454818
[5, 42] loss: 0.0002757473103702068
[5, 43] loss: 0.0001811355911195278
[5, 44] loss: 0.0001464471034705639
[5, 45] loss: 0.00021829562261700631
[5, 46] loss: 6.789362989366054e-05
[5, 47] loss: 0.0009490461647510529
[5, 48] loss: 0.0003135955333709717
[5, 49] loss: 0.00016018481925129892
[5, 50] loss: 0.0004863119870424271
[5, 51] loss: 0.00017976239323616027
[5, 52] loss: 6.580423563718795e-05
[5, 53] loss: 0.000120197469368577
[5, 54] loss: 0.00026187796145677567
[5, 55] loss: 0.0008915127813816071
[5, 56] loss: 0.0015056781470775605
[5, 57] loss: 0.0005530405789613724
[5, 58] loss: 0.00032926604151725766
[5, 59] loss: 0.0004802367091178894
[5, 60] loss: 0.00020065341144800185
[5, 61] loss: 8.772443979978561e-05
[5, 62] loss: 0.0002730682119727135
[5, 63] loss: 0.0004280642047524452
[5, 64] loss: 0.0010796292871236802
[5, 65] loss: 0.0018432007730007172
[5, 66] loss: 2.8963261283934115e-05
[5, 67] loss: 0.00021496716886758803
[5, 68] loss: 4.425428807735443e-05
[5, 69] loss: 0.00012698104605078696
[5, 70] loss: 0.0003760959953069687
[5, 71] loss: 0.0002926907129585743
[5, 72] loss: 0.00028547005727887155
[5, 73] loss: 0.0002892707474529743
[5, 74] loss: 8.069711737334728e-05
[5, 75] loss: 6.585007533431053e-05
[5, 76] loss: 8.910009637475013e-06
[5, 77] loss: 0.00035997886210680007
[5, 78] loss: 0.0003030803985893726
[5, 79] loss: 0.00041017796844244
[5, 80] loss: 0.0002614251524209976
[5, 81] loss: 0.00044995710253715516
[5, 82] loss: 0.0007932475954294205
[5, 83] loss: 0.0006185509264469147
[5, 84] loss: 0.000444466732442379
[5, 85] loss: 0.00013073472306132316
[5, 86] loss: 0.0005990002304315567
[5, 87] loss: 0.0009655207395553589
[5, 88] loss: 9.061081334948539e-05
[5, 89] loss: 0.0005232285335659981
[5, 90] loss: 3.653601044788957e-05
[5, 91] loss: 0.00021305939182639122
[5, 92] loss: 0.0006186395511031151
[5, 93] loss: 0.00019191723316907882
[5, 94] loss: 0.00014827595092356205
[5, 95] loss: 5.462416913360357e-05
[5, 96] loss: 0.00020946647971868516
[5, 97] loss: 0.0007503303140401841
[5, 98] loss: 0.0005039526522159577
[5, 99] loss: 0.0004671249538660049
[5, 100] loss: 0.0004199381917715073
[5, 101] loss: 0.00011275907047092915
[5, 102] loss: 0.00021552346646785736
[5, 103] loss: 0.00022264659404754638
[5, 104] loss: 3.860359778627753e-05
[5, 105] loss: 0.00021301116794347763
[5, 106] loss: 0.00033940527588129045
[5, 107] loss: 0.0002459861524403095
[5, 108] loss: 0.0002552860975265503
[5, 109] loss: 0.0002719567529857159
[5, 110] loss: 0.00022746708244085313
[5, 111] loss: 0.00037761148065328597
[5, 112] loss: 0.0004154156893491745
[5, 113] loss: 0.0005544579029083252
[5, 114] loss: 9.000668651424348e-06
[5, 115] loss: 0.00020457204431295395
[5, 116] loss: 0.0013298985362052917
[5, 117] loss: 0.00043731648474931717
[5, 118] loss: 0.0002501701563596725
[5, 119] loss: 5.672729574143887e-05
[5, 120] loss: 0.0001092104148119688
[5, 121] loss: 0.000385233573615551
[5, 122] loss: 0.00017862658947706222
[5, 123] loss: 0.00037470191717147827
[5, 124] loss: 0.00018949884921312332
[5, 125] loss: 0.0013515579700469971
[5, 126] loss: 0.00011976232752203942
[5, 127] loss: 0.0005362523347139359
[5, 128] loss: 0.00017571184784173966
[5, 129] loss: 0.0002082690969109535
[5, 130] loss: 0.00010140721686184406
[5, 131] loss: 0.00017331046983599664
[5, 132] loss: 0.0011025450378656387
[5, 133] loss: 0.0004439590871334076
[5, 134] loss: 9.451797232031822e-05
[5, 135] loss: 0.00023826848715543747
[5, 136] loss: 0.00037849944084882736
[5, 137] loss: 6.257045082747936e-05
[5, 138] loss: 0.0007636696845293045
[5, 139] loss: 0.00020329272374510765
[5, 140] loss: 0.0005722013860940934
[5, 141] loss: 0.0007483106851577759
[5, 142] loss: 0.0004986951872706413
[5, 143] loss: 0.0011229534447193146
[5, 144] loss: 0.00032903432846069334
[5, 145] loss: 0.0006685567647218704
[5, 146] loss: 0.0008877687901258468
[5, 147] loss: 0.0002877330407500267
[5, 148] loss: 3.673689905554056e-05
[5, 149] loss: 0.0004604822024703026
[5, 150] loss: 0.0002577898092567921
[5, 151] loss: 5.945891607552767e-05
[5, 152] loss: 6.535706110298634e-05
[5, 153] loss: 4.216131754219532e-05
[5, 154] loss: 4.8527554608881476e-05
[5, 155] loss: 1.2401140993461013e-05
[5, 156] loss: 0.0007769863307476043
[5, 157] loss: 0.0001855238899588585
[5, 158] loss: 0.00014076992869377136
[5, 159] loss: 0.0005121972411870956
[5, 160] loss: 0.001955159306526184
[5, 161] loss: 4.4306744821369646e-05
[5, 162] loss: 0.000658193826675415
[5, 163] loss: 0.0003162815049290657
[5, 164] loss: 0.0005799984931945801
[5, 165] loss: 0.001256572902202606
[5, 166] loss: 0.0006407283246517182
[5, 167] loss: 0.0002255868911743164
[5, 168] loss: 6.558769382536411e-05
[5, 169] loss: 0.00011602962389588356
[5, 170] loss: 1.4676682185381652e-05
[5, 171] loss: 0.00358298122882843
[5, 172] loss: 0.00043934818357229235
[5, 173] loss: 0.00010977363213896751
[5, 174] loss: 2.9389697592705487e-05
[5, 175] loss: 0.0001963042840361595
[5, 176] loss: 0.0014459091424942018
[5, 177] loss: 5.563220009207726e-05
[5, 178] loss: 0.0008718774467706681
[5, 179] loss: 0.00010289045050740242
[5, 180] loss: 0.00011157942935824394
[5, 181] loss: 6.098332814872265e-05
[5, 182] loss: 0.0002461034245789051
[5, 183] loss: 0.0006121505051851272
[5, 184] loss: 6.819530855864286e-05
[5, 185] loss: 0.0003009232692420483
[5, 186] loss: 0.0003861944004893303
[5, 187] loss: 3.941134549677372e-05
[5, 188] loss: 0.00019930724054574965
[5, 189] loss: 9.627040475606918e-05
[5, 190] loss: 0.0003900829702615738
[5, 191] loss: 0.000743117704987526
[5, 192] loss: 0.00017414838075637817
[5, 193] loss: 0.00018896475434303282
[5, 194] loss: 0.0010994578897953033
[5, 195] loss: 0.0006781324744224548
[5, 196] loss: 0.00024294449016451836
[5, 197] loss: 6.07422087341547e-05
[5, 198] loss: 0.00023377206176519394
[5, 199] loss: 0.00024818766862154005
[5, 200] loss: 0.0005569183453917504
[5, 201] loss: 0.00012296084314584733
[5, 202] loss: 0.0011635743826627731
[5, 203] loss: 4.0363487787544724e-05
[5, 204] loss: 0.000330938920378685
[5, 205] loss: 0.0001064711157232523
[5, 206] loss: 0.0007595315575599671
[5, 207] loss: 0.0008544272184371948
[5, 208] loss: 2.7503448072820903e-05
[5, 209] loss: 0.00010247213765978813
[5, 210] loss: 0.00038839217275381087
[5, 211] loss: 0.0008392641693353653
[5, 212] loss: 0.0001933671347796917
[5, 213] loss: 0.00013734725303947925
[5, 214] loss: 0.001109783947467804
[5, 215] loss: 0.00013288560323417186
[5, 216] loss: 5.168399307876825e-05
[5, 217] loss: 0.00035031728446483613
[5, 218] loss: 0.00020385278388857842
[5, 219] loss: 0.00046548422425985337
[5, 220] loss: 0.0009472282230854035
[5, 221] loss: 0.00037836894392967224
[5, 222] loss: 6.410005036741495e-05
[5, 223] loss: 0.00020209917798638343
[5, 224] loss: 0.00030217645689845085
[5, 225] loss: 0.0004503260552883148
[5, 226] loss: 0.00047315582633018495
[5, 227] loss: 0.00031706053763628004
[5, 228] loss: 2.7066473849117755e-05
[5, 229] loss: 0.0002637478522956371
[5, 230] loss: 8.257695473730564e-05
[5, 231] loss: 0.0001599356159567833
[5, 232] loss: 0.0003324289619922638
[5, 233] loss: 0.0007295463234186173
[5, 234] loss: 0.0008930255472660065
[5, 235] loss: 8.310155011713505e-05
[5, 236] loss: 0.00045613132417202
[5, 237] loss: 0.00040161818265914916
[5, 238] loss: 0.000370970144867897
[5, 239] loss: 0.00010217040777206421
[5, 240] loss: 0.0009253975003957748
[5, 241] loss: 0.00035247266292572023
[5, 242] loss: 0.0007171463966369629
[5, 243] loss: 0.0001396302506327629
[5, 244] loss: 0.000970640853047371
[5, 245] loss: 0.00011103512719273567
[5, 246] loss: 0.0011377031356096267
[5, 247] loss: 0.0007798062264919282
[5, 248] loss: 0.0001296770665794611
[5, 249] loss: 0.00018035028129816057
[5, 250] loss: 0.00014365077018737793
[5, 251] loss: 0.00010245820507407189
[5, 252] loss: 0.0001752300001680851
[5, 253] loss: 0.0008570261299610138
[5, 254] loss: 0.0006432053446769714
[5, 255] loss: 0.0003732990846037865
[5, 256] loss: 0.00027822123840451243
[5, 257] loss: 0.00045763667672872545
[5, 258] loss: 0.0017567424476146699
[5, 259] loss: 0.0001910582184791565
[5, 260] loss: 0.0001678348332643509
[5, 261] loss: 0.0007385098189115524
[5, 262] loss: 0.00029301716014742854
[5, 263] loss: 0.0013108605146408081
[5, 264] loss: 0.0004663432389497757
[5, 265] loss: 0.00014196651056408883
[5, 266] loss: 0.00012103567831218243
[5, 267] loss: 0.0004779432713985443
[5, 268] loss: 7.889900356531144e-05
[5, 269] loss: 0.0005706216394901275
[5, 270] loss: 6.401502992957831e-05
[5, 271] loss: 0.0012334570288658141
[5, 272] loss: 0.0005414598435163498
[5, 273] loss: 0.0013191522657871246
[5, 274] loss: 0.00020913777872920037
[5, 275] loss: 0.0007310676574707032
[5, 276] loss: 0.0010536397248506546
[5, 277] loss: 8.179951459169388e-05
[5, 278] loss: 0.00037371814250946044
[5, 279] loss: 0.0007575172185897828
[5, 280] loss: 0.00017594873905181884
[5, 281] loss: 0.0012289266288280486
[5, 282] loss: 0.0004967094212770463
[5, 283] loss: 6.336934864521027e-05
[5, 284] loss: 0.00022352229803800582
[5, 285] loss: 0.00020205099135637284
[5, 286] loss: 0.0002078455686569214
[5, 287] loss: 0.00020573008805513382
[5, 288] loss: 0.000533316396176815
[5, 289] loss: 0.00010738286189734936
[5, 290] loss: 3.090400248765945e-05
[5, 291] loss: 0.00031901679933071136
[5, 292] loss: 0.0008761477470397949
[5, 293] loss: 0.0005403057485818863
[5, 294] loss: 0.0005367597937583923
[5, 295] loss: 0.0003890920057892799
[5, 296] loss: 0.0002560383453965187
[5, 297] loss: 0.00023119915276765824
[5, 298] loss: 0.0002780916541814804
[5, 299] loss: 0.0002657731436192989
[5, 300] loss: 0.0002730332873761654
[5, 301] loss: 0.0012161160260438918
[5, 302] loss: 0.0004188302531838417
[5, 303] loss: 0.0006475716084241867
[5, 304] loss: 0.00040577366948127744
[5, 305] loss: 0.0006658083945512771
[5, 306] loss: 4.9703922122716904e-05
[5, 307] loss: 0.0001562712900340557
[5, 308] loss: 0.0003649712726473808
[5, 309] loss: 4.58529032766819e-05
[5, 310] loss: 7.411686703562737e-05
[5, 311] loss: 0.00040739089250564576
[5, 312] loss: 0.0008606956899166107
[5, 313] loss: 0.0007181889563798905
[5, 314] loss: 0.00013532190583646298
[5, 315] loss: 0.001075277104973793
[5, 316] loss: 0.00026814071461558344
[5, 317] loss: 0.001619270145893097
[5, 318] loss: 0.0009489413350820541
[5, 319] loss: 0.00013097469694912434
[5, 320] loss: 0.00015127443708479405
[5, 321] loss: 0.00022851599380373954
[5, 322] loss: 0.0008523925393819809
[5, 323] loss: 0.00037088613957166674
[5, 324] loss: 2.8090684209018947e-05
[5, 325] loss: 0.0002615986205637455
[5, 326] loss: 0.0003256182000041008
[5, 327] loss: 0.00011687538586556912
[5, 328] loss: 0.0008648620545864106
[5, 329] loss: 0.0004051528498530388
[5, 330] loss: 0.00023444440215826035
[5, 331] loss: 0.0007391849160194397
[5, 332] loss: 0.0003552247956395149
[5, 333] loss: 0.0004592610895633698
[5, 334] loss: 0.00017680373042821884
[5, 335] loss: 0.0001916465349495411
[5, 336] loss: 0.000984576940536499
[5, 337] loss: 3.1587493140250444e-05
[5, 338] loss: 0.0003921853750944138
[5, 339] loss: 9.290291927754879e-05
[5, 340] loss: 0.00044606629759073255
[5, 341] loss: 0.00010349259711802006
[5, 342] loss: 0.0006427332013845444
[5, 343] loss: 4.815881606191397e-05
[5, 344] loss: 5.0292364321649074e-05
[5, 345] loss: 0.001401246041059494
[5, 346] loss: 0.0011696786433458327
[5, 347] loss: 0.0007068363577127457
[5, 348] loss: 8.127994835376739e-05
[5, 349] loss: 0.00026321500539779665
[5, 350] loss: 7.982918061316013e-05
[5, 351] loss: 0.00031444765627384184
[5, 352] loss: 5.1541300490498545e-05
[5, 353] loss: 0.000843338742852211
[5, 354] loss: 0.0015678468346595764
[5, 355] loss: 0.0013758718967437744
[5, 356] loss: 0.0008739427477121353
[5, 357] loss: 0.0007872641086578369
[5, 358] loss: 4.139574710279703e-05
[5, 359] loss: 0.0008145501464605332
[5, 360] loss: 0.00013615654781460763
[5, 361] loss: 0.0004286857694387436
[5, 362] loss: 7.427277974784374e-05
[5, 363] loss: 9.622660581953823e-06
[5, 364] loss: 0.00010124975815415383
[5, 365] loss: 0.0013146978616714478
[5, 366] loss: 0.00034083291888237
[5, 367] loss: 0.0012552066147327424
[5, 368] loss: 0.0007188836485147476
[5, 369] loss: 0.00020170381292700768
[5, 370] loss: 0.0008184252679347991
[5, 371] loss: 0.00034195508807897566
[5, 372] loss: 0.00017935317009687424
[5, 373] loss: 0.00017365755513310433
[5, 374] loss: 0.00012073919177055359
[5, 375] loss: 0.00020718375220894812
[5, 376] loss: 0.00041625965386629107
[5, 377] loss: 7.597102783620358e-05
[5, 378] loss: 0.0016563244163990021
[5, 379] loss: 3.718387568369508e-05
[5, 380] loss: 0.0011122435331344604
[5, 381] loss: 0.001149534285068512
[5, 382] loss: 0.00012134586460888386
[5, 383] loss: 0.000520397163927555
[5, 384] loss: 0.00111694797873497
[5, 385] loss: 0.0007503660023212433
[5, 386] loss: 0.0003344573080539703
[5, 387] loss: 0.0004903700575232505
[5, 388] loss: 0.001221216768026352
[5, 389] loss: 0.00022903263568878175
[5, 390] loss: 0.0002974037081003189
[5, 391] loss: 0.00019577935338020326
[5, 392] loss: 0.0008633840829133987
[5, 393] loss: 0.00037048716098070144
[5, 394] loss: 0.0008177011460065842
[5, 395] loss: 2.6555282529443504e-05
[5, 396] loss: 3.4142164513468745e-05
[5, 397] loss: 0.0002995174564421177
[5, 398] loss: 0.00046435549855232237
[5, 399] loss: 0.0014979656040668488
[5, 400] loss: 0.0008667519688606262
[5, 401] loss: 7.509559858590365e-05
[5, 402] loss: 0.00011515351943671703
[5, 403] loss: 0.000216488353908062
[5, 404] loss: 0.000454891100525856
[5, 405] loss: 0.0005087636038661003
[5, 406] loss: 0.0007817458361387252
[5, 407] loss: 0.00012210555374622345
[5, 408] loss: 0.000512094423174858
[5, 409] loss: 8.639999665319919e-05
[5, 410] loss: 9.661923162639141e-05
[5, 411] loss: 9.632094763219357e-05
[5, 412] loss: 0.00030778808519244194
[5, 413] loss: 2.6624221354722977e-05
[5, 414] loss: 9.049585089087486e-05
[5, 415] loss: 0.0002305108867585659
[5, 416] loss: 0.0008506365120410919
[5, 417] loss: 0.0005137363076210022
[5, 418] loss: 0.0001630287989974022
[5, 419] loss: 0.00020102908834815025
[5, 420] loss: 0.0002385236881673336
[5, 421] loss: 0.0003314340114593506
[5, 422] loss: 0.00037474490702152255
[5, 423] loss: 0.000620139054954052
[5, 424] loss: 0.00046188842505216597
[5, 425] loss: 0.00012282487004995347
[5, 426] loss: 0.0017260277271270751
[5, 427] loss: 4.925369285047054e-05
[5, 428] loss: 0.00019085025414824485
[5, 429] loss: 8.740115910768509e-05
[5, 430] loss: 7.966550998389721e-05
[5, 431] loss: 0.00025327859446406365
[5, 432] loss: 3.67792509496212e-05
[5, 433] loss: 0.0002016615681350231
[5, 434] loss: 2.4000478442758323e-05
[5, 435] loss: 0.00040359940379858017
[5, 436] loss: 0.00025097593665122985
[5, 437] loss: 0.0010001488029956818
[5, 438] loss: 6.831068079918623e-05
[5, 439] loss: 0.00020418837666511536
[5, 440] loss: 0.0013873240351676942
[5, 441] loss: 0.0002776753343641758
[5, 442] loss: 5.379228852689266e-05
[5, 443] loss: 2.135493326932192e-05
[5, 444] loss: 0.00014924653805792332
[5, 445] loss: 0.0004542408511042595
[5, 446] loss: 0.00014444644562900067
[5, 447] loss: 0.0007448731362819671
[5, 448] loss: 0.00015430769883096219
[5, 449] loss: 6.291634868830442e-05
[5, 450] loss: 0.00017784731462597848
[5, 451] loss: 0.0005147938430309296
[5, 452] loss: 4.2314296588301656e-05
[5, 453] loss: 0.0005259926989674568
[5, 454] loss: 6.408510264009237e-05
[5, 455] loss: 0.00017957834526896477
[5, 456] loss: 0.0019131450355052949
[5, 457] loss: 0.0005888514220714569
[5, 458] loss: 0.00021143143996596336
[5, 459] loss: 0.0005767696350812912
[5, 460] loss: 0.0004641224443912506
[5, 461] loss: 0.0003500994294881821
[5, 462] loss: 0.0003406686708331108
[5, 463] loss: 0.00012423403561115265
[5, 464] loss: 8.943307213485241e-05
[5, 465] loss: 0.00019833680242300033
[5, 466] loss: 0.00019158853217959404
[5, 467] loss: 0.0002889491617679596
[5, 468] loss: 1.4989034971222282e-05
[5, 469] loss: 0.0019019903242588044
[5, 470] loss: 7.797882426530123e-05
[5, 471] loss: 0.0009124408662319184
[5, 472] loss: 7.393622770905495e-05
[5, 473] loss: 0.00010880608111619949
[5, 474] loss: 0.00010357556864619255
[5, 475] loss: 0.0003088558092713356
[5, 476] loss: 0.001240537092089653
[5, 477] loss: 1.7352933064103126e-05
[5, 478] loss: 5.6793689727783205e-05
[5, 479] loss: 0.001323157399892807
[5, 480] loss: 0.0021731409430503844
[5, 481] loss: 0.00016341561451554298
[5, 482] loss: 0.0016265396773815154
[5, 483] loss: 0.00011896317824721337
[5, 484] loss: 1.8370742909610273e-05
[5, 485] loss: 0.00039671070873737336
[5, 486] loss: 0.0007105953246355057
[5, 487] loss: 0.00020986145362257956
[5, 488] loss: 0.0011814811825752258
[5, 489] loss: 6.180941127240658e-05
[5, 490] loss: 0.00019732488319277764
[5, 491] loss: 0.0014663882553577422
[5, 492] loss: 8.168754167854786e-05
[5, 493] loss: 4.301966167986393e-05
[5, 494] loss: 0.0007091522216796875
[5, 495] loss: 0.0006992872804403305
[5, 496] loss: 0.0009210304915904998
[5, 497] loss: 8.571065030992031e-05
[5, 498] loss: 8.044540882110596e-05
[5, 499] loss: 0.0005153145268559456
[5, 500] loss: 0.00011315017007291318
[5, 501] loss: 0.0004997938871383667
[5, 502] loss: 0.00023031286895275116
[5, 503] loss: 0.0006653353571891785
[5, 504] loss: 5.7302843779325484e-05
[5, 505] loss: 0.00012275765649974346
[5, 506] loss: 0.00032307345420122145
[5, 507] loss: 0.0002928849682211876
[5, 508] loss: 0.00028166025876998904
[5, 509] loss: 0.00036031238734722136
[5, 510] loss: 0.00013612812384963035
[5, 511] loss: 0.00047739177942276003
[5, 512] loss: 0.0001264903973788023
[5, 513] loss: 0.00018108246847987176
[5, 514] loss: 0.0003410284593701363
[5, 515] loss: 0.00044364895671606064
[5, 516] loss: 0.0001257409621030092
[5, 517] loss: 0.0007529560476541519
[5, 518] loss: 7.347374223172665e-05
[5, 519] loss: 3.1523504294455054e-05
[5, 520] loss: 0.0017166317999362947
[5, 521] loss: 0.00024088140577077866
[5, 522] loss: 0.00025625720620155336
[5, 523] loss: 1.735981204546988e-05
[5, 524] loss: 8.589427918195724e-05
[5, 525] loss: 0.0002820451557636261
[5, 526] loss: 0.0007271173596382141
[5, 527] loss: 5.9988759458065035e-05
[5, 528] loss: 0.0005402272194623948
[5, 529] loss: 2.7854291256517173e-05
[5, 530] loss: 0.0002748626284301281
[5, 531] loss: 0.0002934997528791428
[5, 532] loss: 0.0007647094130516052
[5, 533] loss: 0.00045458506792783737
[5, 534] loss: 0.0003584611043334007
[5, 535] loss: 0.0001390354707837105
[5, 536] loss: 0.0005693208798766136
[5, 537] loss: 0.0003661457449197769
[5, 538] loss: 0.0004913902282714844
[5, 539] loss: 0.0003060383908450603
[5, 540] loss: 0.00017779041081666946
[5, 541] loss: 0.0004045863822102547
[5, 542] loss: 0.0001293211430311203
[5, 543] loss: 0.0001555173099040985
[5, 544] loss: 0.00026042209938168524
[5, 545] loss: 4.236013162881136e-05
[5, 546] loss: 0.00016081070527434348
[5, 547] loss: 1.3227190356701612e-05
[5, 548] loss: 0.00019408902153372765
[5, 549] loss: 3.9694281294941905e-05
[5, 550] loss: 6.860299035906791e-05
[5, 551] loss: 0.00022537723183631896
[5, 552] loss: 0.0019994775950908663
[5, 553] loss: 0.00031145568937063217
[5, 554] loss: 0.0012643930315971374
[5, 555] loss: 0.00047867633402347564
[5, 556] loss: 8.509051054716111e-05
[5, 557] loss: 0.000772862508893013
[5, 558] loss: 0.00011212654411792756
[5, 559] loss: 9.486407041549683e-05
[5, 560] loss: 0.000237872451543808
[5, 561] loss: 5.9800148010253905e-05
[5, 562] loss: 0.00032622691243886946
[5, 563] loss: 0.0011675366759300232
[5, 564] loss: 0.00018832264468073844
[5, 565] loss: 0.00034754719585180285
[5, 566] loss: 0.000497933141887188
[5, 567] loss: 0.0008631349354982376
[5, 568] loss: 0.00013277010060846805
[5, 569] loss: 6.610441021621228e-05
[5, 570] loss: 9.363909484818577e-06
[5, 571] loss: 0.0003203999623656273
[5, 572] loss: 0.0007891995459794999
[5, 573] loss: 0.001527339369058609
[5, 574] loss: 0.0001205794606357813
[5, 575] loss: 0.0008793962001800537
[5, 576] loss: 6.52212230488658e-05
[5, 577] loss: 0.0004228644073009491
[5, 578] loss: 0.00031223207712173463
[5, 579] loss: 3.4651653841137886e-05
[5, 580] loss: 0.0007669628411531448
[5, 581] loss: 9.945638477802276e-05
[5, 582] loss: 0.0006986456364393235
[5, 583] loss: 0.00015667986124753952
[5, 584] loss: 2.254984574392438e-05
[5, 585] loss: 0.0009228347986936569
[5, 586] loss: 4.605480469763279e-05
[5, 587] loss: 0.0022908680140972136
[5, 588] loss: 8.495219517499209e-06
[5, 589] loss: 0.00012074545025825501
[5, 590] loss: 0.0006425267457962036
[5, 591] loss: 0.0001227116771042347
[5, 592] loss: 0.00016039732843637467
[5, 593] loss: 0.00016132351011037825
[5, 594] loss: 4.8717618919909e-05
[5, 595] loss: 3.814544063061476e-05
[5, 596] loss: 0.00015662115067243575
[5, 597] loss: 0.0013643521070480346
[5, 598] loss: 0.000510367676615715
[5, 599] loss: 3.279201220721006e-05
[5, 600] loss: 0.0007692848891019821
[5, 601] loss: 0.00042801257222890854
[5, 602] loss: 0.0003835180401802063
[5, 603] loss: 0.0005487855151295662
[5, 604] loss: 0.0006127505749464035
[5, 605] loss: 0.00031527359038591385
[5, 606] loss: 0.0003432992100715637
[5, 607] loss: 0.00019189467653632164
[5, 608] loss: 4.8404773697257045e-05
[5, 609] loss: 0.00023896826431155205
[5, 610] loss: 0.00012968582101166248
[5, 611] loss: 0.00026115808635950087
[5, 612] loss: 4.022862296551466e-05
[5, 613] loss: 0.0006019768118858338
[5, 614] loss: 4.9021574668586254e-05
[5, 615] loss: 0.0005588754266500473
[5, 616] loss: 0.00015496432781219482
[5, 617] loss: 0.00012265818193554878
[5, 618] loss: 6.804905831813812e-05
[5, 619] loss: 0.0002888049744069576
[5, 620] loss: 0.00014140019193291663
[5, 621] loss: 0.00012341877445578575
[5, 622] loss: 0.0013679195940494537
[5, 623] loss: 0.0008090851455926896
[5, 624] loss: 0.00010102964006364346
[5, 625] loss: 0.00018572108820080757
[5, 626] loss: 0.0010511777549982071
[5, 627] loss: 0.0005763927474617958
[5, 628] loss: 0.00017062321305274963
[5, 629] loss: 0.00044881932437419893
[5, 630] loss: 0.00031287871301174166
[5, 631] loss: 0.0002273744158446789
[5, 632] loss: 0.0010956559330224992
[5, 633] loss: 0.0012443102896213531
[5, 634] loss: 0.0001598578505218029
[5, 635] loss: 7.133774459362031e-05
[5, 636] loss: 0.0006428137421607971
[5, 637] loss: 0.0010645559430122375
[5, 638] loss: 6.048754323273897e-05
[5, 639] loss: 9.501549415290356e-05
[5, 640] loss: 0.0016103510558605194
[5, 641] loss: 0.0013162805140018463
[5, 642] loss: 8.270155638456344e-05
[5, 643] loss: 0.00029673131182789803
[5, 644] loss: 0.0002544400654733181
[5, 645] loss: 0.0005298775434494019
[5, 646] loss: 0.0011261204630136489
[5, 647] loss: 0.0002474662475287914
[5, 648] loss: 0.00021790761500597
[5, 649] loss: 0.00026500044390559196
[5, 650] loss: 0.0006822688132524491
[5, 651] loss: 0.0003258777037262917
[5, 652] loss: 0.00015779763460159303
[5, 653] loss: 0.000617944747209549
[5, 654] loss: 0.0005945320427417756
[5, 655] loss: 0.0003638544306159019
[5, 656] loss: 0.0009335481375455857
[5, 657] loss: 0.00046604670584201815
[5, 658] loss: 0.0001680007204413414
[5, 659] loss: 0.0003796746209263802
[5, 660] loss: 0.00024096202105283737
[5, 661] loss: 0.0004763643816113472
[5, 662] loss: 0.0007589767873287201
[5, 663] loss: 0.0003743670880794525
[5, 664] loss: 0.0006648185849189758
[5, 665] loss: 0.0004949713870882988
[5, 666] loss: 0.000404982790350914
[5, 667] loss: 0.0009275627136230469
[5, 668] loss: 0.0006747536361217498
[5, 669] loss: 0.0009765943884849548
[5, 670] loss: 0.001272619515657425
[5, 671] loss: 1.1725957738235594e-05
[5, 672] loss: 0.000479622483253479
[5, 673] loss: 0.0001314421184360981
[5, 674] loss: 0.00016004653647542
[5, 675] loss: 0.00043027542531490323
[5, 676] loss: 0.00014519401825964452
[5, 677] loss: 0.0004203847050666809
[5, 678] loss: 0.0006073423102498054
[5, 679] loss: 0.00045625947415828705
[5, 680] loss: 0.000156076792627573
[5, 681] loss: 2.8416451532393693e-05
[5, 682] loss: 0.0005540360510349274
[5, 683] loss: 0.0001454409398138523
[5, 684] loss: 0.00023835470899939538
[5, 685] loss: 0.00044223267585039136
[5, 686] loss: 0.00042286567389965057
[5, 687] loss: 0.0014641538262367248
[5, 688] loss: 7.697811350226402e-05
[5, 689] loss: 0.00026883291080594064
[5, 690] loss: 0.00017335101962089538
[5, 691] loss: 0.00017643479630351068
[5, 692] loss: 0.0021417754888534545
[5, 693] loss: 6.937915924936532e-05
[5, 694] loss: 0.00030817372724413873
[5, 695] loss: 0.0005772452801465988
[5, 696] loss: 0.0003365904465317726
[5, 697] loss: 0.00028506573289632797
[5, 698] loss: 0.0002515263669192791
[5, 699] loss: 0.00022075951099395752
[5, 700] loss: 0.00021053232252597808
[5, 701] loss: 0.00034228164702653884
[5, 702] loss: 0.00011691495776176452
[5, 703] loss: 0.00016314111649990082
[5, 704] loss: 0.00014750109985470772
[5, 705] loss: 0.0003684929758310318
[5, 706] loss: 2.4495352408848703e-06
[5, 707] loss: 0.0014586751163005829
[5, 708] loss: 0.0010915581881999969
[5, 709] loss: 2.3589313495904208e-05
[5, 710] loss: 0.0009742152690887452
[5, 711] loss: 4.022111184895038e-05
[5, 712] loss: 0.001004725843667984
[5, 713] loss: 0.00028101909905672075
[5, 714] loss: 9.229864925146103e-05
[5, 715] loss: 0.0004551868513226509
[5, 716] loss: 6.191648077219725e-05
[5, 717] loss: 0.0009308144450187683
[5, 718] loss: 5.012224428355694e-05
[5, 719] loss: 0.0009360560774803162
[5, 720] loss: 0.0003803255409002304
[5, 721] loss: 0.00013177919201552867
[5, 722] loss: 0.00046348389238119123
[5, 723] loss: 0.0002912567183375359
[5, 724] loss: 0.00011474965140223503
[5, 725] loss: 0.0004276164621114731
[5, 726] loss: 0.0011130466312170028
[5, 727] loss: 7.753509096801281e-05
[5, 728] loss: 0.000768594965338707
[5, 729] loss: 0.0004646798595786095
[5, 730] loss: 3.384824842214584e-05
[5, 731] loss: 0.0006675814092159271
[5, 732] loss: 0.000930882841348648
[5, 733] loss: 9.126359596848487e-05
[5, 734] loss: 0.00023081099614501
[5, 735] loss: 0.0007065576314926147
[5, 736] loss: 6.0497894883155825e-05
[5, 737] loss: 0.0005769907683134079
[5, 738] loss: 0.00047308795154094697
[5, 739] loss: 5.656402558088303e-05
[5, 740] loss: 0.00010438620112836361
[5, 741] loss: 4.5022680424153805e-05
[5, 742] loss: 7.093779277056456e-05
[5, 743] loss: 0.0002884671837091446
[5, 744] loss: 0.00012076708488166332
[5, 745] loss: 0.002141820043325424
[5, 746] loss: 0.0001605443097651005
[5, 747] loss: 0.00011126406490802765
[5, 748] loss: 0.0001663701795041561
[5, 749] loss: 0.00053987056016922
[5, 750] loss: 0.0008595290035009384
[5, 751] loss: 2.184606622904539e-05
[5, 752] loss: 0.00026637794449925424
[5, 753] loss: 2.4750304874032736e-05
[5, 754] loss: 4.7943508252501485e-05
[5, 755] loss: 0.0006716129183769226
[5, 756] loss: 0.0009229919314384461
[5, 757] loss: 3.3384449779987334e-05
[5, 758] loss: 4.957986064255238e-05
[5, 759] loss: 4.942416679114103e-05
[5, 760] loss: 0.00010816698893904686
[5, 761] loss: 4.4915499165654184e-05
[5, 762] loss: 0.000250666793435812
[5, 763] loss: 0.00040555831044912337
[5, 764] loss: 0.00031384721398353577
[5, 765] loss: 0.0003201286867260933
[5, 766] loss: 0.00029695043340325353
[5, 767] loss: 0.00042876701802015306
[5, 768] loss: 0.000656895637512207
[5, 769] loss: 0.00010970359668135643
[5, 770] loss: 0.0004591239243745804
[5, 771] loss: 0.00013492652215063572
[5, 772] loss: 0.000738605409860611
[5, 773] loss: 0.0003136613592505455
[5, 774] loss: 0.00025438759475946424
[5, 775] loss: 0.00017663152888417244
[5, 776] loss: 0.00011052346788346767
[5, 777] loss: 0.0004896514862775803
[5, 778] loss: 4.285077564418316e-05
[5, 779] loss: 0.00011212707497179508
[5, 780] loss: 0.002151452898979187
[5, 781] loss: 0.0006224938482046128
[5, 782] loss: 0.00014903534203767777
[5, 783] loss: 0.0006126873195171356
[5, 784] loss: 0.00027048856019973755
[5, 785] loss: 0.0003170143812894821
[5, 786] loss: 0.0005324478074908256
[5, 787] loss: 5.8307223953306674e-05
[5, 788] loss: 2.593443961814046e-05
[5, 789] loss: 0.00042782116681337355
[5, 790] loss: 0.00036010488867759704
[5, 791] loss: 8.694170974195003e-05
[5, 792] loss: 0.00015745934098958968
[5, 793] loss: 0.0006425520777702332
[5, 794] loss: 0.0003569675236940384
[5, 795] loss: 0.0018591810762882232
[5, 796] loss: 0.00028786478564143183
[5, 797] loss: 0.0005990726500749588
[5, 798] loss: 9.632091037929057e-05
[5, 799] loss: 0.0007758639007806778
[5, 800] loss: 0.00012790651991963385
[5, 801] loss: 5.0557246431708336e-05
[5, 802] loss: 3.856273368000984e-05
[5, 803] loss: 0.00026113746687769887
[5, 804] loss: 0.000245167501270771
[5, 805] loss: 0.00045570723712444304
[5, 806] loss: 0.00036213424056768417
[5, 807] loss: 3.6611580289900305e-05
[5, 808] loss: 4.308100789785385e-05
[5, 809] loss: 0.00020652402192354203
[5, 810] loss: 0.0003827574849128723
[5, 811] loss: 0.0005593199655413628
[5, 812] loss: 0.00015690777450799942
[5, 813] loss: 0.00011090882122516632
[5, 814] loss: 0.0007052816450595856
[5, 815] loss: 8.951181662268937e-06
[5, 816] loss: 0.0011338141560554504
[5, 817] loss: 0.0003784705698490143
[5, 818] loss: 4.2427554726600645e-05
[5, 819] loss: 0.00012048685923218727
[5, 820] loss: 0.0009077811986207962
[5, 821] loss: 1.649550045840442e-05
[5, 822] loss: 0.00011461695656180382
[5, 823] loss: 0.0001158951036632061
[5, 824] loss: 0.00015801094472408294
[5, 825] loss: 0.00039882294833660126
[5, 826] loss: 0.0001414169929921627
[5, 827] loss: 0.0006662034988403321
[5, 828] loss: 0.00023358535021543502
[5, 829] loss: 0.0006766654551029205
[5, 830] loss: 0.0009548553824424744
[5, 831] loss: 0.0004063056409358978
[5, 832] loss: 0.00023745780810713768
[5, 833] loss: 0.0003401391208171844
[5, 834] loss: 0.0014037802815437318
[5, 835] loss: 0.0007807211577892303
[5, 836] loss: 0.0011393041908740998
[5, 837] loss: 0.0001312398537993431
[5, 838] loss: 0.00030765842646360395
[5, 839] loss: 0.00013243462890386582
[5, 840] loss: 0.0003000972047448158
[5, 841] loss: 0.00048449527472257617
[5, 842] loss: 0.0007679085433483124
[5, 843] loss: 0.00029159413650631905
[5, 844] loss: 0.00012310361489653587
[5, 845] loss: 0.0005010389909148216
[5, 846] loss: 0.0002612443082034588
[5, 847] loss: 5.507473833858967e-05
[5, 848] loss: 0.0004277537763118744
[5, 849] loss: 0.0005331246927380562
[5, 850] loss: 0.0006689617037773133
[5, 851] loss: 0.00011328389868140221
[5, 852] loss: 0.00030469149351119995
[5, 853] loss: 0.0008078034222126007
[5, 854] loss: 0.0004895521700382233
[5, 855] loss: 0.0006048261746764183
[5, 856] loss: 0.0006866749376058578
[5, 857] loss: 0.00028229445219039916
[5, 858] loss: 0.0002998369932174683
[5, 859] loss: 0.0012321890145540236
[5, 860] loss: 0.00027105648070573806
[5, 861] loss: 0.0006868889182806015
[5, 862] loss: 0.0022249914705753326
[5, 863] loss: 2.56720301695168e-05
[5, 864] loss: 4.263162147253752e-05
[5, 865] loss: 0.0007007808983325958
[5, 866] loss: 7.370940875262022e-05
[5, 867] loss: 0.0001922108419239521
[5, 868] loss: 0.0006434256583452225
[5, 869] loss: 0.00012228596955537796
[5, 870] loss: 0.00024803794920444486
[5, 871] loss: 0.00018463406711816788
[5, 872] loss: 0.0009860552102327347
[5, 873] loss: 0.0001851639151573181
[5, 874] loss: 0.000712890625
[5, 875] loss: 0.0010502969473600388
[5, 876] loss: 5.767271853983402e-05
[5, 877] loss: 0.00013992423191666603
[5, 878] loss: 0.00027628548443317416
[5, 879] loss: 0.00014735788106918336
[5, 880] loss: 0.00027758374810218814
[5, 881] loss: 0.00023308642208576204
[5, 882] loss: 0.00017167119309306145
[5, 883] loss: 0.00045494984835386276
[5, 884] loss: 0.0003869796916842461
[5, 885] loss: 6.0788304544985294e-05
[5, 886] loss: 0.0006576281785964966
[5, 887] loss: 0.00013363007456064225
[5, 888] loss: 3.175418358296156e-05
[5, 889] loss: 0.001256803274154663
[5, 890] loss: 4.785418044775725e-05
[5, 891] loss: 8.482344448566436e-05
[5, 892] loss: 0.00024130253121256828
[5, 893] loss: 0.0004660136252641678
[5, 894] loss: 6.493180524557828e-05
[5, 895] loss: 0.00022761717438697814
[5, 896] loss: 0.0005681262910366058
[5, 897] loss: 0.0003793084621429443
[5, 898] loss: 0.0005813925340771675
[5, 899] loss: 0.0001762973517179489
[5, 900] loss: 0.0002506589330732822
[5, 901] loss: 0.0005155124515295029
[5, 902] loss: 0.00037994228303432463
[5, 903] loss: 0.0006787961721420288
[5, 904] loss: 0.00011486463248729706
[5, 905] loss: 0.0004544071853160858
[5, 906] loss: 0.0004838350415229797
[5, 907] loss: 8.22343397885561e-05
[5, 908] loss: 0.00041493840515613553
[5, 909] loss: 0.0006947007775306702
[5, 910] loss: 6.155723705887795e-05
[5, 911] loss: 0.0003791873157024384
[5, 912] loss: 0.001666801869869232
[5, 913] loss: 0.00010219658724963665
[5, 914] loss: 0.0022757124900817873
[5, 915] loss: 0.0005495511367917061
[5, 916] loss: 9.652127511799335e-05
[5, 917] loss: 0.0002798059582710266
[5, 918] loss: 0.00023440150544047357
[5, 919] loss: 0.001748495101928711
[5, 920] loss: 0.00016960972920060158
[5, 921] loss: 0.0002476370520889759
[5, 922] loss: 0.000240292027592659
[5, 923] loss: 0.00013933805748820305
[5, 924] loss: 0.00015632960945367814
[5, 925] loss: 0.0009909216314554214
[5, 926] loss: 0.0002103094942867756
[5, 927] loss: 0.0006023213639855385
[5, 928] loss: 0.00031638141721487047
[5, 929] loss: 8.31201858818531e-05
[5, 930] loss: 0.0007551220059394836
[5, 931] loss: 0.0001457743998616934
[5, 932] loss: 3.724169684574008e-05
[5, 933] loss: 0.00011480160057544708
[5, 934] loss: 0.00027313387021422387
[5, 935] loss: 0.001275799125432968
[5, 936] loss: 0.0008368292450904847
[5, 937] loss: 0.00047597449272871015
[6, 0] loss: 0.0010193221271038056
[6, 1] loss: 0.00011696971952915192
[6, 2] loss: 8.081316947937011e-05
[6, 3] loss: 1.616943394765258e-05
[6, 4] loss: 0.0006115996092557907
[6, 5] loss: 5.1384936086833476e-05
[6, 6] loss: 0.00016203282400965692
[6, 7] loss: 0.0003603959456086159
[6, 8] loss: 0.00023538602516055108
[6, 9] loss: 0.0003110922314226627
[6, 10] loss: 0.00018635278567671776
[6, 11] loss: 0.000600985735654831
[6, 12] loss: 0.000395311638712883
[6, 13] loss: 0.00012113204225897788
[6, 14] loss: 3.541006008163094e-05
[6, 15] loss: 7.089307997375727e-05
[6, 16] loss: 0.0007392147183418274
[6, 17] loss: 0.00012252324260771273
[6, 18] loss: 0.00016910044476389885
[6, 19] loss: 0.0005570067465305328
[6, 20] loss: 0.0003269356116652489
[6, 21] loss: 0.00010973749682307244
[6, 22] loss: 9.856493212282657e-05
[6, 23] loss: 3.176227444782853e-05
[6, 24] loss: 0.00011038575321435929
[6, 25] loss: 0.00012513302266597748
[6, 26] loss: 0.0010998303443193436
[6, 27] loss: 4.411460366100073e-05
[6, 28] loss: 0.0005590134859085083
[6, 29] loss: 0.0005639886856079101
[6, 30] loss: 0.00019107362255454063
[6, 31] loss: 0.0004577350243926048
[6, 32] loss: 4.3344609439373015e-05
[6, 33] loss: 0.0003337693214416504
[6, 34] loss: 8.641107007861137e-05
[6, 35] loss: 0.0001672794856131077
[6, 36] loss: 4.6290992759168145e-05
[6, 37] loss: 0.00023625336587429046
[6, 38] loss: 0.0017033585906028749
[6, 39] loss: 0.00023284828290343285
[6, 40] loss: 0.00032519057393074033
[6, 41] loss: 0.0001640264317393303
[6, 42] loss: 5.837069824337959e-05
[6, 43] loss: 0.0005688707903027534
[6, 44] loss: 0.0005006159096956253
[6, 45] loss: 5.9250006452202796e-05
[6, 46] loss: 0.00043028496205806734
[6, 47] loss: 2.622439060360193e-05
[6, 48] loss: 0.00014348487369716167
[6, 49] loss: 3.221539780497551e-05
[6, 50] loss: 0.0005898563563823699
[6, 51] loss: 0.0005259185284376144
[6, 52] loss: 5.106519907712936e-05
[6, 53] loss: 0.0008790351450443268
[6, 54] loss: 0.0005319618433713913
[6, 55] loss: 0.0003449391573667526
[6, 56] loss: 8.262304589152337e-05
[6, 57] loss: 7.228034548461437e-05
[6, 58] loss: 6.487952079623937e-05
[6, 59] loss: 9.138256311416626e-05
[6, 60] loss: 0.0006275888532400131
[6, 61] loss: 0.00018432173877954482
[6, 62] loss: 0.00019772280007600783
[6, 63] loss: 0.0001658574491739273
[6, 64] loss: 0.0002058384008705616
[6, 65] loss: 3.504404332488775e-05
[6, 66] loss: 0.0001237888913601637
[6, 67] loss: 5.822970997542143e-05
[6, 68] loss: 7.23792752251029e-05
[6, 69] loss: 8.532283827662468e-05
[6, 70] loss: 7.945222780108451e-05
[6, 71] loss: 0.0003694605454802513
[6, 72] loss: 4.017569590359926e-05
[6, 73] loss: 4.028499592095613e-05
[6, 74] loss: 0.00010098418220877648
[6, 75] loss: 0.0004135909304022789
[6, 76] loss: 0.00046246223151683805
[6, 77] loss: 0.00019766559824347497
[6, 78] loss: 0.0008230628818273545
[6, 79] loss: 0.0011521457135677338
[6, 80] loss: 0.0001592284068465233
[6, 81] loss: 0.00023622723296284675
[6, 82] loss: 0.0012356268614530563
[6, 83] loss: 0.00022227879613637925
[6, 84] loss: 7.637200877070428e-05
[6, 85] loss: 4.417958203703165e-05
[6, 86] loss: 0.00020188208669424056
[6, 87] loss: 0.00014968435280025006
[6, 88] loss: 0.0007997779548168183
[6, 89] loss: 0.0001085053849965334
[6, 90] loss: 1.6061454080045223e-05
[6, 91] loss: 0.0008143970370292664
[6, 92] loss: 0.00029293814674019814
[6, 93] loss: 0.0002949013933539391
[6, 94] loss: 0.00011648537591099739
[6, 95] loss: 0.0006550130248069763
[6, 96] loss: 5.5582411587238315e-05
[6, 97] loss: 2.5732028298079968e-05
[6, 98] loss: 0.00016641246154904365
[6, 99] loss: 0.00014396745711565018
[6, 100] loss: 0.0010113919526338578
[6, 101] loss: 0.00010215595364570617
[6, 102] loss: 0.00021942397579550744
[6, 103] loss: 6.345166824758053e-05
[6, 104] loss: 0.0010090194642543792
[6, 105] loss: 0.00017929863184690476
[6, 106] loss: 0.0005006157234311104
[6, 107] loss: 5.5002968292683366e-06
[6, 108] loss: 8.043214678764343e-05
[6, 109] loss: 1.3736647088080644e-05
[6, 110] loss: 0.00023544954136013984
[6, 111] loss: 0.000159267857670784
[6, 112] loss: 5.1251384429633615e-05
[6, 113] loss: 0.00015061805956065655
[6, 114] loss: 7.581436657346785e-06
[6, 115] loss: 0.00011617479845881463
[6, 116] loss: 6.5947650000453e-05
[6, 117] loss: 5.684504751116037e-05
[6, 118] loss: 2.0684665068984033e-05
[6, 119] loss: 4.930780734866858e-05
[6, 120] loss: 0.00021672099828720092
[6, 121] loss: 0.0006058311834931374
[6, 122] loss: 0.000360712856054306
[6, 123] loss: 8.846155367791652e-05
[6, 124] loss: 2.6044738478958607e-05
[6, 125] loss: 0.00033446256071329117
[6, 126] loss: 0.0002028457261621952
[6, 127] loss: 0.00011170764453709125
[6, 128] loss: 4.428335931152105e-05
[6, 129] loss: 0.000323663130402565
[6, 130] loss: 0.0006310994923114777
[6, 131] loss: 0.00010142981074750423
[6, 132] loss: 0.00042459562420845033
[6, 133] loss: 9.92066878825426e-05
[6, 134] loss: 0.0007339248806238174
[6, 135] loss: 8.201282471418381e-05
[6, 136] loss: 5.260907579213381e-05
[6, 137] loss: 0.00028874626383185387
[6, 138] loss: 0.00035487182438373563
[6, 139] loss: 5.775964236818254e-06
[6, 140] loss: 7.474333513528108e-05
[6, 141] loss: 4.166905302554369e-05
[6, 142] loss: 3.0449863988906145e-05
[6, 143] loss: 1.313878339715302e-05
[6, 144] loss: 6.880833767354488e-05
[6, 145] loss: 0.00017174014821648597
[6, 146] loss: 3.574145492166281e-05
[6, 147] loss: 0.0006599235534667969
[6, 148] loss: 0.0003261099383234978
[6, 149] loss: 6.249829195439815e-05
[6, 150] loss: 0.0002190585993230343
[6, 151] loss: 0.00010579436086118221
[6, 152] loss: 0.000440826378762722
[6, 153] loss: 0.0002978193201124668
[6, 154] loss: 0.0005203891545534134
[6, 155] loss: 4.12965688155964e-06
[6, 156] loss: 0.001594422459602356
[6, 157] loss: 0.0006938645243644714
[6, 158] loss: 0.00015913199633359908
[6, 159] loss: 0.0011293502897024154
[6, 160] loss: 0.0002513468824326992
[6, 161] loss: 5.110822152346373e-05
[6, 162] loss: 0.000708521232008934
[6, 163] loss: 7.849669083952903e-05
[6, 164] loss: 7.202197331935168e-05
[6, 165] loss: 0.00011094785295426846
[6, 166] loss: 0.0004051930084824562
[6, 167] loss: 0.00023382285609841347
[6, 168] loss: 0.00041619472205638885
[6, 169] loss: 0.00010320481844246388
[6, 170] loss: 9.772856719791889e-05
[6, 171] loss: 0.00044239215552806856
[6, 172] loss: 0.00015211207792162896
[6, 173] loss: 7.020518183708191e-05
[6, 174] loss: 0.000126954996958375
[6, 175] loss: 0.0005770578607916832
[6, 176] loss: 0.0005717067420482635
[6, 177] loss: 0.0002291296236217022
[6, 178] loss: 0.00019302742555737495
[6, 179] loss: 4.7843074426054955e-05
[6, 180] loss: 0.0001250008773058653
[6, 181] loss: 0.0008221955597400665
[6, 182] loss: 9.742737747728824e-06
[6, 183] loss: 0.0008406803011894226
[6, 184] loss: 0.0002541065774857998
[6, 185] loss: 0.00013732652179896832
[6, 186] loss: 0.00017646253108978273
[6, 187] loss: 0.0006340572983026504
[6, 188] loss: 3.599321935325861e-05
[6, 189] loss: 0.0007261961698532104
[6, 190] loss: 0.00011276325210928916
[6, 191] loss: 2.2077125031501054e-05
[6, 192] loss: 0.00016940971836447715
[6, 193] loss: 0.0003792005777359009
[6, 194] loss: 0.0007406362146139145
[6, 195] loss: 0.0009306077659130096
[6, 196] loss: 0.0002090129628777504
[6, 197] loss: 0.001110396310687065
[6, 198] loss: 0.00015553909353911875
[6, 199] loss: 0.000420011468231678
[6, 200] loss: 0.0008808484673500061
[6, 201] loss: 0.000320509672164917
[6, 202] loss: 4.293924663215876e-05
[6, 203] loss: 2.479668939486146e-05
[6, 204] loss: 5.767331924289465e-05
[6, 205] loss: 0.00013372251763939857
[6, 206] loss: 0.0003748416155576706
[6, 207] loss: 4.9221059307456016e-05
[6, 208] loss: 0.0017554274201393128
[6, 209] loss: 0.0004510687291622162
[6, 210] loss: 0.00023304862901568413
[6, 211] loss: 0.0004196169972419739
[6, 212] loss: 0.0003225338459014893
[6, 213] loss: 0.00020522229373455048
[6, 214] loss: 5.143973045051098e-05
[6, 215] loss: 7.97419436275959e-05
[6, 216] loss: 0.0004477737843990326
[6, 217] loss: 4.9971658736467365e-05
[6, 218] loss: 0.0003005915693938732
[6, 219] loss: 0.00038269862532615663
[6, 220] loss: 7.903744117356837e-06
[6, 221] loss: 0.00012393364682793616
[6, 222] loss: 0.0015784531831741333
[6, 223] loss: 8.610261604189872e-05
[6, 224] loss: 5.0794556736946104e-05
[6, 225] loss: 0.00023280510678887366
[6, 226] loss: 0.00027318349108099935
[6, 227] loss: 0.0007932770252227783
[6, 228] loss: 0.00026824064552783967
[6, 229] loss: 0.00013383083045482636
[6, 230] loss: 0.0005693420395255089
[6, 231] loss: 1.5227294061332942e-05
[6, 232] loss: 0.0007110618054866791
[6, 233] loss: 0.0013720981776714325
[6, 234] loss: 0.0018340590596199035
[6, 235] loss: 0.00015059485100209712
[6, 236] loss: 9.627163410186768e-05
[6, 237] loss: 0.0009775311499834061
[6, 238] loss: 0.00023153131827712058
[6, 239] loss: 0.00216455802321434
[6, 240] loss: 0.00012126646004617214
[6, 241] loss: 0.00019268689677119256
[6, 242] loss: 6.648038513958455e-05
[6, 243] loss: 0.0010871785879135133
[6, 244] loss: 9.66198556125164e-05
[6, 245] loss: 0.0008758165687322617
[6, 246] loss: 0.00016347529366612435
[6, 247] loss: 0.0008982773125171662
[6, 248] loss: 0.0006319691240787507
[6, 249] loss: 0.0001532810740172863
[6, 250] loss: 0.00042357929050922393
[6, 251] loss: 0.001035056933760643
[6, 252] loss: 5.410676822066307e-05
[6, 253] loss: 2.70045455545187e-05
[6, 254] loss: 4.662105813622475e-05
[6, 255] loss: 0.00010233094915747643
[6, 256] loss: 0.000491684153676033
[6, 257] loss: 0.00011987131088972091
[6, 258] loss: 3.982122521847486e-05
[6, 259] loss: 5.565759260207415e-05
[6, 260] loss: 0.00012249346822500228
[6, 261] loss: 0.00029234470799565314
[6, 262] loss: 0.00017074944451451302
[6, 263] loss: 9.449225850403308e-05
[6, 264] loss: 0.0008598257601261139
[6, 265] loss: 0.0004278155043721199
[6, 266] loss: 0.0005908497422933578
[6, 267] loss: 0.00013782080262899398
[6, 268] loss: 5.96977025270462e-05
[6, 269] loss: 5.938878748565912e-05
[6, 270] loss: 0.0007537021487951279
[6, 271] loss: 0.0004009862244129181
[6, 272] loss: 0.0001686260662972927
[6, 273] loss: 0.0007252555340528488
[6, 274] loss: 0.0008526290208101272
[6, 275] loss: 0.0001447505597025156
[6, 276] loss: 0.0008353247493505478
[6, 277] loss: 0.00010110734030604362
[6, 278] loss: 7.505814544856549e-05
[6, 279] loss: 0.00031491376459598543
[6, 280] loss: 4.429240711033344e-05
[6, 281] loss: 3.689495846629143e-05
[6, 282] loss: 0.0011036240309476853
[6, 283] loss: 0.00029453758150339127
[6, 284] loss: 9.850941598415374e-05
[6, 285] loss: 0.00029585951939225196
[6, 286] loss: 0.0003164377436041832
[6, 287] loss: 3.240994177758694e-05
[6, 288] loss: 0.00013328463770449162
[6, 289] loss: 0.00016643447801470757
[6, 290] loss: 6.581937894225121e-05
[6, 291] loss: 0.0003528350591659546
[6, 292] loss: 5.711299367249012e-05
[6, 293] loss: 0.00010823238641023636
[6, 294] loss: 0.0021317169070243836
[6, 295] loss: 0.0015808866918087005
[6, 296] loss: 1.197762554511428e-05
[6, 297] loss: 4.0923114866018296e-05
[6, 298] loss: 0.0003130992501974106
[6, 299] loss: 0.0002447390556335449
[6, 300] loss: 0.00021323775872588157
[6, 301] loss: 5.226197186857462e-05
[6, 302] loss: 7.499948143959046e-05
[6, 303] loss: 0.00011755099520087242
[6, 304] loss: 0.00025062382221221926
[6, 305] loss: 0.0012374737113714218
[6, 306] loss: 3.520974423736334e-05
[6, 307] loss: 0.00014661968685686589
[6, 308] loss: 0.00017654966562986375
[6, 309] loss: 0.00015951583161950112
[6, 310] loss: 0.00029106628149747847
[6, 311] loss: 0.0007376594096422196
[6, 312] loss: 0.00016916060820221902
[6, 313] loss: 7.091630715876817e-05
[6, 314] loss: 0.0009246396273374557
[6, 315] loss: 6.544155534356833e-05
[6, 316] loss: 0.00016694845631718636
[6, 317] loss: 0.000368804931640625
[6, 318] loss: 0.0002196984738111496
[6, 319] loss: 0.000566113144159317
[6, 320] loss: 0.00036847207695245743
[6, 321] loss: 0.0005298508703708649
[6, 322] loss: 0.00018209841102361678
[6, 323] loss: 0.0001016802154481411
[6, 324] loss: 0.00010288011282682418
[6, 325] loss: 0.0006229499354958534
[6, 326] loss: 0.0004739154875278473
[6, 327] loss: 0.00015047213062644005
[6, 328] loss: 0.00023929124698042869
[6, 329] loss: 0.00010164452716708183
[6, 330] loss: 6.771086715161801e-05
[6, 331] loss: 0.0002978225983679295
[6, 332] loss: 0.0012646211683750152
[6, 333] loss: 0.0003965654596686363
[6, 334] loss: 0.00012801727280020714
[6, 335] loss: 4.705226514488459e-05
[6, 336] loss: 0.00021884951740503312
[6, 337] loss: 0.00045526973903179166
[6, 338] loss: 0.00045537069439888
[6, 339] loss: 5.7652750983834265e-05
[6, 340] loss: 1.0296186665073038e-05
[6, 341] loss: 0.0002713029645383358
[6, 342] loss: 3.138481173664331e-05
[6, 343] loss: 0.00014451459050178527
[6, 344] loss: 0.0010508571565151215
[6, 345] loss: 0.00019219670444726945
[6, 346] loss: 0.0002524620108306408
[6, 347] loss: 0.00027451807633042334
[6, 348] loss: 0.0005221471935510636
[6, 349] loss: 6.123243365436792e-05
[6, 350] loss: 0.0005889619514346122
[6, 351] loss: 0.0007356785237789154
[6, 352] loss: 0.0001994365081191063
[6, 353] loss: 4.755649715662003e-05
[6, 354] loss: 0.00036361455917358396
[6, 355] loss: 0.00033303853124380114
[6, 356] loss: 0.00019536014646291731
[6, 357] loss: 0.0003704923391342163
[6, 358] loss: 0.0005411387607455253
[6, 359] loss: 0.00035859595984220503
[6, 360] loss: 1.9829415250569583e-05
[6, 361] loss: 0.0008174677193164826
[6, 362] loss: 0.00016203897073864936
[6, 363] loss: 0.000275337565690279
[6, 364] loss: 0.00023687701672315598
[6, 365] loss: 2.3413351736962796e-05
[6, 366] loss: 0.00015379540622234344
[6, 367] loss: 5.496195517480373e-05
[6, 368] loss: 2.6587285101413728e-05
[6, 369] loss: 0.000977732539176941
[6, 370] loss: 0.00012154057621955871
[6, 371] loss: 0.0012443631887435914
[6, 372] loss: 0.00012805072590708734
[6, 373] loss: 8.271621190942824e-06
[6, 374] loss: 0.0004445876181125641
[6, 375] loss: 0.0003610502183437347
[6, 376] loss: 0.0001406429149210453
[6, 377] loss: 9.19109582901001e-05
[6, 378] loss: 0.0004758502170443535
[6, 379] loss: 0.00016482783481478692
[6, 380] loss: 0.00027692724019289015
[6, 381] loss: 0.00021097635850310327
[6, 382] loss: 0.0003621463105082512
[6, 383] loss: 0.0007591410726308823
[6, 384] loss: 0.00012174427509307861
[6, 385] loss: 6.506346631795168e-05
[6, 386] loss: 0.0005176868662238121
[6, 387] loss: 6.187173537909985e-05
[6, 388] loss: 4.124559462070465e-05
[6, 389] loss: 2.3110539768822493e-06
[6, 390] loss: 0.003498319387435913
[6, 391] loss: 1.3032988645136357e-05
[6, 392] loss: 0.0003262858837842941
[6, 393] loss: 0.00011329341679811478
[6, 394] loss: 0.00027536330744624136
[6, 395] loss: 0.0007532107830047608
[6, 396] loss: 5.243855528533459e-05
[6, 397] loss: 0.00021245894953608513
[6, 398] loss: 9.627262479625641e-06
[6, 399] loss: 4.1911732405424116e-05
[6, 400] loss: 0.0010007750988006592
[6, 401] loss: 0.0007167400419712067
[6, 402] loss: 0.00024954915046691893
[6, 403] loss: 0.00022799570113420485
[6, 404] loss: 0.00020183218643069268
[6, 405] loss: 0.0001274299807846546
[6, 406] loss: 0.0011682260781526565
[6, 407] loss: 0.00020632093772292138
[6, 408] loss: 8.425445295870304e-05
[6, 409] loss: 0.0002720610983669758
[6, 410] loss: 0.0003665674850344658
[6, 411] loss: 9.462100453674793e-05
[6, 412] loss: 0.0006010102480649948
[6, 413] loss: 0.00017401594668626786
[6, 414] loss: 0.00019643217325210572
[6, 415] loss: 3.109930781647563e-05
[6, 416] loss: 0.0011359260976314546
[6, 417] loss: 0.0003472099453210831
[6, 418] loss: 0.00017400577664375305
[6, 419] loss: 5.618151277303696e-05
[6, 420] loss: 2.494037849828601e-05
[6, 421] loss: 3.219423349946737e-05
[6, 422] loss: 0.00046997915953397753
[6, 423] loss: 8.721699938178062e-05
[6, 424] loss: 0.0004164520651102066
[6, 425] loss: 0.0002908957377076149
[6, 426] loss: 7.25854467600584e-05
[6, 427] loss: 0.0001885674148797989
[6, 428] loss: 3.455995116382837e-05
[6, 429] loss: 0.00020122438669204713
[6, 430] loss: 0.000312013067305088
[6, 431] loss: 1.4231109526008368e-05
[6, 432] loss: 0.0006436953693628311
[6, 433] loss: 0.0003980061411857605
[6, 434] loss: 4.051463212817907e-05
[6, 435] loss: 0.0012141355872154235
[6, 436] loss: 0.0008557947725057602
[6, 437] loss: 7.600498502142728e-06
[6, 438] loss: 2.050439128652215e-05
[6, 439] loss: 2.738825976848602e-05
[6, 440] loss: 0.00010005256161093711
[6, 441] loss: 0.00029422929510474204
[6, 442] loss: 2.4654087610542774e-05
[6, 443] loss: 0.0003365745767951012
[6, 444] loss: 0.001649567186832428
[6, 445] loss: 0.0003159220516681671
[6, 446] loss: 0.003230231702327728
[6, 447] loss: 0.0003023328818380833
[6, 448] loss: 0.0005353535339236259
[6, 449] loss: 0.00022716375067830086
[6, 450] loss: 0.0003255075588822365
[6, 451] loss: 0.0004898106306791306
[6, 452] loss: 3.2351016998291015e-05
[6, 453] loss: 5.362387280911207e-05
[6, 454] loss: 5.85333164781332e-05
[6, 455] loss: 0.00021343940868973733
[6, 456] loss: 0.00014641706831753254
[6, 457] loss: 0.000198690053075552
[6, 458] loss: 0.00016376374289393426
[6, 459] loss: 0.00047760535031557086
[6, 460] loss: 0.00013102014549076557
[6, 461] loss: 0.0005168818309903145
[6, 462] loss: 0.00011534434743225575
[6, 463] loss: 9.991712868213653e-05
[6, 464] loss: 0.00016235018149018287
[6, 465] loss: 6.826384924352169e-05
[6, 466] loss: 0.0007432699203491211
[6, 467] loss: 0.00044371817260980607
[6, 468] loss: 0.00014513501897454263
[6, 469] loss: 0.00030428186058998106
[6, 470] loss: 0.00016855183988809586
[6, 471] loss: 8.96144099533558e-05
[6, 472] loss: 0.0002348232828080654
[6, 473] loss: 9.968195110559463e-05
[6, 474] loss: 0.0005220923945307731
[6, 475] loss: 0.0004271143302321434
[6, 476] loss: 0.0001727311871945858
[6, 477] loss: 8.064140565693379e-05
[6, 478] loss: 0.0005002773553133011
[6, 479] loss: 0.00010803394950926305
[6, 480] loss: 2.9362868517637252e-05
[6, 481] loss: 7.648577447980643e-05
[6, 482] loss: 5.628075450658798e-05
[6, 483] loss: 0.0005088255554437638
[6, 484] loss: 4.650876857340336e-05
[6, 485] loss: 0.00011070527136325837
[6, 486] loss: 0.00050026074051857
[6, 487] loss: 6.254999898374081e-05
[6, 488] loss: 0.001704862415790558
[6, 489] loss: 0.00015873396769165992
[6, 490] loss: 0.0005226092785596847
[6, 491] loss: 0.00010584625415503979
[6, 492] loss: 0.00018450604751706122
[6, 493] loss: 0.0002574419416487217
[6, 494] loss: 9.32326726615429e-05
[6, 495] loss: 0.0006541749835014344
[6, 496] loss: 0.00020201295614242555
[6, 497] loss: 6.644613109529019e-05
[6, 498] loss: 0.00012606626376509666
[6, 499] loss: 6.179503165185452e-05
[6, 500] loss: 0.0017582081258296967
[6, 501] loss: 6.454563699662686e-05
[6, 502] loss: 2.3315786384046076e-05
[6, 503] loss: 3.928239922970533e-05
[6, 504] loss: 8.881429210305213e-05
[6, 505] loss: 3.972203936427831e-05
[6, 506] loss: 2.338692545890808e-05
[6, 507] loss: 0.0004226483777165413
[6, 508] loss: 0.0008377507328987122
[6, 509] loss: 0.00025288140401244166
[6, 510] loss: 0.00040050409734249115
[6, 511] loss: 2.6146259624511004e-05
[6, 512] loss: 3.276568837463856e-05
[6, 513] loss: 3.7469468079507354e-05
[6, 514] loss: 0.0003110762871801853
[6, 515] loss: 0.00022607902064919472
[6, 516] loss: 6.024954840540886e-05
[6, 517] loss: 0.00015281638130545616
[6, 518] loss: 0.00020847488194704057
[6, 519] loss: 9.633803740143775e-05
[6, 520] loss: 0.00017956506460905074
[6, 521] loss: 0.00021576710045337677
[6, 522] loss: 4.046250600367785e-05
[6, 523] loss: 0.0001518816314637661
[6, 524] loss: 0.00011751966550946236
[6, 525] loss: 9.57072339951992e-05
[6, 526] loss: 0.0008882485330104828
[6, 527] loss: 0.00046298403292894364
[6, 528] loss: 0.0002355140633881092
[6, 529] loss: 0.00017223911359906196
[6, 530] loss: 0.00028637997806072233
[6, 531] loss: 0.0014643767476081849
[6, 532] loss: 6.123295053839684e-05
[6, 533] loss: 0.00010726720094680786
[6, 534] loss: 0.0004025392979383469
[6, 535] loss: 0.00020376574248075484
[6, 536] loss: 8.937086910009385e-05
[6, 537] loss: 0.00038036134093999863
[6, 538] loss: 0.0007046306878328323
[6, 539] loss: 0.00015120521187782286
[6, 540] loss: 0.0002753511257469654
[6, 541] loss: 0.00010090171359479427
[6, 542] loss: 0.000131240738555789
[6, 543] loss: 3.498871112242341e-05
[6, 544] loss: 0.0002821626514196396
[6, 545] loss: 0.00033496398478746417
[6, 546] loss: 0.00041919410228729247
[6, 547] loss: 0.00012662428431212903
[6, 548] loss: 5.2616544999182223e-05
[6, 549] loss: 0.00010895895771682262
[6, 550] loss: 0.0003053012676537037
[6, 551] loss: 0.0002759207785129547
[6, 552] loss: 7.294938433915376e-05
[6, 553] loss: 0.00026009635999798777
[6, 554] loss: 0.00011200503446161747
[6, 555] loss: 0.0004927357658743858
[6, 556] loss: 0.0006279485672712326
[6, 557] loss: 9.079216979444027e-05
[6, 558] loss: 0.0002679222822189331
[6, 559] loss: 4.5758136548101905e-05
[6, 560] loss: 0.000267128050327301
[6, 561] loss: 1.549796899780631e-05
[6, 562] loss: 0.00010327795520424843
[6, 563] loss: 0.0008042266964912414
[6, 564] loss: 1.0560705559328199e-05
[6, 565] loss: 4.016427788883448e-05
[6, 566] loss: 0.00027408901602029803
[6, 567] loss: 5.050814710557461e-05
[6, 568] loss: 7.336948532611131e-05
[6, 569] loss: 0.00017177363857626916
[6, 570] loss: 0.0005853102356195449
[6, 571] loss: 0.00019975190982222558
[6, 572] loss: 0.00038845162838697434
[6, 573] loss: 0.00012093395926058293
[6, 574] loss: 0.0014230598509311675
[6, 575] loss: 2.1649717818945647e-05
[6, 576] loss: 0.00011823575012385845
[6, 577] loss: 9.321669349446893e-06
[6, 578] loss: 3.599759889766574e-05
[6, 579] loss: 0.00033829838037490844
[6, 580] loss: 0.00016506090760231017
[6, 581] loss: 8.300286717712879e-05
[6, 582] loss: 0.0011740549653768539
[6, 583] loss: 0.00022826876491308212
[6, 584] loss: 0.00021009203046560288
[6, 585] loss: 0.0015877079963684082
[6, 586] loss: 2.5593654718250037e-05
[6, 587] loss: 0.00034944888204336167
[6, 588] loss: 9.735527448356151e-05
[6, 589] loss: 0.00046666190028190615
[6, 590] loss: 0.0004881270229816437
[6, 591] loss: 0.000323619544506073
[6, 592] loss: 0.0016676458716392518
[6, 593] loss: 0.00022686954587697983
[6, 594] loss: 0.00021063508465886117
[6, 595] loss: 0.0001877652667462826
[6, 596] loss: 7.14886374771595e-05
[6, 597] loss: 0.00016602136194705962
[6, 598] loss: 0.0003209101781249046
[6, 599] loss: 2.501535462215543e-05
[6, 600] loss: 0.0001986190490424633
[6, 601] loss: 0.0005863072350621223
[6, 602] loss: 0.0007347092032432556
[6, 603] loss: 0.0001870282366871834
[6, 604] loss: 0.0002229103073477745
[6, 605] loss: 0.000542236864566803
[6, 606] loss: 5.904779769480228e-05
[6, 607] loss: 0.00014639055356383324
[6, 608] loss: 0.000996125116944313
[6, 609] loss: 0.0005778387188911438
[6, 610] loss: 0.0005431540682911873
[6, 611] loss: 0.00011782363057136536
[6, 612] loss: 0.0003113270364701748
[6, 613] loss: 0.0008178560435771942
[6, 614] loss: 8.46686027944088e-05
[6, 615] loss: 0.00016956089064478874
[6, 616] loss: 0.0009346864372491837
[6, 617] loss: 0.0010153499990701676
[6, 618] loss: 0.00017359185963869095
[6, 619] loss: 0.000720302164554596
[6, 620] loss: 0.00015622776933014394
[6, 621] loss: 0.0007787568122148514
[6, 622] loss: 0.0001284538023173809
[6, 623] loss: 0.0005087920650839805
[6, 624] loss: 0.00011549406684935093
[6, 625] loss: 7.22329830750823e-05
[6, 626] loss: 0.0004162663966417313
[6, 627] loss: 0.000164397731423378
[6, 628] loss: 0.001371179074048996
[6, 629] loss: 0.00029890043660998347
[6, 630] loss: 0.0002352941781282425
[6, 631] loss: 2.208488527685404e-05
[6, 632] loss: 0.00023647105321288108
[6, 633] loss: 2.9012898448854684e-05
[6, 634] loss: 0.0007903624325990676
[6, 635] loss: 0.00021721893921494484
[6, 636] loss: 0.00019411247223615646
[6, 637] loss: 0.0008460014313459396
[6, 638] loss: 0.0006015133112668991
[6, 639] loss: 0.0003582870960235596
[6, 640] loss: 7.683134637773037e-05
[6, 641] loss: 0.0007877549529075622
[6, 642] loss: 3.824638435617089e-05
[6, 643] loss: 0.00044867418706417083
[6, 644] loss: 0.0004491080716252327
[6, 645] loss: 0.00046930402517318724
[6, 646] loss: 0.0013596011698246001
[6, 647] loss: 0.00043086361140012744
[6, 648] loss: 8.141752332448959e-05
[6, 649] loss: 0.0003858505934476852
[6, 650] loss: 0.00014809036627411843
[6, 651] loss: 0.00018087644129991532
[6, 652] loss: 0.0005884288251399994
[6, 653] loss: 0.0005619960278272629
[6, 654] loss: 0.0019120074808597564
[6, 655] loss: 0.0002072659134864807
[6, 656] loss: 8.28368030488491e-05
[6, 657] loss: 0.00023986753076314925
[6, 658] loss: 0.00021671172231435776
[6, 659] loss: 6.283896509557962e-05
[6, 660] loss: 4.378965124487877e-05
[6, 661] loss: 0.00024073321372270585
[6, 662] loss: 7.294915616512298e-05
[6, 663] loss: 0.0007344631850719452
[6, 664] loss: 4.6461531892418864e-05
[6, 665] loss: 9.97768621891737e-05
[6, 666] loss: 0.00018939504399895668
[6, 667] loss: 3.310133470222354e-05
[6, 668] loss: 0.0004941549152135849
[6, 669] loss: 0.0004953772574663162
[6, 670] loss: 0.0003771005943417549
[6, 671] loss: 0.00023205889388918876
[6, 672] loss: 9.209488518536091e-05
[6, 673] loss: 3.646876895800233e-05
[6, 674] loss: 3.719473723322153e-05
[6, 675] loss: 0.0013008959591388702
[6, 676] loss: 4.707398358732462e-05
[6, 677] loss: 2.6706941425800324e-05
[6, 678] loss: 0.0006067611277103425
[6, 679] loss: 0.0008802905678749085
[6, 680] loss: 0.0020655085146427154
[6, 681] loss: 0.0004129085317254066
[6, 682] loss: 6.805414333939552e-05
[6, 683] loss: 6.444779690355062e-05
[6, 684] loss: 0.00027483677491545676
[6, 685] loss: 0.0008160027861595153
[6, 686] loss: 4.988084547221661e-05
[6, 687] loss: 0.0007067164778709412
[6, 688] loss: 0.000258291382342577
[6, 689] loss: 0.0014187432825565338
[6, 690] loss: 0.0005784376338124276
[6, 691] loss: 0.0007346184551715851
[6, 692] loss: 0.0008167077600955963
[6, 693] loss: 9.580446407198905e-05
[6, 694] loss: 2.142055658623576e-05
[6, 695] loss: 4.010299686342478e-05
[6, 696] loss: 0.00019071035087108611
[6, 697] loss: 9.630970656871795e-05
[6, 698] loss: 0.00019457750022411346
[6, 699] loss: 0.00021175054833292962
[6, 700] loss: 0.0011827482283115387
[6, 701] loss: 0.00034367281943559647
[6, 702] loss: 0.0006527072191238404
[6, 703] loss: 2.8807704802602528e-05
[6, 704] loss: 0.00017189837992191316
[6, 705] loss: 5.406539887189865e-05
[6, 706] loss: 0.00012221364304423332
[6, 707] loss: 0.0008309705555438995
[6, 708] loss: 0.0015092349052429198
[6, 709] loss: 0.00026347627863287926
[6, 710] loss: 0.00015245921909809112
[6, 711] loss: 0.00036686696112155916
[6, 712] loss: 0.0006003858149051666
[6, 713] loss: 0.0006468286365270614
[6, 714] loss: 0.00010725053027272225
[6, 715] loss: 2.736353548243642e-05
[6, 716] loss: 0.0010276007652282714
[6, 717] loss: 0.0002543209306895733
[6, 718] loss: 0.0005723779648542404
[6, 719] loss: 0.0001165376789867878
[6, 720] loss: 0.00020461585372686387
[6, 721] loss: 0.0015472085773944855
[6, 722] loss: 0.0007637103646993637
[6, 723] loss: 0.00021766580641269684
[6, 724] loss: 0.0011190547049045564
[6, 725] loss: 0.002088740170001984
[6, 726] loss: 9.08653438091278e-05
[6, 727] loss: 8.865953423082828e-05
[6, 728] loss: 0.00021064864471554757
[6, 729] loss: 3.447319846600294e-05
[6, 730] loss: 0.00016135944053530693
[6, 731] loss: 0.00010525246150791645
[6, 732] loss: 0.00010027066804468632
[6, 733] loss: 0.0015969854593276978
[6, 734] loss: 0.0010150987654924393
[6, 735] loss: 0.00030885931104421613
[6, 736] loss: 0.00011727719567716121
[6, 737] loss: 0.00028694028034806254
[6, 738] loss: 9.643926285207271e-05
[6, 739] loss: 0.0003505731001496315
[6, 740] loss: 0.0004788829758763313
[6, 741] loss: 8.605697192251682e-05
[6, 742] loss: 0.0010406898707151413
[6, 743] loss: 0.00017308497801423072
[6, 744] loss: 0.0010537800192832946
[6, 745] loss: 0.00047996174544095993
[6, 746] loss: 0.0010440079122781753
[6, 747] loss: 0.0006196383014321328
[6, 748] loss: 0.0009049646556377411
[6, 749] loss: 0.0011161317676305772
[6, 750] loss: 8.849104866385459e-05
[6, 751] loss: 0.00011740298941731453
[6, 752] loss: 0.0005253009498119354
[6, 753] loss: 0.00013908027671277523
[6, 754] loss: 6.96271238848567e-05
[6, 755] loss: 0.0004642164334654808
[6, 756] loss: 0.00016811417415738106
[6, 757] loss: 0.0001749480329453945
[6, 758] loss: 0.0001616319827735424
[6, 759] loss: 0.0003147966042160988
[6, 760] loss: 0.0009369705617427826
[6, 761] loss: 0.00030483569949865344
[6, 762] loss: 4.4217444956302645e-05
[6, 763] loss: 0.00010360960848629475
[6, 764] loss: 0.0009253414720296859
[6, 765] loss: 0.0004307795315980911
[6, 766] loss: 6.911183707416058e-05
[6, 767] loss: 0.00032483499497175215
[6, 768] loss: 9.966082870960236e-05
[6, 769] loss: 2.8489811811596155e-05
[6, 770] loss: 0.00030340541154146196
[6, 771] loss: 0.00021361086517572404
[6, 772] loss: 0.0002574339136481285
[6, 773] loss: 0.00029076026752591135
[6, 774] loss: 0.000578528642654419
[6, 775] loss: 0.00035830866545438766
[6, 776] loss: 8.104836568236351e-05
[6, 777] loss: 0.0010537955164909363
[6, 778] loss: 0.00011777309700846672
[6, 779] loss: 0.0006806062161922455
[6, 780] loss: 0.0002015312947332859
[6, 781] loss: 0.0002871742472052574
[6, 782] loss: 0.00010555652901530266
[6, 783] loss: 0.0005374198406934738
[6, 784] loss: 0.0005749470740556717
[6, 785] loss: 7.671437691897154e-05
[6, 786] loss: 0.0010816604644060136
[6, 787] loss: 2.6681513991206883e-05
[6, 788] loss: 0.00028454041108489037
[6, 789] loss: 0.0016584031283855439
[6, 790] loss: 9.686370380222797e-05
[6, 791] loss: 0.0005431217327713967
[6, 792] loss: 0.00040521442890167236
[6, 793] loss: 0.0004545256868004799
[6, 794] loss: 0.00017956068739295006
[6, 795] loss: 0.00037857070565223695
[6, 796] loss: 0.0009852517396211624
[6, 797] loss: 0.00020987043157219887
[6, 798] loss: 7.60311633348465e-05
[6, 799] loss: 6.918150931596756e-05
[6, 800] loss: 0.0010104368627071381
[6, 801] loss: 0.0014704911410808564
[6, 802] loss: 7.623950019478797e-05
[6, 803] loss: 0.0002021859586238861
[6, 804] loss: 0.001507273018360138
[6, 805] loss: 6.762280128896236e-05
[6, 806] loss: 0.0005731655284762383
[6, 807] loss: 0.0003122534416615963
[6, 808] loss: 0.0002779006026685238
[6, 809] loss: 0.0005962672084569931
[6, 810] loss: 0.00036421444267034533
[6, 811] loss: 0.0006460583209991455
[6, 812] loss: 0.0002052135206758976
[6, 813] loss: 0.0002114447206258774
[6, 814] loss: 0.00023708363994956016
[6, 815] loss: 7.391007617115974e-05
[6, 816] loss: 0.0003051510639488697
[6, 817] loss: 0.00021086283028125762
[6, 818] loss: 0.0008622511476278305
[6, 819] loss: 0.00023371940478682517
[6, 820] loss: 0.0001078877691179514
[6, 821] loss: 0.0004636373743414879
[6, 822] loss: 0.0006018760800361633
[6, 823] loss: 0.0009410779178142547
[6, 824] loss: 0.00036858104169368744
[6, 825] loss: 0.00014296595938503742
[6, 826] loss: 0.0003997739404439926
[6, 827] loss: 0.00024000853300094606
[6, 828] loss: 0.00016641346737742425
[6, 829] loss: 9.274757467210293e-05
[6, 830] loss: 0.0005518988519906998
[6, 831] loss: 0.0001497487723827362
[6, 832] loss: 0.00037299107760190963
[6, 833] loss: 3.004296217113733e-05
[6, 834] loss: 4.806721117347479e-05
[6, 835] loss: 0.0009143101423978806
[6, 836] loss: 0.00047669511288404463
[6, 837] loss: 0.0001225825771689415
[6, 838] loss: 5.7164300233125684e-05
[6, 839] loss: 3.495599143207073e-05
[6, 840] loss: 3.538103308528662e-05
[6, 841] loss: 0.00045425113290548325
[6, 842] loss: 5.394581705331802e-05
[6, 843] loss: 0.00011285763233900071
[6, 844] loss: 0.00044812429696321486
[6, 845] loss: 0.0006657386571168899
[6, 846] loss: 0.00043252851814031603
[6, 847] loss: 0.00018874000757932664
[6, 848] loss: 0.0009942716360092163
[6, 849] loss: 0.00024396572262048722
[6, 850] loss: 0.00014396272599697112
[6, 851] loss: 0.000688137486577034
[6, 852] loss: 0.00016220007091760635
[6, 853] loss: 0.00020485486835241317
[6, 854] loss: 0.00017559999600052833
[6, 855] loss: 0.00020069096237421036
[6, 856] loss: 2.6905196718871594e-05
[6, 857] loss: 0.00025477869436144827
[6, 858] loss: 7.919343188405037e-05
[6, 859] loss: 0.0010136315226554871
[6, 860] loss: 0.0002057018131017685
[6, 861] loss: 0.0005284828692674637
[6, 862] loss: 0.00048168133944272997
[6, 863] loss: 0.0002571513317525387
[6, 864] loss: 0.0008502867817878723
[6, 865] loss: 0.0007631836831569672
[6, 866] loss: 5.0899563357234e-05
[6, 867] loss: 5.776960868388414e-05
[6, 868] loss: 0.00019512075930833817
[6, 869] loss: 5.998925771564245e-05
[6, 870] loss: 7.481316104531289e-05
[6, 871] loss: 0.0007361692190170289
[6, 872] loss: 3.0023569706827402e-05
[6, 873] loss: 0.0001341050025075674
[6, 874] loss: 0.0022439642250537874
[6, 875] loss: 3.1329004559665916e-05
[6, 876] loss: 0.00044700130820274353
[6, 877] loss: 5.824535619467497e-05
[6, 878] loss: 0.0004169367253780365
[6, 879] loss: 0.0004069012776017189
[6, 880] loss: 9.956826455891132e-05
[6, 881] loss: 2.2286679595708847e-05
[6, 882] loss: 0.00026424510404467584
[6, 883] loss: 0.00012410677038133145
[6, 884] loss: 0.0005566756054759026
[6, 885] loss: 0.002008950114250183
[6, 886] loss: 0.0002411658689379692
[6, 887] loss: 8.470357395708561e-05
[6, 888] loss: 0.0002935941331088543
[6, 889] loss: 0.0002900094911456108
[6, 890] loss: 0.0004238155484199524
[6, 891] loss: 0.0007857885956764221
[6, 892] loss: 6.785240489989519e-05
[6, 893] loss: 0.0008629216253757477
[6, 894] loss: 1.8450344214215875e-05
[6, 895] loss: 8.475899696350098e-05
[6, 896] loss: 6.276012398302555e-05
[6, 897] loss: 5.575189832597971e-05
[6, 898] loss: 0.00020740803331136703
[6, 899] loss: 5.9714247472584245e-05
[6, 900] loss: 0.0001704126037657261
[6, 901] loss: 0.00013394413515925409
[6, 902] loss: 0.00034528624266386035
[6, 903] loss: 0.0005820934474468231
[6, 904] loss: 0.0003753606602549553
[6, 905] loss: 0.0006482479721307754
[6, 906] loss: 3.2975818030536174e-05
[6, 907] loss: 8.272282779216767e-05
[6, 908] loss: 9.066413156688213e-05
[6, 909] loss: 0.0001028614491224289
[6, 910] loss: 3.684666007757187e-05
[6, 911] loss: 0.0008067249506711959
[6, 912] loss: 0.00014399906620383263
[6, 913] loss: 0.00021533356979489327
[6, 914] loss: 0.00043781083077192305
[6, 915] loss: 0.0002742961049079895
[6, 916] loss: 0.00011147098615765571
[6, 917] loss: 0.00012578032910823823
[6, 918] loss: 0.00023234099149703979
[6, 919] loss: 6.749489810317755e-05
[6, 920] loss: 0.0005929293110966682
[6, 921] loss: 0.0006972344219684601
[6, 922] loss: 0.0008508629351854324
[6, 923] loss: 6.385767832398415e-05
[6, 924] loss: 0.0007391766458749771
[6, 925] loss: 1.84519961476326e-05
[6, 926] loss: 0.0005421144887804985
[6, 927] loss: 0.0008719588816165924
[6, 928] loss: 2.7754022739827632e-05
[6, 929] loss: 0.0002392728440463543
[6, 930] loss: 9.482352994382382e-05
[6, 931] loss: 0.00023609770461916924
[6, 932] loss: 0.00017897188663482667
[6, 933] loss: 0.0006065309047698974
[6, 934] loss: 0.0009183742851018906
[6, 935] loss: 5.568149033933878e-05
[6, 936] loss: 4.750399850308895e-05
[6, 937] loss: 0.0005509822070598602
[7, 0] loss: 6.971067283302545e-05
[7, 1] loss: 8.284223265945911e-05
[7, 2] loss: 3.929309081286192e-05
[7, 3] loss: 4.7400780022144315e-05
[7, 4] loss: 0.0013836929202079773
[7, 5] loss: 5.620218813419342e-05
[7, 6] loss: 0.00028458928689360617
[7, 7] loss: 0.001203361451625824
[7, 8] loss: 0.00024452738463878634
[7, 9] loss: 5.077322013676167e-05
[7, 10] loss: 4.828971810638905e-05
[7, 11] loss: 6.649764720350503e-05
[7, 12] loss: 5.7527623139321806e-05
[7, 13] loss: 4.162884782999754e-05
[7, 14] loss: 0.00010785935446619988
[7, 15] loss: 0.00020776117220520972
[7, 16] loss: 7.531752344220876e-05
[7, 17] loss: 0.00013195013627409935
[7, 18] loss: 0.003409774899482727
[7, 19] loss: 0.0005134595558047295
[7, 20] loss: 0.00030818291008472443
[7, 21] loss: 0.0022047159075737
[7, 22] loss: 0.00012937902472913266
[7, 23] loss: 0.0005642683804035187
[7, 24] loss: 5.5362079292535783e-05
[7, 25] loss: 4.813484381884336e-05
[7, 26] loss: 0.00037221409380435946
[7, 27] loss: 0.0016263611614704132
[7, 28] loss: 0.0003061206638813019
[7, 29] loss: 0.00015246188268065454
[7, 30] loss: 0.000214436836540699
[7, 31] loss: 0.0002583273313939571
[7, 32] loss: 0.0002547064982354641
[7, 33] loss: 0.00019790848717093467
[7, 34] loss: 0.0002254125475883484
[7, 35] loss: 0.00015615849755704403
[7, 36] loss: 0.0004235139116644859
[7, 37] loss: 4.451759625226259e-05
[7, 38] loss: 6.0682869516313077e-05
[7, 39] loss: 0.0005217499285936355
[7, 40] loss: 0.00045223161578178406
[7, 41] loss: 0.0004248762503266335
[7, 42] loss: 0.0005541883036494255
[7, 43] loss: 5.627466831356287e-05
[7, 44] loss: 5.5025010369718074e-05
[7, 45] loss: 2.390329958871007e-05
[7, 46] loss: 5.842611659318209e-05
[7, 47] loss: 3.0909511260688304e-05
[7, 48] loss: 3.2718642614781857e-05
[7, 49] loss: 0.00032285608351230623
[7, 50] loss: 0.00010921528562903405
[7, 51] loss: 0.0009252049773931504
[7, 52] loss: 0.0006528016179800034
[7, 53] loss: 7.04259518533945e-05
[7, 54] loss: 0.0008756712824106216
[7, 55] loss: 0.0007560665905475616
[7, 56] loss: 0.0001194754522293806
[7, 57] loss: 0.0005399250984191895
[7, 58] loss: 0.00014912227168679238
[7, 59] loss: 0.0009154466539621353
[7, 60] loss: 5.760276224464178e-05
[7, 61] loss: 3.612760221585631e-05
[7, 62] loss: 0.00020282965153455734
[7, 63] loss: 0.0005428815633058548
[7, 64] loss: 0.00012881556525826454
[7, 65] loss: 7.68098421394825e-05
[7, 66] loss: 1.57988874707371e-05
[7, 67] loss: 0.0006800060719251632
[7, 68] loss: 9.195547550916672e-05
[7, 69] loss: 6.421687081456184e-05
[7, 70] loss: 1.367771765217185e-05
[7, 71] loss: 0.00013652080669999123
[7, 72] loss: 8.575530722737312e-05
[7, 73] loss: 0.0004249973967671394
[7, 74] loss: 0.00015158583410084247
[7, 75] loss: 4.42870007827878e-05
[7, 76] loss: 7.788524962961673e-05
[7, 77] loss: 0.0007468149811029434
[7, 78] loss: 0.0002634652517735958
[7, 79] loss: 0.00023306012153625488
[7, 80] loss: 0.00016466090455651282
[7, 81] loss: 4.778177244588733e-06
[7, 82] loss: 7.856005802750588e-05
[7, 83] loss: 5.30994450673461e-05
[7, 84] loss: 5.6405402719974515e-05
[7, 85] loss: 0.00016528144478797913
[7, 86] loss: 0.00033863559365272523
[7, 87] loss: 2.4955810513347387e-05
[7, 88] loss: 0.0006160301342606544
[7, 89] loss: 0.00036756787449121475
[7, 90] loss: 5.1413280889391896e-05
[7, 91] loss: 7.36840721219778e-05
[7, 92] loss: 2.2004826460033654e-05
[7, 93] loss: 0.00023890038952231407
[7, 94] loss: 1.4744565123692156e-05
[7, 95] loss: 6.245202384889126e-05
[7, 96] loss: 0.0005212152376770973
[7, 97] loss: 1.716540427878499e-05
[7, 98] loss: 3.198183374479413e-05
[7, 99] loss: 8.665735833346844e-05
[7, 100] loss: 0.0002149747684597969
[7, 101] loss: 0.0006596874445676804
[7, 102] loss: 0.00022233594208955764
[7, 103] loss: 7.618012372404337e-05
[7, 104] loss: 9.402791038155555e-05
[7, 105] loss: 0.00011391596868634224
[7, 106] loss: 3.2453655730932954e-05
[7, 107] loss: 3.0755456537008284e-05
[7, 108] loss: 0.00038392305374145507
[7, 109] loss: 0.0002568698488175869
[7, 110] loss: 3.883862169459462e-05
[7, 111] loss: 5.0491411238908766e-05
[7, 112] loss: 0.00019484972581267356
[7, 113] loss: 0.00022859955206513404
[7, 114] loss: 0.0009945385158061982
[7, 115] loss: 3.6609810777008534e-05
[7, 116] loss: 0.00015784421935677529
[7, 117] loss: 0.0004519207775592804
[7, 118] loss: 0.00043421626091003416
[7, 119] loss: 0.0006071076169610023
[7, 120] loss: 0.0014784206449985505
[7, 121] loss: 4.528524819761515e-05
[7, 122] loss: 1.2965053319931031e-05
[7, 123] loss: 0.0002296135015785694
[7, 124] loss: 0.0003048397973179817
[7, 125] loss: 8.402582025155426e-06
[7, 126] loss: 6.144477985799313e-05
[7, 127] loss: 0.00021172257140278817
[7, 128] loss: 0.00017942797392606736
[7, 129] loss: 0.00013365388847887515
[7, 130] loss: 2.8408514335751533e-05
[7, 131] loss: 0.0015098533034324645
[7, 132] loss: 8.30869481433183e-06
[7, 133] loss: 3.398394677788019e-05
[7, 134] loss: 6.405609659850598e-05
[7, 135] loss: 0.00041037965565919875
[7, 136] loss: 4.2263763025403025e-05
[7, 137] loss: 8.520604111254215e-05
[7, 138] loss: 8.57815146446228e-05
[7, 139] loss: 0.00024339886382222176
[7, 140] loss: 0.00022417888045310973
[7, 141] loss: 0.0004182594269514084
[7, 142] loss: 8.756956085562707e-05
[7, 143] loss: 9.05153900384903e-05
[7, 144] loss: 7.56214652210474e-05
[7, 145] loss: 0.0004743656516075134
[7, 146] loss: 3.0708923004567625e-05
[7, 147] loss: 6.896833889186383e-05
[7, 148] loss: 0.0007320360839366913
[7, 149] loss: 4.031813237816095e-05
[7, 150] loss: 0.0003344645723700523
[7, 151] loss: 7.045153062790633e-05
[7, 152] loss: 4.93686692789197e-05
[7, 153] loss: 1.4451766619458794e-05
[7, 154] loss: 7.767176721245051e-05
[7, 155] loss: 1.7060645623132585e-05
[7, 156] loss: 4.2405091226100924e-05
[7, 157] loss: 0.0008114299178123474
[7, 158] loss: 0.0002913490496575832
[7, 159] loss: 0.00011283259838819504
[7, 160] loss: 0.0004061586782336235
[7, 161] loss: 0.00013622093945741653
[7, 162] loss: 0.0002324048802256584
[7, 163] loss: 0.00011167631484568119
[7, 164] loss: 4.9528819508850575e-05
[7, 165] loss: 0.0009031447023153305
[7, 166] loss: 0.00015396918170154094
[7, 167] loss: 0.00030660755932331084
[7, 168] loss: 0.0008179882168769837
[7, 169] loss: 0.0001540044415742159
[7, 170] loss: 0.0005602845549583435
[7, 171] loss: 7.535899057984353e-05
[7, 172] loss: 0.00015179376117885113
[7, 173] loss: 0.0001212840061634779
[7, 174] loss: 0.00019075799733400345
[7, 175] loss: 3.213532036170363e-05
[7, 176] loss: 5.457408726215363e-05
[7, 177] loss: 8.815335109829903e-05
[7, 178] loss: 0.0003367004171013832
[7, 179] loss: 5.552222952246666e-05
[7, 180] loss: 0.00015269442461431028
[7, 181] loss: 0.00033622179180383684
[7, 182] loss: 5.351516883820295e-05
[7, 183] loss: 0.0012195375561714172
[7, 184] loss: 0.0009131961315870285
[7, 185] loss: 0.0008635726571083068
[7, 186] loss: 0.0007362178713083268
[7, 187] loss: 0.00020030718296766282
[7, 188] loss: 0.0011039517819881439
[7, 189] loss: 0.00023620450869202614
[7, 190] loss: 0.00013344046659767626
[7, 191] loss: 0.0003814907371997833
[7, 192] loss: 0.0003075630962848663
[7, 193] loss: 0.00037401162087917326
[7, 194] loss: 0.00014940848574042322
[7, 195] loss: 2.107848413288593e-05
[7, 196] loss: 2.639315789565444e-05
[7, 197] loss: 0.00021080989390611648
[7, 198] loss: 0.0002518944628536701
[7, 199] loss: 4.076596349477768e-05
[7, 200] loss: 1.9014370627701284e-05
[7, 201] loss: 0.002628493010997772
[7, 202] loss: 1.4758261386305094e-05
[7, 203] loss: 0.0007642359286546707
[7, 204] loss: 1.7773797735571862e-05
[7, 205] loss: 2.4614529684185983e-06
[7, 206] loss: 0.00012742298655211927
[7, 207] loss: 9.742818772792816e-05
[7, 208] loss: 6.767765153199434e-05
[7, 209] loss: 0.00011464966461062431
[7, 210] loss: 3.135692677460611e-06
[7, 211] loss: 3.667604411020875e-05
[7, 212] loss: 0.0006277743726968765
[7, 213] loss: 3.428156021982431e-05
[7, 214] loss: 0.0014035888016223907
[7, 215] loss: 0.00011945821344852447
[7, 216] loss: 0.0002791120111942291
[7, 217] loss: 3.25479544699192e-05
[7, 218] loss: 0.0009487227350473404
[7, 219] loss: 0.00047493070363998415
[7, 220] loss: 0.00016976799815893173
[7, 221] loss: 0.0008455926179885865
[7, 222] loss: 0.00017668550834059715
[7, 223] loss: 0.00037495475262403486
[7, 224] loss: 0.0008590234816074371
[7, 225] loss: 0.0005201328918337821
[7, 226] loss: 6.0957842506468297e-05
[7, 227] loss: 0.00018933124840259552
[7, 228] loss: 8.904031477868557e-05
[7, 229] loss: 0.00027716606855392455
[7, 230] loss: 0.001250363439321518
[7, 231] loss: 0.00017093425616621972
[7, 232] loss: 2.8237435035407543e-05
[7, 233] loss: 4.4552767649292944e-05
[7, 234] loss: 5.828837864100933e-05
[7, 235] loss: 5.080142058432102e-05
[7, 236] loss: 0.00016830142587423324
[7, 237] loss: 0.0006293984502553939
[7, 238] loss: 0.0008144069463014603
[7, 239] loss: 0.0003319212421774864
[7, 240] loss: 0.0010357359796762467
[7, 241] loss: 8.99597443640232e-05
[7, 242] loss: 0.0005225875973701477
[7, 243] loss: 7.250717841088772e-05
[7, 244] loss: 7.436706684529781e-05
[7, 245] loss: 0.0001390091422945261
[7, 246] loss: 0.0005858341231942177
[7, 247] loss: 0.0005342541262507439
[7, 248] loss: 0.000274007897824049
[7, 249] loss: 1.8565093632787466e-05
[7, 250] loss: 0.0008570625633001328
[7, 251] loss: 0.0010630612075328827
[7, 252] loss: 0.00017887573689222335
[7, 253] loss: 5.531542468816042e-05
[7, 254] loss: 0.00039909102022647855
[7, 255] loss: 0.001151665821671486
[7, 256] loss: 0.00014001295901834964
[7, 257] loss: 0.00015292296186089516
[7, 258] loss: 2.1109841763973236e-05
[7, 259] loss: 5.897208582609892e-05
[7, 260] loss: 0.0002994411624968052
[7, 261] loss: 0.0002159111574292183
[7, 262] loss: 3.8956175558269024e-05
[7, 263] loss: 1.3642531121149659e-05
[7, 264] loss: 5.4331040009856226e-05
[7, 265] loss: 3.543692408129573e-05
[7, 266] loss: 0.0007402710616588593
[7, 267] loss: 1.579269766807556e-05
[7, 268] loss: 0.0001630552113056183
[7, 269] loss: 0.00041212074458599093
[7, 270] loss: 0.0013165168464183807
[7, 271] loss: 4.88728005439043e-05
[7, 272] loss: 4.735867492854595e-05
[7, 273] loss: 3.346287412568927e-05
[7, 274] loss: 0.0009315313398838044
[7, 275] loss: 7.405665703117847e-05
[7, 276] loss: 2.17153993435204e-05
[7, 277] loss: 0.0009627383947372436
[7, 278] loss: 0.00026877468451857566
[7, 279] loss: 0.00030019823461771014
[7, 280] loss: 5.697101587429643e-06
[7, 281] loss: 8.135518990457058e-05
[7, 282] loss: 0.00046000551432371137
[7, 283] loss: 2.9672125820070505e-05
[7, 284] loss: 0.0007843709737062455
[7, 285] loss: 6.908011855557561e-06
[7, 286] loss: 4.838102031499147e-05
[7, 287] loss: 0.00020586248487234116
[7, 288] loss: 0.00012510787695646286
[7, 289] loss: 0.00027967359870672225
[7, 290] loss: 0.0001594952680170536
[7, 291] loss: 8.797908201813698e-05
[7, 292] loss: 0.0010395364463329315
[7, 293] loss: 0.00026052067056298256
[7, 294] loss: 1.8638618057593704e-05
[7, 295] loss: 0.0007446127384901046
[7, 296] loss: 0.0001077669207006693
[7, 297] loss: 0.00017380494624376298
[7, 298] loss: 6.017227657139301e-05
[7, 299] loss: 4.999244585633278e-05
[7, 300] loss: 2.437483286485076e-05
[7, 301] loss: 0.00022289223968982697
[7, 302] loss: 9.844164364039898e-05
[7, 303] loss: 4.635090474039316e-05
[7, 304] loss: 0.0001723691076040268
[7, 305] loss: 0.00014449392445385457
[7, 306] loss: 3.1419453443959355e-06
[7, 307] loss: 0.0003807380050420761
[7, 308] loss: 9.44122951477766e-05
[7, 309] loss: 0.00010578233748674393
[7, 310] loss: 2.656179713085294e-05
[7, 311] loss: 4.808073863387108e-05
[7, 312] loss: 0.00019053304567933081
[7, 313] loss: 1.5267841517925264e-05
[7, 314] loss: 0.0002457660250365734
[7, 315] loss: 4.035967576783151e-06
[7, 316] loss: 0.00010104237124323845
[7, 317] loss: 0.0007062423974275589
[7, 318] loss: 0.00014968612231314182
[7, 319] loss: 0.00032187189906835557
[7, 320] loss: 0.0004452656581997871
[7, 321] loss: 5.940695758908987e-05
[7, 322] loss: 5.83440437912941e-05
[7, 323] loss: 0.0008453559875488281
[7, 324] loss: 5.1063261926174166e-05
[7, 325] loss: 9.22640785574913e-05
[7, 326] loss: 0.0006300389766693115
[7, 327] loss: 5.685066804289818e-05
[7, 328] loss: 0.0005256043002009391
[7, 329] loss: 0.00032010558992624284
[7, 330] loss: 0.000891181081533432
[7, 331] loss: 0.0005938422679901123
[7, 332] loss: 3.703226801007986e-05
[7, 333] loss: 0.00034303117543458937
[7, 334] loss: 1.334411557763815e-05
[7, 335] loss: 0.000612778514623642
[7, 336] loss: 0.0007956918329000473
[7, 337] loss: 0.0010844015330076218
[7, 338] loss: 0.0008254975825548172
[7, 339] loss: 0.00027725333347916603
[7, 340] loss: 1.5830746851861475e-05
[7, 341] loss: 0.0002549021504819393
[7, 342] loss: 8.447038009762764e-05
[7, 343] loss: 0.0006078870594501495
[7, 344] loss: 0.0008019408583641052
[7, 345] loss: 9.673669934272767e-05
[7, 346] loss: 0.000377570278942585
[7, 347] loss: 7.154985330998898e-05
[7, 348] loss: 6.381710059940815e-05
[7, 349] loss: 0.00021531620994210242
[7, 350] loss: 0.00010728327557444572
[7, 351] loss: 5.63359260559082e-05
[7, 352] loss: 8.139977231621742e-05
[7, 353] loss: 0.001343628317117691
[7, 354] loss: 4.8244213685393335e-05
[7, 355] loss: 0.00020747369155287742
[7, 356] loss: 7.676119450479746e-05
[7, 357] loss: 0.00046978391706943513
[7, 358] loss: 0.00017736194655299187
[7, 359] loss: 0.00039891861379146574
[7, 360] loss: 0.0002755286917090416
[7, 361] loss: 0.0003080015070736408
[7, 362] loss: 0.0002978164702653885
[7, 363] loss: 0.0010535219311714173
[7, 364] loss: 1.8063253955915572e-05
[7, 365] loss: 0.0005703460425138474
[7, 366] loss: 4.841301124542951e-05
[7, 367] loss: 0.0010107804089784622
[7, 368] loss: 0.0001510639302432537
[7, 369] loss: 0.0011553045362234116
[7, 370] loss: 5.824931431561708e-05
[7, 371] loss: 0.00015935726463794708
[7, 372] loss: 0.00035071097314357756
[7, 373] loss: 0.00023301735520362855
[7, 374] loss: 8.71383398771286e-05
[7, 375] loss: 0.0005745882168412209
[7, 376] loss: 9.632789529860019e-05
[7, 377] loss: 7.490153424441815e-05
[7, 378] loss: 7.731661666184664e-05
[7, 379] loss: 7.20638781785965e-05
[7, 380] loss: 0.0003335878998041153
[7, 381] loss: 0.0006258267909288407
[7, 382] loss: 0.0003185839205980301
[7, 383] loss: 4.394122399389744e-05
[7, 384] loss: 0.0002275852859020233
[7, 385] loss: 0.00012350347824394703
[7, 386] loss: 0.00028639040887355803
[7, 387] loss: 4.561929497867823e-05
[7, 388] loss: 9.68682486563921e-05
[7, 389] loss: 2.2288502659648657e-05
[7, 390] loss: 1.2678921921178699e-05
[7, 391] loss: 0.0004838235303759575
[7, 392] loss: 0.001261349618434906
[7, 393] loss: 0.0007830019295215607
[7, 394] loss: 0.0034182703495025633
[7, 395] loss: 0.00012854786589741707
[7, 396] loss: 4.4025806710124014e-05
[7, 397] loss: 0.00033597204834222793
[7, 398] loss: 0.0004732668399810791
[7, 399] loss: 2.4710658472031355e-05
[7, 400] loss: 0.00016228321939706802
[7, 401] loss: 6.457441952079535e-05
[7, 402] loss: 0.0019437503814697266
[7, 403] loss: 0.0006463497132062912
[7, 404] loss: 0.0002915053628385067
[7, 405] loss: 5.918423179537058e-05
[7, 406] loss: 4.388988018035889e-05
[7, 407] loss: 7.138816639780999e-05
[7, 408] loss: 0.0001511487737298012
[7, 409] loss: 0.00010457002557814122
[7, 410] loss: 0.00020100513473153114
[7, 411] loss: 0.0012118825316429138
[7, 412] loss: 0.00013650489971041678
[7, 413] loss: 0.00017583776265382765
[7, 414] loss: 0.0002955282479524612
[7, 415] loss: 3.534048795700073e-05
[7, 416] loss: 0.00018946321681141852
[7, 417] loss: 0.0001254221796989441
[7, 418] loss: 0.0001581815257668495
[7, 419] loss: 0.0005822301656007767
[7, 420] loss: 0.00012777797877788543
[7, 421] loss: 0.0010165220499038696
[7, 422] loss: 0.00022052178159356116
[7, 423] loss: 2.4739024229347707e-05
[7, 424] loss: 0.00033385463058948516
[7, 425] loss: 0.00015949012711644173
[7, 426] loss: 0.0001756938360631466
[7, 427] loss: 0.0002551737241446972
[7, 428] loss: 3.065228927880525e-05
[7, 429] loss: 0.0005283315852284431
[7, 430] loss: 0.00023044956848025322
[7, 431] loss: 0.0004700355231761932
[7, 432] loss: 7.062413264065982e-05
[7, 433] loss: 2.908237976953387e-05
[7, 434] loss: 0.0005835210904479027
[7, 435] loss: 0.0002438681200146675
[7, 436] loss: 0.0004375068470835686
[7, 437] loss: 6.698069628328085e-05
[7, 438] loss: 0.000516127310693264
[7, 439] loss: 0.0012000510841608048
[7, 440] loss: 7.886163890361785e-05
[7, 441] loss: 0.0005629247054457665
[7, 442] loss: 0.0008992771804332733
[7, 443] loss: 0.00119731105864048
[7, 444] loss: 0.00010997616685926914
[7, 445] loss: 2.4898620322346686e-05
[7, 446] loss: 0.00010267918929457665
[7, 447] loss: 0.00017405230551958083
[7, 448] loss: 0.0005132771655917168
[7, 449] loss: 0.0007357595860958099
[7, 450] loss: 1.0993178002536296e-05
[7, 451] loss: 9.041122160851955e-05
[7, 452] loss: 7.795550860464573e-05
[7, 453] loss: 0.00020212922245264054
[7, 454] loss: 0.0006563383340835572
[7, 455] loss: 0.0002819996327161789
[7, 456] loss: 0.000322769470512867
[7, 457] loss: 0.0002133261226117611
[7, 458] loss: 6.133510731160641e-05
[7, 459] loss: 0.00012094826437532902
[7, 460] loss: 0.0001798991858959198
[7, 461] loss: 0.0003008241206407547
[7, 462] loss: 3.4513650462031364e-05
[7, 463] loss: 0.00029580680653452875
[7, 464] loss: 0.0002568698301911354
[7, 465] loss: 0.00043608181178569796
[7, 466] loss: 2.578115789219737e-05
[7, 467] loss: 0.00011119411326944828
[7, 468] loss: 0.00029100345447659494
[7, 469] loss: 1.963985851034522e-05
[7, 470] loss: 0.0006069091707468033
[7, 471] loss: 0.00030591385439038277
[7, 472] loss: 0.0008012867718935013
[7, 473] loss: 0.00024079952389001845
[7, 474] loss: 0.00018078410997986793
[7, 475] loss: 0.0001348365657031536
[7, 476] loss: 0.00035457510501146316
[7, 477] loss: 0.0014979508519172668
[7, 478] loss: 0.0005683058872818947
[7, 479] loss: 0.00017514228820800782
[7, 480] loss: 0.0001564575918018818
[7, 481] loss: 2.1704486571252345e-05
[7, 482] loss: 0.00015430549159646035
[7, 483] loss: 0.00012483186088502407
[7, 484] loss: 0.0007473380118608474
[7, 485] loss: 0.0007750697433948517
[7, 486] loss: 0.0008864393830299378
[7, 487] loss: 0.0001653103157877922
[7, 488] loss: 2.8252473566681146e-05
[7, 489] loss: 0.0005764776095747948
[7, 490] loss: 0.00029927447438240053
[7, 491] loss: 0.000449286624789238
[7, 492] loss: 1.4467022847384214e-05
[7, 493] loss: 0.0004494023323059082
[7, 494] loss: 0.00015842687338590622
[7, 495] loss: 0.0001730899140238762
[7, 496] loss: 3.550400957465172e-05
[7, 497] loss: 0.0007309067994356155
[7, 498] loss: 4.159714560955763e-05
[7, 499] loss: 1.6236228402704002e-05
[7, 500] loss: 0.0008861887454986573
[7, 501] loss: 0.0007243166118860245
[7, 502] loss: 0.000624258928000927
[7, 503] loss: 6.059084553271532e-05
[7, 504] loss: 0.00017470462247729302
[7, 505] loss: 0.00023669127374887467
[7, 506] loss: 8.871445432305336e-05
[7, 507] loss: 0.0013157446682453156
[7, 508] loss: 0.0007633793354034423
[7, 509] loss: 0.0001690785028040409
[7, 510] loss: 2.2768082562834024e-05
[7, 511] loss: 0.0006905612349510193
[7, 512] loss: 0.00015950934961438178
[7, 513] loss: 0.000258355513215065
[7, 514] loss: 0.00024205518886446953
[7, 515] loss: 0.0005042561888694763
[7, 516] loss: 0.00023079641163349152
[7, 517] loss: 3.442037850618362e-05
[7, 518] loss: 0.00033510785549879075
[7, 519] loss: 0.00010226977989077568
[7, 520] loss: 6.223319098353386e-05
[7, 521] loss: 0.0004118397831916809
[7, 522] loss: 9.362281416542827e-06
[7, 523] loss: 2.3278698790818453e-05
[7, 524] loss: 0.0006450684368610382
[7, 525] loss: 5.044722929596901e-05
[7, 526] loss: 0.00010910318233072757
[7, 527] loss: 0.00011837902478873729
[7, 528] loss: 4.433022812008858e-05
[7, 529] loss: 0.00043880384415388105
[7, 530] loss: 0.0004348888248205185
[7, 531] loss: 0.0010445443540811538
[7, 532] loss: 2.6786171365529298e-05
[7, 533] loss: 4.165174905210733e-05
[7, 534] loss: 0.0004312577098608017
[7, 535] loss: 0.00017265411093831063
[7, 536] loss: 0.0007172299176454544
[7, 537] loss: 0.001080275923013687
[7, 538] loss: 0.0004659159481525421
[7, 539] loss: 0.0009003207087516785
[7, 540] loss: 0.0009235876053571701
[7, 541] loss: 6.560598500072956e-05
[7, 542] loss: 0.0012592801451683045
[7, 543] loss: 0.00016820453107357024
[7, 544] loss: 7.721729925833642e-06
[7, 545] loss: 3.460727632045746e-05
[7, 546] loss: 0.00015655525028705598
[7, 547] loss: 0.0006426721066236496
[7, 548] loss: 7.79935484752059e-05
[7, 549] loss: 1.3936399482190608e-05
[7, 550] loss: 0.0003449996933341026
[7, 551] loss: 0.00015062554739415647
[7, 552] loss: 0.000912945494055748
[7, 553] loss: 0.00018361175432801246
[7, 554] loss: 3.6774484906345604e-05
[7, 555] loss: 0.0011167201399803163
[7, 556] loss: 0.0009395916014909745
[7, 557] loss: 0.0006364668905735016
[7, 558] loss: 0.0003619407117366791
[7, 559] loss: 0.0002788846381008625
[7, 560] loss: 2.7140355668962002e-05
[7, 561] loss: 5.674331448972225e-05
[7, 562] loss: 0.00016031157225370406
[7, 563] loss: 0.00033855680376291273
[7, 564] loss: 5.215134471654892e-05
[7, 565] loss: 0.0002535098046064377
[7, 566] loss: 0.00015027008950710297
[7, 567] loss: 0.001195511817932129
[7, 568] loss: 0.00019818441942334175
[7, 569] loss: 0.00019263682886958122
[7, 570] loss: 6.22670678421855e-05
[7, 571] loss: 0.00025188228115439413
[7, 572] loss: 0.00011604543775320053
[7, 573] loss: 0.0006923434883356095
[7, 574] loss: 0.000329090841114521
[7, 575] loss: 0.00015924958512187004
[7, 576] loss: 6.885176058858633e-05
[7, 577] loss: 0.000847141519188881
[7, 578] loss: 0.0005455860495567322
[7, 579] loss: 0.00023792920634150506
[7, 580] loss: 0.0003989604115486145
[7, 581] loss: 2.251444384455681e-05
[7, 582] loss: 0.0002855144999921322
[7, 583] loss: 1.196376048028469e-05
[7, 584] loss: 7.730027427896856e-06
[7, 585] loss: 1.2428597547113895e-05
[7, 586] loss: 1.4272914268076419e-05
[7, 587] loss: 0.00017365958541631698
[7, 588] loss: 4.5321355573832987e-05
[7, 589] loss: 4.9909912049770356e-05
[7, 590] loss: 0.00043046455830335616
[7, 591] loss: 0.0006240762397646904
[7, 592] loss: 8.928169263526797e-06
[7, 593] loss: 0.00012622388079762458
[7, 594] loss: 0.00045245226472616194
[7, 595] loss: 0.0003344344720244408
[7, 596] loss: 5.820452235639095e-05
[7, 597] loss: 5.469678435474634e-05
[7, 598] loss: 1.495008822530508e-05
[7, 599] loss: 5.7190367951989176e-05
[7, 600] loss: 0.0004774334281682968
[7, 601] loss: 0.0003660440444946289
[7, 602] loss: 0.001375095546245575
[7, 603] loss: 0.00013300204649567603
[7, 604] loss: 0.00015863072127103806
[7, 605] loss: 0.00043609336018562316
[7, 606] loss: 0.0002724850550293922
[7, 607] loss: 0.0003519335389137268
[7, 608] loss: 0.0004729446768760681
[7, 609] loss: 0.00019022827968001365
[7, 610] loss: 9.468085132539272e-05
[7, 611] loss: 3.412754973396659e-05
[7, 612] loss: 0.001070130690932274
[7, 613] loss: 2.5621969252824784e-05
[7, 614] loss: 0.00011212969198822975
[7, 615] loss: 0.00010132516734302045
[7, 616] loss: 0.00024281345307826995
[7, 617] loss: 6.677480414509773e-05
[7, 618] loss: 0.00011458567343652248
[7, 619] loss: 3.972026170231402e-06
[7, 620] loss: 0.0008544538170099259
[7, 621] loss: 5.112460348755121e-05
[7, 622] loss: 0.00019924307242035865
[7, 623] loss: 0.00018083931878209113
[7, 624] loss: 0.00010627485811710357
[7, 625] loss: 7.596683688461781e-05
[7, 626] loss: 0.00026795607060194017
[7, 627] loss: 0.0002625591307878494
[7, 628] loss: 0.00011640132404863834
[7, 629] loss: 0.00010800065472722054
[7, 630] loss: 7.06431781873107e-05
[7, 631] loss: 0.00043742433190345763
[7, 632] loss: 0.0005121290683746338
[7, 633] loss: 0.00013230258598923684
[7, 634] loss: 0.00048816025257110597
[7, 635] loss: 0.000152268772944808
[7, 636] loss: 0.00044360384345054626
[7, 637] loss: 0.0018116922676563263
[7, 638] loss: 5.029625026509166e-06
[7, 639] loss: 1.0355073027312755e-05
[7, 640] loss: 0.0008297321200370788
[7, 641] loss: 0.0014520557224750518
[7, 642] loss: 7.354750763624907e-05
[7, 643] loss: 0.0005230479687452316
[7, 644] loss: 0.0004199999570846558
[7, 645] loss: 0.00025898447260260584
[7, 646] loss: 0.00020625777542591096
[7, 647] loss: 0.00011806603521108628
[7, 648] loss: 0.0013162681460380553
[7, 649] loss: 0.0002666382677853107
[7, 650] loss: 0.0005613849684596062
[7, 651] loss: 0.00038807611912488937
[7, 652] loss: 9.627796709537505e-05
[7, 653] loss: 0.00027255473658442496
[7, 654] loss: 0.0001992272026836872
[7, 655] loss: 0.00011158860288560391
[7, 656] loss: 9.958329610526562e-05
[7, 657] loss: 7.723944261670113e-05
[7, 658] loss: 0.0003363917768001556
[7, 659] loss: 8.025052025914192e-05
[7, 660] loss: 0.00045195337384939193
[7, 661] loss: 0.0002808471955358982
[7, 662] loss: 0.0001303965039551258
[7, 663] loss: 0.00031786102801561355
[7, 664] loss: 0.00014441641047596932
[7, 665] loss: 0.00015198777429759503
[7, 666] loss: 2.0682888571172953e-05
[7, 667] loss: 4.712417256087065e-05
[7, 668] loss: 0.00026323659345507623
[7, 669] loss: 0.00020846828818321228
[7, 670] loss: 0.0012910151481628418
[7, 671] loss: 1.832171343266964e-05
[7, 672] loss: 4.084618762135506e-05
[7, 673] loss: 3.982541617006063e-05
[7, 674] loss: 0.00020150845870375633
[7, 675] loss: 5.153739475645125e-06
[7, 676] loss: 0.00014000569470226765
[7, 677] loss: 1.2975402642041445e-05
[7, 678] loss: 0.00015821628272533417
[7, 679] loss: 0.0005817515403032303
[7, 680] loss: 0.0003393993154168129
[7, 681] loss: 3.0031829373911024e-06
[7, 682] loss: 0.00011645622551441192
[7, 683] loss: 0.0006734438985586166
[7, 684] loss: 0.0006902037560939789
[7, 685] loss: 5.043339915573597e-05
[7, 686] loss: 8.916058577597141e-05
[7, 687] loss: 6.198436487466097e-05
[7, 688] loss: 0.00037111140787601473
[7, 689] loss: 0.00030124932527542114
[7, 690] loss: 3.069630358368158e-05
[7, 691] loss: 0.0011993718147277831
[7, 692] loss: 0.0003331397101283073
[7, 693] loss: 0.0017104680836200715
[7, 694] loss: 0.0005524294823408127
[7, 695] loss: 1.7923014238476752e-05
[7, 696] loss: 0.0015830734372138976
[7, 697] loss: 0.0008832169324159622
[7, 698] loss: 4.070539958775043e-05
[7, 699] loss: 4.073025193065405e-05
[7, 700] loss: 6.043343804776669e-05
[7, 701] loss: 6.083132466301322e-06
[7, 702] loss: 6.484390236437321e-05
[7, 703] loss: 0.0009681345522403718
[7, 704] loss: 0.0008928240090608597
[7, 705] loss: 2.549834316596389e-05
[7, 706] loss: 0.0007020223885774613
[7, 707] loss: 0.00044191241264343264
[7, 708] loss: 0.00029002975672483446
[7, 709] loss: 0.0007485917955636978
[7, 710] loss: 0.0003048789501190186
[7, 711] loss: 0.00039125613868236543
[7, 712] loss: 0.00040646690875291826
[7, 713] loss: 0.00011532877571880818
[7, 714] loss: 4.904692992568016e-05
[7, 715] loss: 0.0004303674399852753
[7, 716] loss: 0.00020162476226687432
[7, 717] loss: 9.112857282161712e-05
[7, 718] loss: 3.974521066993475e-05
[7, 719] loss: 2.86634243093431e-05
[7, 720] loss: 7.984458468854427e-05
[7, 721] loss: 0.002274758070707321
[7, 722] loss: 0.0006016557291150093
[7, 723] loss: 8.884144946932793e-05
[7, 724] loss: 2.7490060310810805e-05
[7, 725] loss: 6.398183293640614e-05
[7, 726] loss: 4.420262295752764e-05
[7, 727] loss: 0.0009848012775182725
[7, 728] loss: 0.0001131163351237774
[7, 729] loss: 0.0003912527859210968
[7, 730] loss: 4.181136377155781e-05
[7, 731] loss: 0.00034199845045804975
[7, 732] loss: 3.677977016195655e-05
[7, 733] loss: 9.279989637434483e-05
[7, 734] loss: 1.1580698192119599e-05
[7, 735] loss: 0.0003798642009496689
[7, 736] loss: 5.1717027090489865e-05
[7, 737] loss: 0.0013232983648777008
[7, 738] loss: 0.0002650131657719612
[7, 739] loss: 7.586047053337097e-05
[7, 740] loss: 0.0001656954549252987
[7, 741] loss: 0.0002676299959421158
[7, 742] loss: 6.580669432878494e-05
[7, 743] loss: 0.0012684395909309386
[7, 744] loss: 0.00015274993143975734
[7, 745] loss: 0.0007687615603208541
[7, 746] loss: 6.345766130834818e-05
[7, 747] loss: 0.0003207073360681534
[7, 748] loss: 0.00022997600957751273
[7, 749] loss: 0.00019644055515527725
[7, 750] loss: 5.66361378878355e-05
[7, 751] loss: 0.0003721250966191292
[7, 752] loss: 0.00012598057277500628
[7, 753] loss: 0.0008859559893608093
[7, 754] loss: 0.0004084549471735954
[7, 755] loss: 4.0477346628904344e-05
[7, 756] loss: 6.603762041777372e-05
[7, 757] loss: 6.011371966451406e-05
[7, 758] loss: 0.000746694877743721
[7, 759] loss: 0.0004208755120635033
[7, 760] loss: 0.0005575615167617798
[7, 761] loss: 0.0001098277047276497
[7, 762] loss: 0.0005637921020388604
[7, 763] loss: 0.00013463351875543596
[7, 764] loss: 0.0004821804165840149
[7, 765] loss: 0.000576823204755783
[7, 766] loss: 6.988940760493278e-05
[7, 767] loss: 4.957706667482853e-05
[7, 768] loss: 5.889207124710083e-05
[7, 769] loss: 0.0006182282418012619
[7, 770] loss: 0.00036086354404687884
[7, 771] loss: 0.000654299259185791
[7, 772] loss: 0.00011065472848713398
[7, 773] loss: 0.0005941308662295342
[7, 774] loss: 0.00037260614335536956
[7, 775] loss: 2.5300586130470038e-05
[7, 776] loss: 3.216333687305451e-05
[7, 777] loss: 4.906459944322705e-06
[7, 778] loss: 0.0002649239264428616
[7, 779] loss: 0.0005148826166987419
[7, 780] loss: 0.0002398793399333954
[7, 781] loss: 7.264718413352967e-05
[7, 782] loss: 2.9908230062574147e-05
[7, 783] loss: 0.00014349453151226043
[7, 784] loss: 9.286852553486825e-05
[7, 785] loss: 0.0006285211443901061
[7, 786] loss: 0.00017489982768893243
[7, 787] loss: 0.0004946979507803917
[7, 788] loss: 0.0005360588431358338
[7, 789] loss: 0.00023147037252783777
[7, 790] loss: 0.0008839569240808487
[7, 791] loss: 2.6783307548612355e-05
[7, 792] loss: 0.000797065943479538
[7, 793] loss: 2.7782747056335212e-05
[7, 794] loss: 0.0002584351971745491
[7, 795] loss: 0.00010538551956415176
[7, 796] loss: 9.159647859632969e-05
[7, 797] loss: 0.00012196495197713375
[7, 798] loss: 9.456379339098931e-05
[7, 799] loss: 7.924117147922516e-05
[7, 800] loss: 0.00042876191437244413
[7, 801] loss: 3.0301338993012904e-05
[7, 802] loss: 4.560996312648058e-05
[7, 803] loss: 0.00013337889686226845
[7, 804] loss: 0.00019763505086302756
[7, 805] loss: 2.7289474382996558e-05
[7, 806] loss: 3.988751210272312e-05
[7, 807] loss: 0.00046027123928070067
[7, 808] loss: 7.458553649485111e-05
[7, 809] loss: 1.0704465676099062e-05
[7, 810] loss: 5.701676942408085e-05
[7, 811] loss: 0.0006845587491989136
[7, 812] loss: 0.0001629270613193512
[7, 813] loss: 0.00015668001025915146
[7, 814] loss: 0.00027191607281565664
[7, 815] loss: 0.0006847742199897766
[7, 816] loss: 1.3878608588129282e-05
[7, 817] loss: 5.061718635261059e-05
[7, 818] loss: 0.0016526171565055846
[7, 819] loss: 0.00011478735134005546
[7, 820] loss: 1.0807233629748224e-05
[7, 821] loss: 5.783213302493095e-05
[7, 822] loss: 5.661124363541603e-05
[7, 823] loss: 0.0008674096316099167
[7, 824] loss: 5.1423320546746256e-05
[7, 825] loss: 6.474419496953488e-05
[7, 826] loss: 0.00012212615460157394
[7, 827] loss: 0.00023169463500380516
[7, 828] loss: 7.773477118462324e-05
[7, 829] loss: 5.9622456319630146e-05
[7, 830] loss: 1.5930554363876583e-05
[7, 831] loss: 3.201024373993278e-05
[7, 832] loss: 0.00046206310391426085
[7, 833] loss: 0.0004007657244801521
[7, 834] loss: 0.0007381968200206757
[7, 835] loss: 5.178560968488455e-05
[7, 836] loss: 3.843663958832621e-05
[7, 837] loss: 0.00018823131918907165
[7, 838] loss: 0.0004086881130933762
[7, 839] loss: 0.0014293061196804047
[7, 840] loss: 0.00028151219710707663
[7, 841] loss: 7.034495938569307e-05
[7, 842] loss: 0.000275184977799654
[7, 843] loss: 0.0002784229628741741
[7, 844] loss: 4.849792458117008e-05
[7, 845] loss: 2.820237772539258e-05
[7, 846] loss: 0.0008082416653633118
[7, 847] loss: 1.019098679535091e-05
[7, 848] loss: 4.908612463623285e-05
[7, 849] loss: 8.062894456088543e-05
[7, 850] loss: 0.00032047323882579805
[7, 851] loss: 8.063247427344323e-05
[7, 852] loss: 3.647709963843227e-05
[7, 853] loss: 3.595167072489858e-05
[7, 854] loss: 0.00015656091272830963
[7, 855] loss: 0.00049258753657341
[7, 856] loss: 0.00018837561830878258
[7, 857] loss: 0.00038142364472150804
[7, 858] loss: 0.00030660957098007204
[7, 859] loss: 0.00017003996297717093
[7, 860] loss: 5.725951632484794e-06
[7, 861] loss: 0.00021164873614907265
[7, 862] loss: 0.0013096965849399567
[7, 863] loss: 1.8775067292153836e-05
[7, 864] loss: 0.0005038502439856529
[7, 865] loss: 7.230055052787066e-05
[7, 866] loss: 4.207021556794644e-05
[7, 867] loss: 0.0004915714636445045
[7, 868] loss: 0.0009656279534101486
[7, 869] loss: 0.0005749218910932541
[7, 870] loss: 3.2232778612524273e-05
[7, 871] loss: 3.0591135146096348e-06
[7, 872] loss: 0.0014135414361953736
[7, 873] loss: 6.49076048284769e-05
[7, 874] loss: 0.00019663505256175995
[7, 875] loss: 0.0002903365157544613
[7, 876] loss: 1.0293745435774327e-06
[7, 877] loss: 2.2271720226854085e-05
[7, 878] loss: 8.984745480120182e-05
[7, 879] loss: 0.0025514477491378786
[7, 880] loss: 8.647929644212126e-06
[7, 881] loss: 0.00017577437683939933
[7, 882] loss: 0.0010123685747385025
[7, 883] loss: 0.00022559819743037224
[7, 884] loss: 9.773152880370616e-05
[7, 885] loss: 0.00022362159565091132
[7, 886] loss: 1.045111333951354e-05
[7, 887] loss: 0.0001937614567577839
[7, 888] loss: 0.0002994702011346817
[7, 889] loss: 0.0013622894883155822
[7, 890] loss: 0.0001854846626520157
[7, 891] loss: 3.712049219757318e-05
[7, 892] loss: 0.00012167459353804589
[7, 893] loss: 5.602085962891579e-05
[7, 894] loss: 0.00011576511897146702
[7, 895] loss: 9.68632660806179e-05
[7, 896] loss: 0.0016758993268013
[7, 897] loss: 0.0003802305832505226
[7, 898] loss: 0.0002489756979048252
[7, 899] loss: 1.6443352214992047e-05
[7, 900] loss: 0.0012761330604553222
[7, 901] loss: 0.0006655361503362656
[7, 902] loss: 0.0001816861517727375
[7, 903] loss: 0.000196902584284544
[7, 904] loss: 0.0005132374167442322
[7, 905] loss: 7.941924966871739e-05
[7, 906] loss: 0.0005265387520194054
[7, 907] loss: 0.00029456088319420817
[7, 908] loss: 6.873673759400844e-05
[7, 909] loss: 0.00028601281344890593
[7, 910] loss: 0.00010680453851819038
[7, 911] loss: 0.0002597485855221748
[7, 912] loss: 7.56264291703701e-05
[7, 913] loss: 0.0005621620267629623
[7, 914] loss: 0.0005769292637705803
[7, 915] loss: 0.0007906512171030045
[7, 916] loss: 7.4329436756670475e-06
[7, 917] loss: 0.00023323694244027139
[7, 918] loss: 0.00011763634160161018
[7, 919] loss: 0.0011174426972866058
[7, 920] loss: 0.0005325819551944733
[7, 921] loss: 0.00013980478048324584
[7, 922] loss: 0.000704634040594101
[7, 923] loss: 6.360096391290426e-05
[7, 924] loss: 0.00015991855412721633
[7, 925] loss: 0.00023162633180618287
[7, 926] loss: 0.00015499149449169636
[7, 927] loss: 0.0004196467250585556
[7, 928] loss: 7.34463706612587e-05
[7, 929] loss: 0.00013805244117975234
[7, 930] loss: 0.00018624188378453256
[7, 931] loss: 0.00045493967831134797
[7, 932] loss: 0.0009876011312007903
[7, 933] loss: 0.00011419028975069523
[7, 934] loss: 0.00013587504625320435
[7, 935] loss: 0.00045244287699460986
[7, 936] loss: 0.0005588445439934731
[7, 937] loss: 3.937308501917869e-06
[8, 0] loss: 0.0003413597866892815
[8, 1] loss: 1.9201678223907948e-05
[8, 2] loss: 0.00010380763560533524
[8, 3] loss: 0.0004312764108181
[8, 4] loss: 0.001355070471763611
[8, 5] loss: 0.00013402486220002175
[8, 6] loss: 0.00011451691389083863
[8, 7] loss: 0.00040019188076257707
[8, 8] loss: 0.0002588832937180996
[8, 9] loss: 0.0008247822523117065
[8, 10] loss: 2.4467725306749344e-05
[8, 11] loss: 8.8160689920187e-05
[8, 12] loss: 0.00023909417912364007
[8, 13] loss: 4.2744739912450316e-05
[8, 14] loss: 9.997202083468437e-05
[8, 15] loss: 0.0002132621593773365
[8, 16] loss: 0.0001486686896532774
[8, 17] loss: 0.00014111947268247605
[8, 18] loss: 5.316657479852438e-05
[8, 19] loss: 0.001110241785645485
[8, 20] loss: 0.0006098528206348419
[8, 21] loss: 4.114866256713867e-05
[8, 22] loss: 3.5412074066698554e-05
[8, 23] loss: 5.535934586077928e-05
[8, 24] loss: 0.00021478865295648575
[8, 25] loss: 0.00023128611966967582
[8, 26] loss: 0.00043591074645519254
[8, 27] loss: 4.770814906805754e-05
[8, 28] loss: 0.00017533851787447928
[8, 29] loss: 8.320330642163753e-05
[8, 30] loss: 5.455900100059807e-06
[8, 31] loss: 0.0007433577626943588
[8, 32] loss: 9.387123864144087e-06
[8, 33] loss: 2.471392508596182e-05
[8, 34] loss: 0.0005188966915011406
[8, 35] loss: 4.9070552922785285e-05
[8, 36] loss: 4.912685602903366e-05
[8, 37] loss: 5.7789687998592855e-05
[8, 38] loss: 7.417478132992983e-05
[8, 39] loss: 0.0001772664487361908
[8, 40] loss: 0.00020618800073862075
[8, 41] loss: 0.0005083354189991951
[8, 42] loss: 0.00013887804932892324
[8, 43] loss: 0.0004534585401415825
[8, 44] loss: 0.0001701298914849758
[8, 45] loss: 2.2578886710107327e-05
[8, 46] loss: 1.3795330887660385e-05
[8, 47] loss: 0.0002167111076414585
[8, 48] loss: 3.625707468017936e-05
[8, 49] loss: 0.00019379066303372384
[8, 50] loss: 0.0007864834368228913
[8, 51] loss: 0.0004965764284133911
[8, 52] loss: 0.0005424630641937256
[8, 53] loss: 7.784217596054077e-05
[8, 54] loss: 0.0001658211275935173
[8, 55] loss: 7.246829569339753e-05
[8, 56] loss: 3.3634216524660584e-05
[8, 57] loss: 4.5106709003448486e-05
[8, 58] loss: 0.00020714478567242621
[8, 59] loss: 0.0003833671286702156
[8, 60] loss: 4.6158581972122194e-05
[8, 61] loss: 0.0003867531195282936
[8, 62] loss: 0.0007025713473558426
[8, 63] loss: 0.0017092472314834595
[8, 64] loss: 0.0004141286015510559
[8, 65] loss: 7.131325546652079e-06
[8, 66] loss: 0.00019797921180725097
[8, 67] loss: 1.2676272308453918e-05
[8, 68] loss: 0.0007247709482908249
[8, 69] loss: 0.0006355600804090499
[8, 70] loss: 0.00014896443113684654
[8, 71] loss: 0.00039716407656669616
[8, 72] loss: 0.00036166317760944367
[8, 73] loss: 0.00014729968272149562
[8, 74] loss: 0.00016392935067415236
[8, 75] loss: 0.00034870747476816176
[8, 76] loss: 1.8679462373256682e-05
[8, 77] loss: 0.0005065519735217095
[8, 78] loss: 0.0012218701094388962
[8, 79] loss: 0.0011925326287746429
[8, 80] loss: 0.0003074558265507221
[8, 81] loss: 8.614899590611458e-05
[8, 82] loss: 0.000696520060300827
[8, 83] loss: 0.0003755456954240799
[8, 84] loss: 4.241378512233496e-05
[8, 85] loss: 0.0004831105098128319
[8, 86] loss: 0.0002286669798195362
[8, 87] loss: 3.860255237668753e-05
[8, 88] loss: 0.0004679328203201294
[8, 89] loss: 0.00020336681976914405
[8, 90] loss: 0.0001940823532640934
[8, 91] loss: 2.8350793290883302e-05
[8, 92] loss: 0.0004583282023668289
[8, 93] loss: 4.751999513246119e-06
[8, 94] loss: 7.20877293497324e-05
[8, 95] loss: 0.00030256876721978187
[8, 96] loss: 0.00011138990521430969
[8, 97] loss: 7.449758239090442e-05
[8, 98] loss: 4.372851457446814e-05
[8, 99] loss: 4.433441441506147e-05
[8, 100] loss: 0.00037587378174066546
[8, 101] loss: 0.00021025942638516426
[8, 102] loss: 0.0003101032599806786
[8, 103] loss: 9.030627086758613e-05
[8, 104] loss: 0.00043099071830511094
[8, 105] loss: 7.60278943926096e-05
[8, 106] loss: 0.00042039185762405396
[8, 107] loss: 0.0007138586044311523
[8, 108] loss: 0.00046121124178171157
[8, 109] loss: 0.0010509629547595977
[8, 110] loss: 0.0013275021314620972
[8, 111] loss: 0.0002634303271770477
[8, 112] loss: 0.00017204340547323228
[8, 113] loss: 6.095685996115208e-05
[8, 114] loss: 7.993302308022975e-05
[8, 115] loss: 6.37285690754652e-05
[8, 116] loss: 2.6985497679561377e-05
[8, 117] loss: 0.00022821251302957535
[8, 118] loss: 7.554918993264436e-05
[8, 119] loss: 6.671733222901821e-05
[8, 120] loss: 0.0004616148397326469
[8, 121] loss: 0.00010362250730395318
[8, 122] loss: 6.07307767495513e-05
[8, 123] loss: 0.000222040768712759
[8, 124] loss: 0.0016893143951892853
[8, 125] loss: 0.0003577873483300209
[8, 126] loss: 3.9676844608038666e-06
[8, 127] loss: 0.00019422328099608422
[8, 128] loss: 4.633378237485885e-05
[8, 129] loss: 0.000687396228313446
[8, 130] loss: 0.00016197357326745986
[8, 131] loss: 4.653425421565771e-05
[8, 132] loss: 8.475327864289284e-05
[8, 133] loss: 0.0002086467482149601
[8, 134] loss: 0.0001939966529607773
[8, 135] loss: 0.00021561574190855028
[8, 136] loss: 0.0003312167152762413
[8, 137] loss: 0.0004105084389448166
[8, 138] loss: 7.700438145548105e-06
[8, 139] loss: 0.00040984444320201873
[8, 140] loss: 0.00010643110610544681
[8, 141] loss: 0.00048018448054790494
[8, 142] loss: 2.1772554609924556e-05
[8, 143] loss: 0.0005865751579403878
[8, 144] loss: 0.00010205177590250968
[8, 145] loss: 0.0002356686256825924
[8, 146] loss: 0.00015808068215847015
[8, 147] loss: 0.0003212686628103256
[8, 148] loss: 4.66427393257618e-05
[8, 149] loss: 6.331903394311666e-05
[8, 150] loss: 0.0002781149186193943
[8, 151] loss: 0.00030295610427856447
[8, 152] loss: 1.2223935918882489e-05
[8, 153] loss: 4.6484172344207764e-05
[8, 154] loss: 0.00013463221490383147
[8, 155] loss: 1.4455362688750028e-05
[8, 156] loss: 5.283258389681578e-05
[8, 157] loss: 8.21152701973915e-06
[8, 158] loss: 0.0001443735882639885
[8, 159] loss: 0.00017289241775870324
[8, 160] loss: 0.00025748468935489656
[8, 161] loss: 0.0001342868711799383
[8, 162] loss: 0.0002293066307902336
[8, 163] loss: 0.0020098647475242613
[8, 164] loss: 2.625540131703019e-05
[8, 165] loss: 0.00021671831607818603
[8, 166] loss: 0.0002475519105792046
[8, 167] loss: 3.0674808658659455e-05
[8, 168] loss: 0.00033657338470220564
[8, 169] loss: 1.2681207153946162e-05
[8, 170] loss: 5.720567889511585e-05
[8, 171] loss: 0.00031883567571640016
[8, 172] loss: 4.091660026460886e-05
[8, 173] loss: 1.012228662148118e-05
[8, 174] loss: 0.0006800451129674912
[8, 175] loss: 3.2731841783970595e-05
[8, 176] loss: 1.4571195933967828e-05
[8, 177] loss: 0.0004911996796727181
[8, 178] loss: 3.820694983005524e-05
[8, 179] loss: 5.1906821317970754e-05
[8, 180] loss: 7.107941433787346e-05
[8, 181] loss: 0.00013957387767732143
[8, 182] loss: 7.918690331280231e-05
[8, 183] loss: 0.00025028303265571593
[8, 184] loss: 0.00013515076600015163
[8, 185] loss: 3.725416259840131e-05
[8, 186] loss: 0.00041735004633665086
[8, 187] loss: 0.00018603961914777755
[8, 188] loss: 6.193727254867554e-05
[8, 189] loss: 0.00048592399805784224
[8, 190] loss: 0.0006673981994390488
[8, 191] loss: 0.00012255024164915085
[8, 192] loss: 9.576001903042197e-06
[8, 193] loss: 0.00016022779047489166
[8, 194] loss: 8.018597029149532e-05
[8, 195] loss: 0.0001892704702913761
[8, 196] loss: 4.6684658154845235e-05
[8, 197] loss: 0.0006493300944566727
[8, 198] loss: 0.0006269687414169312
[8, 199] loss: 0.00032086674124002455
[8, 200] loss: 4.3853563256561755e-05
[8, 201] loss: 7.529214955866337e-05
[8, 202] loss: 7.708114571869373e-06
[8, 203] loss: 0.0008973094075918198
[8, 204] loss: 1.201012171804905e-05
[8, 205] loss: 0.0005632426217198372
[8, 206] loss: 0.00034153472632169723
[8, 207] loss: 3.066157456487417e-05
[8, 208] loss: 0.00022533766925334931
[8, 209] loss: 7.601417135447264e-05
[8, 210] loss: 1.4022589311935008e-06
[8, 211] loss: 1.5288755530491472e-05
[8, 212] loss: 0.002723177671432495
[8, 213] loss: 0.0009142865240573884
[8, 214] loss: 4.292233381420374e-05
[8, 215] loss: 0.00017027191817760466
[8, 216] loss: 0.00015167069621384145
[8, 217] loss: 8.708375506103039e-05
[8, 218] loss: 4.1296109557151795e-05
[8, 219] loss: 0.0005124188214540482
[8, 220] loss: 5.914733628742397e-06
[8, 221] loss: 0.00034681454300880435
[8, 222] loss: 2.0654061809182168e-05
[8, 223] loss: 0.00013134561479091644
[8, 224] loss: 0.0007732125371694565
[8, 225] loss: 0.00047298613935709
[8, 226] loss: 0.0005837677046656609
[8, 227] loss: 0.0006364456564188003
[8, 228] loss: 0.0016681753098964692
[8, 229] loss: 0.0001850391738116741
[8, 230] loss: 2.7628177776932715e-05
[8, 231] loss: 4.994727671146393e-05
[8, 232] loss: 0.0003197065368294716
[8, 233] loss: 0.00035487033426761627
[8, 234] loss: 0.0003255125880241394
[8, 235] loss: 0.00016878573223948478
[8, 236] loss: 0.0015597158670425414
[8, 237] loss: 4.716752097010612e-05
[8, 238] loss: 0.00014386771246790886
[8, 239] loss: 0.00030488088726997374
[8, 240] loss: 8.548527024686337e-05
[8, 241] loss: 8.845449425280094e-05
[8, 242] loss: 0.00016677839681506157
[8, 243] loss: 0.0001488562859594822
[8, 244] loss: 0.00010043329559266567
[8, 245] loss: 5.0041358917951584e-05
[8, 246] loss: 1.3219406828284263e-05
[8, 247] loss: 0.00018862411379814148
[8, 248] loss: 0.0001202941033989191
[8, 249] loss: 0.0001793084666132927
[8, 250] loss: 5.152324680238962e-05
[8, 251] loss: 2.072764909826219e-06
[8, 252] loss: 1.0818439768627286e-05
[8, 253] loss: 3.583577345125377e-06
[8, 254] loss: 9.49055515229702e-05
[8, 255] loss: 9.23202931880951e-05
[8, 256] loss: 0.000641409456729889
[8, 257] loss: 4.8538884148001674e-05
[8, 258] loss: 0.00018672039732336998
[8, 259] loss: 0.0015562134981155396
[8, 260] loss: 0.00016264382749795915
[8, 261] loss: 8.087628521025181e-05
[8, 262] loss: 0.0006780415028333664
[8, 263] loss: 0.00019762981683015823
[8, 264] loss: 0.0003812023624777794
[8, 265] loss: 0.0002785826846957207
[8, 266] loss: 3.1426036730408666e-05
[8, 267] loss: 0.0004685095697641373
[8, 268] loss: 0.00015516884624958038
[8, 269] loss: 0.000168270543217659
[8, 270] loss: 0.00013226234354078768
[8, 271] loss: 6.38528261333704e-06
[8, 272] loss: 0.00018151478841900825
[8, 273] loss: 0.0005751436576247216
[8, 274] loss: 1.7223445465788244e-05
[8, 275] loss: 2.9825929086655378e-05
[8, 276] loss: 0.0002528507262468338
[8, 277] loss: 0.00027098432183265687
[8, 278] loss: 0.00041556496173143385
[8, 279] loss: 8.14854633063078e-05
[8, 280] loss: 2.0050471648573874e-05
[8, 281] loss: 0.0009373132884502411
[8, 282] loss: 0.0003964380547404289
[8, 283] loss: 0.00010502490215003491
[8, 284] loss: 0.0005343411862850189
[8, 285] loss: 1.3880431652069092e-05
[8, 286] loss: 0.0004784729704260826
[8, 287] loss: 5.966527853161097e-05
[8, 288] loss: 2.596238162368536e-05
[8, 289] loss: 7.916634902358055e-05
[8, 290] loss: 4.854760132730007e-05
[8, 291] loss: 0.0013359414041042327
[8, 292] loss: 5.753606092184782e-05
[8, 293] loss: 0.0004150911048054695
[8, 294] loss: 4.385893698781729e-06
[8, 295] loss: 0.00018068740144371986
[8, 296] loss: 6.025388138368726e-06
[8, 297] loss: 0.003874547779560089
[8, 298] loss: 0.00030561495572328567
[8, 299] loss: 2.363178879022598e-05
[8, 300] loss: 0.0001275590807199478
[8, 301] loss: 0.0005160049349069595
[8, 302] loss: 0.00040341582149267197
[8, 303] loss: 0.0007897206395864486
[8, 304] loss: 0.0006457513570785522
[8, 305] loss: 0.0004225349798798561
[8, 306] loss: 4.114956129342317e-05
[8, 307] loss: 0.0005169734358787537
[8, 308] loss: 0.0002760367095470428
[8, 309] loss: 0.0017651158571243286
[8, 310] loss: 0.0006215362995862961
[8, 311] loss: 0.0002884741872549057
[8, 312] loss: 0.0002990565821528435
[8, 313] loss: 0.0005201678723096848
[8, 314] loss: 0.0003088380955159664
[8, 315] loss: 0.0006021688506007195
[8, 316] loss: 0.0007902383804321289
[8, 317] loss: 0.0012255933880805968
[8, 318] loss: 4.5406362041831016e-05
[8, 319] loss: 0.0002740328013896942
[8, 320] loss: 0.0001345745474100113
[8, 321] loss: 1.2124315835535526e-05
[8, 322] loss: 0.0007750751823186875
[8, 323] loss: 0.00012049569748342038
[8, 324] loss: 0.000534530058503151
[8, 325] loss: 0.0007005371153354645
[8, 326] loss: 3.9959927089512345e-05
[8, 327] loss: 0.0014906784892082215
[8, 328] loss: 0.0006955939531326293
[8, 329] loss: 0.0007934588193893433
[8, 330] loss: 0.000262608490884304
[8, 331] loss: 0.00016902383416891097
[8, 332] loss: 0.00033244609832763674
[8, 333] loss: 0.00011316691525280476
[8, 334] loss: 0.0002656276151537895
[8, 335] loss: 6.182904355227947e-05
[8, 336] loss: 8.856571279466153e-05
[8, 337] loss: 7.792591117322445e-05
[8, 338] loss: 9.253798052668571e-05
[8, 339] loss: 0.0002097063697874546
[8, 340] loss: 0.00022648191079497338
[8, 341] loss: 4.8552234657108786e-05
[8, 342] loss: 0.00025198934599757195
[8, 343] loss: 3.6219884641468525e-05
[8, 344] loss: 0.0008443482965230941
[8, 345] loss: 4.4230478815734385e-05
[8, 346] loss: 0.00010269765742123127
[8, 347] loss: 0.00015708917751908302
[8, 348] loss: 0.00092027448117733
[8, 349] loss: 0.00017709337174892425
[8, 350] loss: 0.0002542675100266933
[8, 351] loss: 0.0008153446018695831
[8, 352] loss: 6.1034499667584894e-05
[8, 353] loss: 3.647826611995697e-05
[8, 354] loss: 5.430089775472879e-05
[8, 355] loss: 0.0003591340780258179
[8, 356] loss: 0.0003829510509967804
[8, 357] loss: 0.0005891366675496102
[8, 358] loss: 0.0002755751274526119
[8, 359] loss: 0.000489732138812542
[8, 360] loss: 5.102408118546009e-05
[8, 361] loss: 4.177668131887913e-05
[8, 362] loss: 3.322373842820525e-05
[8, 363] loss: 0.0001573711633682251
[8, 364] loss: 0.00024153437465429306
[8, 365] loss: 5.2752341143786904e-05
[8, 366] loss: 3.861877601593733e-05
[8, 367] loss: 9.093744680285453e-05
[8, 368] loss: 0.0004066706821322441
[8, 369] loss: 0.0001473363395780325
[8, 370] loss: 0.00011226790957152843
[8, 371] loss: 0.00013560294173657893
[8, 372] loss: 0.00020072218030691146
[8, 373] loss: 0.000541146993637085
[8, 374] loss: 7.471402641385793e-05
[8, 375] loss: 0.00043423566967248917
[8, 376] loss: 0.001182759329676628
[8, 377] loss: 0.00023060688748955727
[8, 378] loss: 8.466155268251895e-05
[8, 379] loss: 0.00014312151819467544
[8, 380] loss: 0.00030056338757276533
[8, 381] loss: 0.0012874846160411835
[8, 382] loss: 9.35263279825449e-05
[8, 383] loss: 0.0006210214272141457
[8, 384] loss: 1.2867327313870192e-05
[8, 385] loss: 0.00013612769544124603
[8, 386] loss: 0.0004067322611808777
[8, 387] loss: 0.00019577160477638245
[8, 388] loss: 0.00024042289704084396
[8, 389] loss: 0.00011248500086367131
[8, 390] loss: 2.5107581168413163e-05
[8, 391] loss: 9.94448084384203e-05
[8, 392] loss: 0.0004449628293514252
[8, 393] loss: 0.00017047332599759102
[8, 394] loss: 0.001235252320766449
[8, 395] loss: 0.0004605061933398247
[8, 396] loss: 0.00012794877402484418
[8, 397] loss: 0.0009558992087841034
[8, 398] loss: 0.0006241827458143234
[8, 399] loss: 5.2538812160491946e-05
[8, 400] loss: 6.723802536725998e-05
[8, 401] loss: 2.6290661189705133e-05
[8, 402] loss: 0.0001824360527098179
[8, 403] loss: 0.00017904046922922134
[8, 404] loss: 0.00033269930630922315
[8, 405] loss: 7.549546426162124e-06
[8, 406] loss: 0.0005458361282944679
[8, 407] loss: 0.0003670864924788475
[8, 408] loss: 3.4557925537228585e-05
[8, 409] loss: 0.00034545496106147766
[8, 410] loss: 0.00017812250182032584
[8, 411] loss: 0.00020602522417902946
[8, 412] loss: 7.876420393586159e-05
[8, 413] loss: 1.4198458520695567e-05
[8, 414] loss: 0.00014610723592340947
[8, 415] loss: 0.0012233638763427734
[8, 416] loss: 1.2701763771474362e-05
[8, 417] loss: 7.430222351104021e-05
[8, 418] loss: 0.00014651475474238395
[8, 419] loss: 0.0004816527664661407
[8, 420] loss: 0.0001739390380680561
[8, 421] loss: 0.00015452681109309196
[8, 422] loss: 8.830800652503967e-05
[8, 423] loss: 0.00046203214675188064
[8, 424] loss: 0.00012014803476631641
[8, 425] loss: 2.012918470427394e-05
[8, 426] loss: 0.00026055062189698217
[8, 427] loss: 4.142977762967348e-05
[8, 428] loss: 4.58012567833066e-05
[8, 429] loss: 0.001394389122724533
[8, 430] loss: 9.457497857511044e-05
[8, 431] loss: 3.676836844533682e-05
[8, 432] loss: 5.5184862576425074e-05
[8, 433] loss: 0.00044487737119197846
[8, 434] loss: 8.059939369559288e-05
[8, 435] loss: 4.7178454697132114e-05
[8, 436] loss: 3.318779170513153e-05
[8, 437] loss: 0.0010893885046243668
[8, 438] loss: 0.00036092519760131834
[8, 439] loss: 0.00014060858637094498
[8, 440] loss: 3.8333521224558354e-05
[8, 441] loss: 0.0006478636711835861
[8, 442] loss: 8.577052503824233e-05
[8, 443] loss: 0.0002173686772584915
[8, 444] loss: 0.0002277236245572567
[8, 445] loss: 5.291995126754045e-05
[8, 446] loss: 2.1445630118250847e-05
[8, 447] loss: 9.504886344075203e-05
[8, 448] loss: 3.900524228811264e-05
[8, 449] loss: 0.0003818957507610321
[8, 450] loss: 2.3028780706226826e-05
[8, 451] loss: 3.2039519865065814e-05
[8, 452] loss: 1.3903614599257708e-05
[8, 453] loss: 0.00033537808805704115
[8, 454] loss: 0.00017112376168370246
[8, 455] loss: 5.129401572048664e-05
[8, 456] loss: 5.276935640722513e-05
[8, 457] loss: 0.0007546164095401763
[8, 458] loss: 5.94019889831543e-05
[8, 459] loss: 0.00012116001918911934
[8, 460] loss: 0.0002953113242983818
[8, 461] loss: 0.0008408224582672119
[8, 462] loss: 0.0001070406474173069
[8, 463] loss: 8.878237567842007e-05
[8, 464] loss: 0.00012844775803387166
[8, 465] loss: 1.2157853925600648e-05
[8, 466] loss: 2.4056083057075738e-05
[8, 467] loss: 0.0001317690871655941
[8, 468] loss: 1.3268934562802315e-05
[8, 469] loss: 0.000471440814435482
[8, 470] loss: 8.881863206624985e-05
[8, 471] loss: 4.4159363023936746e-05
[8, 472] loss: 0.0017177456617355348
[8, 473] loss: 0.0007113458961248398
[8, 474] loss: 0.00014094533398747444
[8, 475] loss: 0.0004681914299726486
[8, 476] loss: 3.96521994844079e-05
[8, 477] loss: 0.0006292778998613358
[8, 478] loss: 0.0001655607484281063
[8, 479] loss: 0.00019601300358772277
[8, 480] loss: 8.386016823351383e-05
[8, 481] loss: 7.115935441106558e-06
[8, 482] loss: 1.6381781315430998e-05
[8, 483] loss: 1.1533816577866673e-05
[8, 484] loss: 5.1990491338074205e-05
[8, 485] loss: 1.8020132556557656e-05
[8, 486] loss: 0.0008743372559547424
[8, 487] loss: 0.0001487318892031908
[8, 488] loss: 1.1365748941898345e-05
[8, 489] loss: 0.00022692976519465447
[8, 490] loss: 0.00015983488410711288
[8, 491] loss: 0.0002736965194344521
[8, 492] loss: 0.00016078496351838113
[8, 493] loss: 1.9764939788728953e-05
[8, 494] loss: 0.0007133546471595764
[8, 495] loss: 0.0002434796467423439
[8, 496] loss: 0.00043360330164432526
[8, 497] loss: 0.0002949046343564987
[8, 498] loss: 0.00027964755892753604
[8, 499] loss: 1.5128757804632186e-05
[8, 500] loss: 1.917065237648785e-05
[8, 501] loss: 0.0001815691962838173
[8, 502] loss: 1.2366767041385174e-05
[8, 503] loss: 2.9188829939812423e-05
[8, 504] loss: 0.00011431478895246983
[8, 505] loss: 1.8848213367164136e-05
[8, 506] loss: 0.0002171374298632145
[8, 507] loss: 2.8403080068528653e-05
[8, 508] loss: 4.641111940145492e-05
[8, 509] loss: 4.1878423653542994e-05
[8, 510] loss: 0.00013353738002479078
[8, 511] loss: 0.0002466053329408169
[8, 512] loss: 7.038045208901167e-05
[8, 513] loss: 0.00026209890842437744
[8, 514] loss: 7.953214459121228e-05
[8, 515] loss: 1.3981356751173735e-05
[8, 516] loss: 0.00036639485508203505
[8, 517] loss: 0.00016471054404973984
[8, 518] loss: 7.752977311611176e-05
[8, 519] loss: 8.07655230164528e-05
[8, 520] loss: 3.5089426673948765e-05
[8, 521] loss: 9.330617263913155e-05
[8, 522] loss: 0.00025222307071089747
[8, 523] loss: 4.21691732481122e-05
[8, 524] loss: 8.516567177139223e-06
[8, 525] loss: 4.4746198691427706e-05
[8, 526] loss: 0.000363343358039856
[8, 527] loss: 0.00024164456874132157
[8, 528] loss: 0.00031988829374313355
[8, 529] loss: 7.681378163397312e-05
[8, 530] loss: 2.7429740875959396e-05
[8, 531] loss: 0.0003059816360473633
[8, 532] loss: 9.003712795674801e-05
[8, 533] loss: 0.00024177083745598792
[8, 534] loss: 0.0005443453416228294
[8, 535] loss: 5.425380077213049e-05
[8, 536] loss: 3.858572337776423e-05
[8, 537] loss: 3.530529560521245e-05
[8, 538] loss: 8.527222089469433e-05
[8, 539] loss: 0.0008717301487922668
[8, 540] loss: 0.00018018703907728194
[8, 541] loss: 0.0005416432395577431
[8, 542] loss: 0.001044778898358345
[8, 543] loss: 3.384766168892384e-05
[8, 544] loss: 8.04942799732089e-06
[8, 545] loss: 7.282725535333156e-05
[8, 546] loss: 7.09894485771656e-05
[8, 547] loss: 8.043385110795498e-05
[8, 548] loss: 0.00034477345645427703
[8, 549] loss: 5.4270983673632146e-05
[8, 550] loss: 8.043753914535045e-05
[8, 551] loss: 0.000366007424890995
[8, 552] loss: 0.00017318714410066605
[8, 553] loss: 1.3989167055115104e-05
[8, 554] loss: 0.00042101360857486723
[8, 555] loss: 0.0003683497756719589
[8, 556] loss: 0.0005057010427117348
[8, 557] loss: 7.728127529844642e-06
[8, 558] loss: 0.0001918291114270687
[8, 559] loss: 0.00019139105454087256
[8, 560] loss: 4.1040037758648394e-05
[8, 561] loss: 7.030165754258633e-05
[8, 562] loss: 1.6388428630307317e-05
[8, 563] loss: 0.00020030323415994643
[8, 564] loss: 0.00017688874155282974
[8, 565] loss: 6.085921195335686e-06
[8, 566] loss: 0.00018878277391195296
[8, 567] loss: 8.747948333621026e-05
[8, 568] loss: 3.785961540415883e-05
[8, 569] loss: 3.461420768871904e-05
[8, 570] loss: 0.0008759140223264694
[8, 571] loss: 2.9829845298081638e-05
[8, 572] loss: 9.477754356339573e-06
[8, 573] loss: 0.00013758759945631027
[8, 574] loss: 2.2613098844885827e-05
[8, 575] loss: 0.0004535862430930138
[8, 576] loss: 0.00036597896367311476
[8, 577] loss: 0.00037631571292877196
[8, 578] loss: 0.00035752493888139723
[8, 579] loss: 0.00030714625492691996
[8, 580] loss: 0.000205945186316967
[8, 581] loss: 0.0005505508556962013
[8, 582] loss: 1.2715773191303015e-05
[8, 583] loss: 0.00012785509228706359
[8, 584] loss: 0.0006126726418733597
[8, 585] loss: 0.00010611790232360363
[8, 586] loss: 0.0010182011872529983
[8, 587] loss: 0.00016730034723877907
[8, 588] loss: 0.0004231252148747444
[8, 589] loss: 0.00016889521852135657
[8, 590] loss: 4.26335958763957e-05
[8, 591] loss: 0.00012787974439561366
[8, 592] loss: 8.592179045081139e-05
[8, 593] loss: 0.00019253319129347801
[8, 594] loss: 0.00017828816547989845
[8, 595] loss: 0.00021764889359474182
[8, 596] loss: 7.605758029967547e-05
[8, 597] loss: 0.0004248062148690224
[8, 598] loss: 1.253199647180736e-05
[8, 599] loss: 0.000406685508787632
[8, 600] loss: 0.00045273516327142715
[8, 601] loss: 2.0096146035939454e-05
[8, 602] loss: 0.0002764865942299366
[8, 603] loss: 0.0009475336968898774
[8, 604] loss: 6.26468937844038e-05
[8, 605] loss: 0.0005194398388266564
[8, 606] loss: 0.0003262607753276825
[8, 607] loss: 0.00025433015078306197
[8, 608] loss: 4.4467560946941376e-05
[8, 609] loss: 0.0002240774780511856
[8, 610] loss: 4.132736008614302e-05
[8, 611] loss: 0.0011430756747722625
[8, 612] loss: 0.0002592140622437
[8, 613] loss: 0.00011397863738238812
[8, 614] loss: 0.00023009482771158219
[8, 615] loss: 1.4402198139578104e-05
[8, 616] loss: 4.710250534117222e-05
[8, 617] loss: 9.4137629494071e-05
[8, 618] loss: 0.0004940792545676232
[8, 619] loss: 0.00013909690082073212
[8, 620] loss: 0.00013731087557971477
[8, 621] loss: 0.00012298270128667356
[8, 622] loss: 2.275635255500674e-05
[8, 623] loss: 0.0014122973382472992
[8, 624] loss: 0.00011581660248339177
[8, 625] loss: 0.00011918994598090648
[8, 626] loss: 0.001047697439789772
[8, 627] loss: 0.0005622249469161033
[8, 628] loss: 0.00031453825533390046
[8, 629] loss: 8.987575769424439e-05
[8, 630] loss: 0.0012920893728733062
[8, 631] loss: 0.0006059232354164123
[8, 632] loss: 0.00016033705323934556
[8, 633] loss: 0.00039386350661516187
[8, 634] loss: 0.0007283538579940796
[8, 635] loss: 0.00021239141002297402
[8, 636] loss: 0.00031965572386980054
[8, 637] loss: 0.00023900263011455535
[8, 638] loss: 0.00021281585097312927
[8, 639] loss: 0.00015694558620452882
[8, 640] loss: 0.00023879459127783774
[8, 641] loss: 0.0005269778519868851
[8, 642] loss: 3.574176225811243e-05
[8, 643] loss: 0.00065937839448452
[8, 644] loss: 0.0001286362297832966
[8, 645] loss: 0.0007689964771270752
[8, 646] loss: 0.0004725184291601181
[8, 647] loss: 0.00016286458820104598
[8, 648] loss: 0.00023474259302020073
[8, 649] loss: 6.17985613644123e-05
[8, 650] loss: 4.5204288326203824e-05
[8, 651] loss: 0.00035858657211065295
[8, 652] loss: 0.0002563614770770073
[8, 653] loss: 0.0007515440881252288
[8, 654] loss: 0.0002866053022444248
[8, 655] loss: 0.00010058094747364521
[8, 656] loss: 2.6850204449146986e-05
[8, 657] loss: 0.00024153757840394974
[8, 658] loss: 0.0005965359508991241
[8, 659] loss: 2.590007206890732e-06
[8, 660] loss: 4.0521365590393544e-05
[8, 661] loss: 0.00021280130371451378
[8, 662] loss: 8.38442612439394e-05
[8, 663] loss: 0.0009552301466464997
[8, 664] loss: 2.984653227031231e-05
[8, 665] loss: 4.5561236329376695e-05
[8, 666] loss: 0.0003170761466026306
[8, 667] loss: 0.0004934820905327797
[8, 668] loss: 0.00040550630539655687
[8, 669] loss: 0.0001448311936110258
[8, 670] loss: 0.0003825269266963005
[8, 671] loss: 2.3891963064670562e-05
[8, 672] loss: 0.0003743983060121536
[8, 673] loss: 3.541503800079226e-05
[8, 674] loss: 0.00018881466239690782
[8, 675] loss: 1.8793668132275343e-05
[8, 676] loss: 0.0009051994234323501
[8, 677] loss: 0.00012139333412051201
[8, 678] loss: 3.1791282817721364e-05
[8, 679] loss: 0.00025685936212539674
[8, 680] loss: 0.0004985058307647706
[8, 681] loss: 0.00010468265041708946
[8, 682] loss: 0.00026509176939725875
[8, 683] loss: 8.511562831699849e-05
[8, 684] loss: 0.0002077532559633255
[8, 685] loss: 0.00010600359179079533
[8, 686] loss: 0.000994540899991989
[8, 687] loss: 0.0006861284375190735
[8, 688] loss: 0.00036591950803995134
[8, 689] loss: 5.424280534498393e-06
[8, 690] loss: 0.0007149296253919601
[8, 691] loss: 4.974736366420984e-05
[8, 692] loss: 6.589844357222318e-05
[8, 693] loss: 1.7258881125599146e-05
[8, 694] loss: 0.0011079870164394379
[8, 695] loss: 0.0001695811003446579
[8, 696] loss: 6.066082045435905e-05
[8, 697] loss: 0.0003483552485704422
[8, 698] loss: 9.89206600934267e-05
[8, 699] loss: 0.00021976564079523086
[8, 700] loss: 0.00020139671862125396
[8, 701] loss: 0.0002757158130407333
[8, 702] loss: 0.000498792864382267
[8, 703] loss: 0.0018908420205116271
[8, 704] loss: 7.500648498535157e-05
[8, 705] loss: 0.00016941994428634643
[8, 706] loss: 0.00028918085619807245
[8, 707] loss: 0.00023524291813373566
[8, 708] loss: 0.0005759681016206742
[8, 709] loss: 0.0011413048952817917
[8, 710] loss: 0.0006398773938417435
[8, 711] loss: 0.00047892555594444277
[8, 712] loss: 0.00025850482285022736
[8, 713] loss: 1.3200165703892708e-05
[8, 714] loss: 0.00010762354359030723
[8, 715] loss: 0.000539243072271347
[8, 716] loss: 0.00034907542169094086
[8, 717] loss: 9.479345753788948e-05
[8, 718] loss: 0.0003813319653272629
[8, 719] loss: 0.00013236543163657187
[8, 720] loss: 0.0003635338693857193
[8, 721] loss: 0.000433911569416523
[8, 722] loss: 6.218305788934231e-05
[8, 723] loss: 0.00010005379095673561
[8, 724] loss: 0.00010566500015556812
[8, 725] loss: 6.886459887027741e-05
[8, 726] loss: 0.00046186111867427824
[8, 727] loss: 1.9234539940953255e-05
[8, 728] loss: 0.00017015138640999794
[8, 729] loss: 0.0008250767737627029
[8, 730] loss: 0.00013308465480804443
[8, 731] loss: 2.0619891583919524e-05
[8, 732] loss: 0.00019934756681323052
[8, 733] loss: 0.0003801274299621582
[8, 734] loss: 4.160003736615181e-05
[8, 735] loss: 0.0004389121010899544
[8, 736] loss: 4.7692828811705116e-05
[8, 737] loss: 0.0002550622448325157
[8, 738] loss: 5.797287914901972e-05
[8, 739] loss: 0.00010992066003382206
[8, 740] loss: 6.356745027005672e-05
[8, 741] loss: 0.00044395942240953444
[8, 742] loss: 0.0002635330706834793
[8, 743] loss: 1.0826995130628347e-05
[8, 744] loss: 8.315142244100571e-05
[8, 745] loss: 0.00011372517794370651
[8, 746] loss: 7.833112962543965e-05
[8, 747] loss: 0.0008521591871976852
[8, 748] loss: 5.45268738642335e-05
[8, 749] loss: 7.912753149867057e-05
[8, 750] loss: 0.0003730800002813339
[8, 751] loss: 5.270728142932057e-06
[8, 752] loss: 0.00012940967455506324
[8, 753] loss: 0.0004877698794007301
[8, 754] loss: 0.00010630348697304726
[8, 755] loss: 9.285729378461837e-05
[8, 756] loss: 0.00030192490667104723
[8, 757] loss: 0.00025758733972907065
[8, 758] loss: 0.0001788233779370785
[8, 759] loss: 0.0002166164480149746
[8, 760] loss: 8.606713265180588e-05
[8, 761] loss: 0.0004900515824556351
[8, 762] loss: 1.7645708285272123e-05
[8, 763] loss: 0.00011223956011235714
[8, 764] loss: 0.0001687506213784218
[8, 765] loss: 0.001051236242055893
[8, 766] loss: 0.00026800677180290224
[8, 767] loss: 0.0017368251085281372
[8, 768] loss: 1.7870926531031727e-05
[8, 769] loss: 2.1199111361056567e-05
[8, 770] loss: 0.000417497344315052
[8, 771] loss: 0.00019730929285287856
[8, 772] loss: 5.125132389366627e-05
[8, 773] loss: 0.0010006032139062882
[8, 774] loss: 4.911061841994524e-05
[8, 775] loss: 1.2007065815851093e-05
[8, 776] loss: 3.98515909910202e-05
[8, 777] loss: 0.00015897788107395173
[8, 778] loss: 0.00019302407279610633
[8, 779] loss: 0.00046343207359313967
[8, 780] loss: 4.832648672163486e-05
[8, 781] loss: 1.7052730545401573e-05
[8, 782] loss: 6.690803566016257e-06
[8, 783] loss: 0.000695018544793129
[8, 784] loss: 4.3779700063169004e-05
[8, 785] loss: 0.0007947611808776855
[8, 786] loss: 0.000138845881447196
[8, 787] loss: 0.000579676553606987
[8, 788] loss: 9.785126894712448e-05
[8, 789] loss: 4.831095226109028e-05
[8, 790] loss: 1.2062359601259232e-05
[8, 791] loss: 2.5990919675678013e-05
[8, 792] loss: 7.304048165678978e-05
[8, 793] loss: 0.0008813770860433578
[8, 794] loss: 0.0001413158141076565
[8, 795] loss: 0.00037378717213869093
[8, 796] loss: 0.0001931862160563469
[8, 797] loss: 5.111839156597853e-05
[8, 798] loss: 3.355216234922409e-05
[8, 799] loss: 3.1825220212340355e-05
[8, 800] loss: 3.7566889077425e-05
[8, 801] loss: 3.25619475916028e-05
[8, 802] loss: 1.957566011697054e-05
[8, 803] loss: 6.50635128840804e-05
[8, 804] loss: 0.00031227009370923044
[8, 805] loss: 0.0007853450626134872
[8, 806] loss: 0.0004259439930319786
[8, 807] loss: 0.0006566035747528076
[8, 808] loss: 0.00015630049630999566
[8, 809] loss: 0.0001103711687028408
[8, 810] loss: 0.0003597588837146759
[8, 811] loss: 0.0007253003865480423
[8, 812] loss: 0.0001819051057100296
[8, 813] loss: 9.729798883199692e-05
[8, 814] loss: 4.6032769605517385e-05
[8, 815] loss: 0.0004261627048254013
[8, 816] loss: 0.00028760984539985654
[8, 817] loss: 0.0006717926263809204
[8, 818] loss: 1.9797226414084435e-05
[8, 819] loss: 0.00014482645317912102
[8, 820] loss: 0.00024652322754263877
[8, 821] loss: 0.0004432857409119606
[8, 822] loss: 4.803371557500213e-06
[8, 823] loss: 3.1919783214107154e-06
[8, 824] loss: 0.0001081463322043419
[8, 825] loss: 0.00039428830146789553
[8, 826] loss: 9.934553876519204e-05
[8, 827] loss: 6.956205237656832e-05
[8, 828] loss: 4.386815242469311e-05
[8, 829] loss: 0.00048089630901813505
[8, 830] loss: 1.9551394507288934e-05
[8, 831] loss: 3.9466493763029574e-06
[8, 832] loss: 0.0007030533999204635
[8, 833] loss: 2.5964390952140094e-05
[8, 834] loss: 0.00148680180311203
[8, 835] loss: 0.00023820612579584122
[8, 836] loss: 3.1979100313037634e-05
[8, 837] loss: 0.00019408298656344413
[8, 838] loss: 0.0001951564848423004
[8, 839] loss: 0.00012099167332053185
[8, 840] loss: 0.0001423052791506052
[8, 841] loss: 0.0001845715567469597
[8, 842] loss: 0.00010239012539386749
[8, 843] loss: 1.860759948613122e-06
[8, 844] loss: 2.2634523920714854e-05
[8, 845] loss: 0.0002647312544286251
[8, 846] loss: 5.586543586105108e-05
[8, 847] loss: 0.0007183629274368286
[8, 848] loss: 0.0012478629499673842
[8, 849] loss: 0.0007591335475444793
[8, 850] loss: 5.4873521439731124e-05
[8, 851] loss: 6.128113018348813e-06
[8, 852] loss: 3.341772360727191e-05
[8, 853] loss: 0.0002515905164182186
[8, 854] loss: 0.0007830651104450226
[8, 855] loss: 0.0002088950201869011
[8, 856] loss: 0.0001314316689968109
[8, 857] loss: 0.00029661066830158236
[8, 858] loss: 0.00048766087740659714
[8, 859] loss: 0.0003609151393175125
[8, 860] loss: 4.498874768614769e-05
[8, 861] loss: 5.861972458660602e-05
[8, 862] loss: 8.15148651599884e-05
[8, 863] loss: 2.848216099664569e-05
[8, 864] loss: 6.724264938384294e-05
[8, 865] loss: 0.0004917088896036148
[8, 866] loss: 7.971868035383522e-06
[8, 867] loss: 0.0002743329480290413
[8, 868] loss: 0.0002666774205863476
[8, 869] loss: 0.00027788402512669564
[8, 870] loss: 0.00023901041597127915
[8, 871] loss: 0.001792331337928772
[8, 872] loss: 0.0006814345717430115
[8, 873] loss: 0.000433015413582325
[8, 874] loss: 5.453719641081989e-06
[8, 875] loss: 6.863047368824482e-05
[8, 876] loss: 6.19042618200183e-05
[8, 877] loss: 6.320385262370109e-05
[8, 878] loss: 4.674054216593504e-05
[8, 879] loss: 0.0012692725658416748
[8, 880] loss: 0.0008486229181289673
[8, 881] loss: 0.00011625751852989197
[8, 882] loss: 0.0004957363381981849
[8, 883] loss: 2.0707137882709502e-05
[8, 884] loss: 0.00011690006591379643
[8, 885] loss: 7.563954219222068e-05
[8, 886] loss: 0.00038891106843948366
[8, 887] loss: 9.486834518611431e-05
[8, 888] loss: 6.439004093408584e-05
[8, 889] loss: 0.00047944389283657076
[8, 890] loss: 0.00022714752703905105
[8, 891] loss: 0.0002365950495004654
[8, 892] loss: 0.0005497283488512039
[8, 893] loss: 0.00036571171134710314
[8, 894] loss: 0.0015412046015262605
[8, 895] loss: 0.00026945313438773153
[8, 896] loss: 0.0002109190635383129
[8, 897] loss: 0.0005039789155125618
[8, 898] loss: 0.0004877026006579399
[8, 899] loss: 1.6857621958479285e-05
[8, 900] loss: 0.0001344862673431635
[8, 901] loss: 0.00037573449313640597
[8, 902] loss: 0.0005047077313065529
[8, 903] loss: 4.7963103279471396e-05
[8, 904] loss: 0.00010598327033221721
[8, 905] loss: 0.0005485864356160163
[8, 906] loss: 0.0012188421934843064
[8, 907] loss: 9.879079647362232e-05
[8, 908] loss: 0.0012154759466648103
[8, 909] loss: 0.0001706860587000847
[8, 910] loss: 9.385469369590283e-05
[8, 911] loss: 0.0005580232664942742
[8, 912] loss: 5.389598663896322e-05
[8, 913] loss: 0.0003279097005724907
[8, 914] loss: 0.00034308332949876784
[8, 915] loss: 0.0011893682181835174
[8, 916] loss: 0.00020017262548208237
[8, 917] loss: 0.00010695348493754863
[8, 918] loss: 4.910916555672884e-05
[8, 919] loss: 9.056247770786286e-05
[8, 920] loss: 0.00035582780838012696
[8, 921] loss: 0.00021646531298756598
[8, 922] loss: 0.00011114423163235188
[8, 923] loss: 7.332298904657364e-05
[8, 924] loss: 0.00012181390076875686
[8, 925] loss: 0.0006825047731399537
[8, 926] loss: 0.00013582978397607803
[8, 927] loss: 0.00020203504711389543
[8, 928] loss: 0.0007673995941877365
[8, 929] loss: 0.0006884832680225373
[8, 930] loss: 0.0005284812301397324
[8, 931] loss: 0.00012389365583658217
[8, 932] loss: 1.2710820883512496e-05
[8, 933] loss: 0.000520227663218975
[8, 934] loss: 0.0004456038773059845
[8, 935] loss: 8.752541616559028e-05
[8, 936] loss: 0.0004450013116002083
[8, 937] loss: 0.0002903621830046177
[9, 0] loss: 6.397203542292118e-05
[9, 1] loss: 0.0007139252871274948
[9, 2] loss: 0.00031865675002336504
[9, 3] loss: 6.587223149836064e-05
[9, 4] loss: 1.0636609513312578e-05
[9, 5] loss: 4.723473452031613e-05
[9, 6] loss: 5.927854683250189e-05
[9, 7] loss: 4.0283561684191224e-05
[9, 8] loss: 0.00046993300318717954
[9, 9] loss: 0.0003148193284869194
[9, 10] loss: 0.0007971818745136261
[9, 11] loss: 0.0002098711393773556
[9, 12] loss: 8.95289797335863e-05
[9, 13] loss: 4.882813896983862e-05
[9, 14] loss: 0.0015883593261241914
[9, 15] loss: 0.00022346263751387595
[9, 16] loss: 0.00031434975564479826
[9, 17] loss: 0.0005106252059340477
[9, 18] loss: 4.707914311438799e-05
[9, 19] loss: 6.18969788774848e-05
[9, 20] loss: 0.00014655048958957197
[9, 21] loss: 0.0002010992728173733
[9, 22] loss: 2.580026164650917e-05
[9, 23] loss: 0.0013475891947746276
[9, 24] loss: 8.36794450879097e-05
[9, 25] loss: 0.0002345016784965992
[9, 26] loss: 0.0003451796993613243
[9, 27] loss: 0.00013383988291025163
[9, 28] loss: 0.00029488543048501015
[9, 29] loss: 0.0007006844878196716
[9, 30] loss: 9.276961907744407e-05
[9, 31] loss: 0.0007150128483772277
[9, 32] loss: 4.001474007964134e-05
[9, 33] loss: 0.0013829982280731202
[9, 34] loss: 0.000332956351339817
[9, 35] loss: 4.285788163542748e-05
[9, 36] loss: 4.288087133318186e-05
[9, 37] loss: 0.00019356483593583107
[9, 38] loss: 0.0001501171849668026
[9, 39] loss: 2.0631928928196432e-05
[9, 40] loss: 6.371436640620232e-05
[9, 41] loss: 7.453431840986014e-05
[9, 42] loss: 2.0242992322891952e-05
[9, 43] loss: 0.0003553151339292526
[9, 44] loss: 6.753591005690396e-06
[9, 45] loss: 0.00016706448048353195
[9, 46] loss: 4.348214250057936e-05
[9, 47] loss: 0.0003139793127775192
[9, 48] loss: 2.9245968908071517e-05
[9, 49] loss: 2.6506159920245408e-05
[9, 50] loss: 0.00010208963416516781
[9, 51] loss: 3.28066642396152e-05
[9, 52] loss: 0.0007538158446550369
[9, 53] loss: 0.0005180275067687035
[9, 54] loss: 9.290393441915512e-05
[9, 55] loss: 0.0016177086532115936
[9, 56] loss: 3.813798073679209e-05
[9, 57] loss: 4.940164741128683e-05
[9, 58] loss: 6.367795169353484e-05
[9, 59] loss: 8.543818257749081e-05
[9, 60] loss: 0.00024583423510193825
[9, 61] loss: 0.0001838495023548603
[9, 62] loss: 0.0009683562815189362
[9, 63] loss: 0.00011761775240302086
[9, 64] loss: 0.0004890193417668343
[9, 65] loss: 0.00032535433769226074
[9, 66] loss: 4.198878537863493e-05
[9, 67] loss: 0.00011104738339781761
[9, 68] loss: 0.00035798177123069763
[9, 69] loss: 0.0005707823112607002
[9, 70] loss: 0.000912688821554184
[9, 71] loss: 0.00035378459841012955
[9, 72] loss: 2.4640467017889023e-05
[9, 73] loss: 0.00019353020936250688
[9, 74] loss: 0.0002732117287814617
[9, 75] loss: 2.5864029303193093e-05
[9, 76] loss: 7.372554857283831e-05
[9, 77] loss: 3.7857603747397664e-05
[9, 78] loss: 0.0002137581631541252
[9, 79] loss: 4.609474912285805e-05
[9, 80] loss: 0.0002075791545212269
[9, 81] loss: 0.00012227828614413738
[9, 82] loss: 3.199104219675064e-05
[9, 83] loss: 0.0005455813184380531
[9, 84] loss: 9.412293322384357e-05
[9, 85] loss: 0.00016230449080467224
[9, 86] loss: 0.000792340636253357
[9, 87] loss: 0.00024067262187600137
[9, 88] loss: 0.0001463192142546177
[9, 89] loss: 7.231497438624501e-06
[9, 90] loss: 7.849694229662418e-05
[9, 91] loss: 2.09001824259758e-05
[9, 92] loss: 0.0005336238443851471
[9, 93] loss: 6.353379227221012e-05
[9, 94] loss: 0.0005273282527923584
[9, 95] loss: 1.844155602157116e-05
[9, 96] loss: 0.0003112887218594551
[9, 97] loss: 0.00010584533214569092
[9, 98] loss: 5.361540243029594e-05
[9, 99] loss: 0.0002327217347919941
[9, 100] loss: 7.509688381105661e-05
[9, 101] loss: 0.00011871036142110824
[9, 102] loss: 4.68193378765136e-06
[9, 103] loss: 0.0010502482205629348
[9, 104] loss: 0.0005245095118880272
[9, 105] loss: 0.0001960574835538864
[9, 106] loss: 0.00023758763447403908
[9, 107] loss: 5.614941008388996e-05
[9, 108] loss: 0.000790049210190773
[9, 109] loss: 2.8791548684239386e-05
[9, 110] loss: 4.059993661940098e-05
[9, 111] loss: 0.00021695757284760476
[9, 112] loss: 3.2694090623408554e-06
[9, 113] loss: 0.00015630988404154777
[9, 114] loss: 2.3649013601243497e-05
[9, 115] loss: 0.00019034832715988158
[9, 116] loss: 0.0005387070402503014
[9, 117] loss: 0.00025812055915594103
[9, 118] loss: 4.9659516662359234e-06
[9, 119] loss: 0.00046514973044395444
[9, 120] loss: 0.00010221029631793499
[9, 121] loss: 7.708764635026455e-05
[9, 122] loss: 0.00044106528162956237
[9, 123] loss: 0.0007630293071269989
[9, 124] loss: 1.1212395038455725e-05
[9, 125] loss: 2.2358549758791925e-05
[9, 126] loss: 0.0010731640458106996
[9, 127] loss: 0.00022501042112708092
[9, 128] loss: 0.00011489934287965297
[9, 129] loss: 0.0005774287134408951
[9, 130] loss: 2.740881871432066e-05
[9, 131] loss: 2.5253130588680505e-05
[9, 132] loss: 0.0002726997621357441
[9, 133] loss: 0.0006844112277030944
[9, 134] loss: 0.00011213533580303192
[9, 135] loss: 0.0001611270010471344
[9, 136] loss: 0.00010663150809705258
[9, 137] loss: 0.0002889217995107174
[9, 138] loss: 0.0003953900188207626
[9, 139] loss: 2.6776189915835858e-05
[9, 140] loss: 0.0002580829709768295
[9, 141] loss: 0.0013616739213466644
[9, 142] loss: 7.4973925948143e-05
[9, 143] loss: 0.0006586615741252899
[9, 144] loss: 5.998949985951185e-05
[9, 145] loss: 0.0001738421618938446
[9, 146] loss: 4.3358481489121916e-05
[9, 147] loss: 0.00016667278483510018
[9, 148] loss: 2.8515516896732154e-06
[9, 149] loss: 0.00038530826568603513
[9, 150] loss: 0.0001656346768140793
[9, 151] loss: 2.1302741952240467e-05
[9, 152] loss: 0.001277824193239212
[9, 153] loss: 3.146260976791382e-05
[9, 154] loss: 0.0002195524051785469
[9, 155] loss: 5.4396833293139933e-05
[9, 156] loss: 0.0002056446671485901
[9, 157] loss: 7.164939306676388e-05
[9, 158] loss: 5.993207450956106e-06
[9, 159] loss: 5.726962815970182e-05
[9, 160] loss: 7.228583097457886e-05
[9, 161] loss: 6.060372106730938e-05
[9, 162] loss: 0.00034390565007925034
[9, 163] loss: 0.00024342814460396768
[9, 164] loss: 0.0004513680934906006
[9, 165] loss: 0.0006774047762155533
[9, 166] loss: 0.00020032960921525955
[9, 167] loss: 4.497907124459744e-05
[9, 168] loss: 1.506325090304017e-05
[9, 169] loss: 0.00010055672377347947
[9, 170] loss: 0.00042380567640066147
[9, 171] loss: 0.0003333912044763565
[9, 172] loss: 0.00016421299427747725
[9, 173] loss: 0.00030864687636494636
[9, 174] loss: 0.00020298426970839502
[9, 175] loss: 5.1436731591820714e-05
[9, 176] loss: 0.0001658692955970764
[9, 177] loss: 0.00024119962006807327
[9, 178] loss: 3.9626737125217916e-05
[9, 179] loss: 0.0003194814920425415
[9, 180] loss: 0.0001471655163913965
[9, 181] loss: 8.314682170748711e-05
[9, 182] loss: 1.6140127554535867e-05
[9, 183] loss: 3.662606701254845e-05
[9, 184] loss: 0.0003283663094043732
[9, 185] loss: 0.0003055715933442116
[9, 186] loss: 3.983831498771906e-05
[9, 187] loss: 1.8512863898649813e-05
[9, 188] loss: 0.0003771698847413063
[9, 189] loss: 0.0003106157854199409
[9, 190] loss: 0.00041674647480249404
[9, 191] loss: 0.0011311455816030503
[9, 192] loss: 1.4500583056360483e-05
[9, 193] loss: 0.0002665209025144577
[9, 194] loss: 0.00016438772901892663
[9, 195] loss: 8.306315168738366e-05
[9, 196] loss: 0.0003723345696926117
[9, 197] loss: 0.0004786445945501327
[9, 198] loss: 0.0001801224984228611
[9, 199] loss: 0.0005563722550868988
[9, 200] loss: 1.096170162782073e-05
[9, 201] loss: 3.5566759761422874e-05
[9, 202] loss: 1.2413153890520333e-05
[9, 203] loss: 8.114884258247912e-06
[9, 204] loss: 1.135928207077086e-05
[9, 205] loss: 0.0001892141066491604
[9, 206] loss: 8.799579925835133e-05
[9, 207] loss: 2.7053833473473788e-05
[9, 208] loss: 1.701760455034673e-05
[9, 209] loss: 0.0009224681556224823
[9, 210] loss: 0.0008885512501001358
[9, 211] loss: 5.5546890944242474e-05
[9, 212] loss: 0.0006558777391910553
[9, 213] loss: 2.848444739356637e-05
[9, 214] loss: 0.00018058845773339272
[9, 215] loss: 0.00018331550061702727
[9, 216] loss: 0.00024854451417922975
[9, 217] loss: 8.741427212953568e-05
[9, 218] loss: 0.0002388010732829571
[9, 219] loss: 2.7353568002581595e-05
[9, 220] loss: 0.0004455234855413437
[9, 221] loss: 0.00011252629570662976
[9, 222] loss: 0.00032061152160167694
[9, 223] loss: 4.4482736848294734e-05
[9, 224] loss: 0.0008906399458646774
[9, 225] loss: 0.0009510776400566101
[9, 226] loss: 0.0002094588801264763
[9, 227] loss: 0.00022647641599178315
[9, 228] loss: 2.1264422684907913e-05
[9, 229] loss: 4.379682242870331e-05
[9, 230] loss: 0.0006260093301534653
[9, 231] loss: 0.0006672748178243637
[9, 232] loss: 0.00040318563580513003
[9, 233] loss: 9.248040616512299e-05
[9, 234] loss: 6.77487626671791e-05
[9, 235] loss: 0.0001475575752556324
[9, 236] loss: 0.00015033191069960595
[9, 237] loss: 3.29727865755558e-05
[9, 238] loss: 1.4275619760155678e-05
[9, 239] loss: 2.3280847817659377e-05
[9, 240] loss: 0.0011103148758411408
[9, 241] loss: 0.00010806106030941009
[9, 242] loss: 3.794932272285223e-05
[9, 243] loss: 0.00020844990387558938
[9, 244] loss: 0.00021921558305621147
[9, 245] loss: 0.0010599494725465775
[9, 246] loss: 5.0056250765919683e-05
[9, 247] loss: 6.207291036844253e-05
[9, 248] loss: 0.00027130434289574624
[9, 249] loss: 0.0003751837462186813
[9, 250] loss: 5.48845948651433e-05
[9, 251] loss: 0.0006701651215553283
[9, 252] loss: 0.00013797630555927753
[9, 253] loss: 0.0002559561841189861
[9, 254] loss: 4.798725713044405e-05
[9, 255] loss: 0.00019796183332800865
[9, 256] loss: 9.738659486174583e-05
[9, 257] loss: 0.00037673044949769973
[9, 258] loss: 9.209981188178062e-05
[9, 259] loss: 3.086905926465988e-06
[9, 260] loss: 0.0004770806059241295
[9, 261] loss: 0.00018140874803066254
[9, 262] loss: 0.0019298137724399567
[9, 263] loss: 0.000137387840077281
[9, 264] loss: 0.00031418196856975556
[9, 265] loss: 0.0003219801187515259
[9, 266] loss: 4.22847643494606e-05
[9, 267] loss: 0.00011869514361023903
[9, 268] loss: 0.00047015924006700517
[9, 269] loss: 0.00019204869866371155
[9, 270] loss: 4.07383544370532e-05
[9, 271] loss: 8.013355545699596e-05
[9, 272] loss: 0.00017911113798618316
[9, 273] loss: 1.8219437915831804e-05
[9, 274] loss: 2.0921370014548303e-05
[9, 275] loss: 0.0006229057908058167
[9, 276] loss: 6.755737122148276e-05
[9, 277] loss: 0.0006105855852365494
[9, 278] loss: 8.94326064735651e-05
[9, 279] loss: 0.00036434531211853026
[9, 280] loss: 0.0004225104674696922
[9, 281] loss: 0.0001035482157021761
[9, 282] loss: 0.0007112640887498856
[9, 283] loss: 0.00019513515755534172
[9, 284] loss: 0.00037019655108451845
[9, 285] loss: 0.00017506426200270653
[9, 286] loss: 0.0011491236090660096
[9, 287] loss: 8.89068061951548e-06
[9, 288] loss: 0.0005490918830037117
[9, 289] loss: 5.213739350438118e-05
[9, 290] loss: 0.000117667056620121
[9, 291] loss: 0.00011692346073687077
[9, 292] loss: 0.00029378537088632585
[9, 293] loss: 0.00013462182134389876
[9, 294] loss: 0.0006297094374895096
[9, 295] loss: 0.0007445227354764938
[9, 296] loss: 9.441740112379192e-06
[9, 297] loss: 0.00010280336253345013
[9, 298] loss: 8.582447655498982e-05
[9, 299] loss: 0.0001398588065057993
[9, 300] loss: 0.00024373115971684456
[9, 301] loss: 0.00015976753085851668
[9, 302] loss: 3.630464430898428e-05
[9, 303] loss: 0.00019169399514794348
[9, 304] loss: 0.00026967069134116174
[9, 305] loss: 0.0002659443020820618
[9, 306] loss: 4.4178799726068974e-05
[9, 307] loss: 0.00013064052909612657
[9, 308] loss: 0.00021249862387776375
[9, 309] loss: 6.368276197463274e-05
[9, 310] loss: 1.551039982587099e-05
[9, 311] loss: 8.889559656381607e-05
[9, 312] loss: 6.3826241530478e-05
[9, 313] loss: 7.797785103321076e-05
[9, 314] loss: 0.00019452860578894615
[9, 315] loss: 0.0002732694149017334
[9, 316] loss: 2.4436076637357474e-06
[9, 317] loss: 0.00018558306619524955
[9, 318] loss: 0.00012077495455741882
[9, 319] loss: 0.0008809377998113632
[9, 320] loss: 6.8901889026165e-05
[9, 321] loss: 3.853017697110772e-05
[9, 322] loss: 0.00013339297845959663
[9, 323] loss: 0.00047824282199144364
[9, 324] loss: 0.00018820717930793763
[9, 325] loss: 0.00012900625355541706
[9, 326] loss: 0.000276812594383955
[9, 327] loss: 0.000387464165687561
[9, 328] loss: 7.188449613749981e-05
[9, 329] loss: 0.0008218309283256531
[9, 330] loss: 0.00012345166876912117
[9, 331] loss: 1.507373759523034e-05
[9, 332] loss: 3.195159137248993e-05
[9, 333] loss: 6.358192302286626e-05
[9, 334] loss: 2.3477517534047365e-05
[9, 335] loss: 3.376496490091086e-05
[9, 336] loss: 0.0005468892306089401
[9, 337] loss: 0.0007191920280456543
[9, 338] loss: 0.000214356891810894
[9, 339] loss: 0.002157846838235855
[9, 340] loss: 1.7615192336961628e-05
[9, 341] loss: 3.377610817551613e-05
[9, 342] loss: 0.00040246061980724334
[9, 343] loss: 0.00013497493229806424
[9, 344] loss: 0.00029101954773068427
[9, 345] loss: 0.00014609338715672492
[9, 346] loss: 0.0014071568846702575
[9, 347] loss: 0.00049605842679739
[9, 348] loss: 2.7330101002007723e-05
[9, 349] loss: 0.0006823704391717911
[9, 350] loss: 0.00023050447925925254
[9, 351] loss: 9.808888658881187e-05
[9, 352] loss: 5.754713434726e-05
[9, 353] loss: 6.959968246519565e-05
[9, 354] loss: 3.5811176057904956e-05
[9, 355] loss: 0.001564319282770157
[9, 356] loss: 0.00013671926222741604
[9, 357] loss: 7.312333211302757e-05
[9, 358] loss: 3.3184655476361515e-05
[9, 359] loss: 0.0002701279893517494
[9, 360] loss: 0.00010339373722672462
[9, 361] loss: 0.0005171285197138786
[9, 362] loss: 0.00010247568599879741
[9, 363] loss: 0.00018820222467184067
[9, 364] loss: 0.0001694204844534397
[9, 365] loss: 0.00045720431953668597
[9, 366] loss: 0.0010055750608444214
[9, 367] loss: 0.00031183017417788503
[9, 368] loss: 2.8595100156962873e-05
[9, 369] loss: 0.0001919962652027607
[9, 370] loss: 0.00012848968617618084
[9, 371] loss: 0.00016262052580714225
[9, 372] loss: 6.993978749960661e-06
[9, 373] loss: 0.00014350054785609246
[9, 374] loss: 1.3461370253935456e-05
[9, 375] loss: 9.882275015115737e-05
[9, 376] loss: 2.403515623882413e-05
[9, 377] loss: 0.0004257868230342865
[9, 378] loss: 6.114875432103873e-05
[9, 379] loss: 0.0007513334602117539
[9, 380] loss: 0.00039254270493984224
[9, 381] loss: 3.6329387221485376e-05
[9, 382] loss: 0.0001135128177702427
[9, 383] loss: 1.0919771157205104e-05
[9, 384] loss: 0.00015500272624194622
[9, 385] loss: 0.0006320838630199432
[9, 386] loss: 3.2034078612923624e-05
[9, 387] loss: 5.851726047694683e-05
[9, 388] loss: 5.962125491350889e-05
[9, 389] loss: 1.563547761179507e-05
[9, 390] loss: 0.0001166989840567112
[9, 391] loss: 0.00012308584526181222
[9, 392] loss: 7.583077996969222e-05
[9, 393] loss: 0.00013015378266572952
[9, 394] loss: 0.00011712858453392983
[9, 395] loss: 5.471727810800076e-05
[9, 396] loss: 9.025716222822666e-05
[9, 397] loss: 6.557523738592863e-05
[9, 398] loss: 0.00016438620164990425
[9, 399] loss: 4.3716696090996265e-05
[9, 400] loss: 2.866941737011075e-05
[9, 401] loss: 5.535006523132324e-05
[9, 402] loss: 8.501403499394655e-06
[9, 403] loss: 6.302469410002232e-05
[9, 404] loss: 0.00012859271839261055
[9, 405] loss: 3.0324070248752832e-05
[9, 406] loss: 3.4498207969591022e-06
[9, 407] loss: 0.0003987817466259003
[9, 408] loss: 0.00041700653731822966
[9, 409] loss: 0.0017489339411258698
[9, 410] loss: 4.213295876979828e-05
[9, 411] loss: 2.9835004825145005e-05
[9, 412] loss: 0.00048797953873872755
[9, 413] loss: 0.0001051483303308487
[9, 414] loss: 6.012742407619953e-05
[9, 415] loss: 0.0003233566135168076
[9, 416] loss: 0.0008946217596530915
[9, 417] loss: 0.00015090420842170716
[9, 418] loss: 0.00014375942759215833
[9, 419] loss: 0.00027215007692575453
[9, 420] loss: 0.00010212285444140434
[9, 421] loss: 0.0007315851002931595
[9, 422] loss: 8.353442884981633e-05
[9, 423] loss: 2.0036743953824044e-05
[9, 424] loss: 0.00042007926851511
[9, 425] loss: 0.0003079811483621597
[9, 426] loss: 7.933495217002928e-06
[9, 427] loss: 0.0004026571288704872
[9, 428] loss: 2.701653866097331e-06
[9, 429] loss: 8.738049655221402e-06
[9, 430] loss: 2.963515929877758e-05
[9, 431] loss: 0.0015685126185417176
[9, 432] loss: 1.129452371969819e-05
[9, 433] loss: 3.0515767866745593e-06
[9, 434] loss: 0.00022929584607481957
[9, 435] loss: 0.0002770731784403324
[9, 436] loss: 3.763658693060279e-05
[9, 437] loss: 0.001905648410320282
[9, 438] loss: 7.819858379662037e-05
[9, 439] loss: 4.691474139690399e-05
[9, 440] loss: 2.480087103322148e-05
[9, 441] loss: 0.001411009281873703
[9, 442] loss: 1.5887294430285693e-05
[9, 443] loss: 3.9071645587682725e-05
[9, 444] loss: 0.00013572914525866508
[9, 445] loss: 4.375800490379334e-05
[9, 446] loss: 1.2095351703464985e-05
[9, 447] loss: 0.0021567389369010924
[9, 448] loss: 3.402907866984606e-05
[9, 449] loss: 5.70420827716589e-05
[9, 450] loss: 0.0003736893832683563
[9, 451] loss: 0.00047596525400877
[9, 452] loss: 4.844251554459333e-05
[9, 453] loss: 8.734691655263304e-06
[9, 454] loss: 1.5741437673568727e-05
[9, 455] loss: 0.0009403481334447861
[9, 456] loss: 1.0982962558045983e-05
[9, 457] loss: 2.95483716763556e-05
[9, 458] loss: 0.0006864745169878006
[9, 459] loss: 2.7230060659348965e-05
[9, 460] loss: 0.0003481975197792053
[9, 461] loss: 0.0001324549876153469
[9, 462] loss: 0.00012261277996003628
[9, 463] loss: 0.00012647055089473724
[9, 464] loss: 0.00010270258411765098
[9, 465] loss: 0.0002552559971809387
[9, 466] loss: 8.235145360231399e-05
[9, 467] loss: 0.0008238598704338074
[9, 468] loss: 0.0005103560537099838
[9, 469] loss: 0.000375564806163311
[9, 470] loss: 0.00029640167951583863
[9, 471] loss: 0.00040988590568304063
[9, 472] loss: 0.0005001049116253853
[9, 473] loss: 0.0002547537721693516
[9, 474] loss: 0.0001676700636744499
[9, 475] loss: 0.0004030999541282654
[9, 476] loss: 7.553259376436472e-05
[9, 477] loss: 7.557136472314596e-05
[9, 478] loss: 0.0007012917101383209
[9, 479] loss: 0.00010711934417486191
[9, 480] loss: 0.0008154521882534027
[9, 481] loss: 0.00030432738363742826
[9, 482] loss: 0.0003738211095333099
[9, 483] loss: 2.304749796167016e-06
[9, 484] loss: 0.000358494408428669
[9, 485] loss: 0.0004770457372069359
[9, 486] loss: 0.00015122335404157638
[9, 487] loss: 0.0005363257601857186
[9, 488] loss: 5.809955764561892e-05
[9, 489] loss: 0.00010893980041146278
[9, 490] loss: 0.00038511227816343305
[9, 491] loss: 0.0002928831987082958
[9, 492] loss: 9.548796340823173e-05
[9, 493] loss: 0.00034040097147226334
[9, 494] loss: 0.00012414306402206421
[9, 495] loss: 3.245473839342594e-05
[9, 496] loss: 0.00016696127131581305
[9, 497] loss: 0.0005473618581891059
[9, 498] loss: 0.00012095851823687554
[9, 499] loss: 0.00010983631014823913
[9, 500] loss: 0.00015244811773300172
[9, 501] loss: 4.922117805108428e-06
[9, 502] loss: 3.574258182197809e-05
[9, 503] loss: 5.9211254119873046e-05
[9, 504] loss: 1.1938250390812754e-05
[9, 505] loss: 2.7413195930421352e-05
[9, 506] loss: 1.4480303507298231e-05
[9, 507] loss: 0.00014083269983530044
[9, 508] loss: 0.0008390504121780396
[9, 509] loss: 4.122419282793999e-05
[9, 510] loss: 0.00025876073166728017
[9, 511] loss: 0.00011145529337227345
[9, 512] loss: 7.859165780246257e-05
[9, 513] loss: 7.865831255912781e-05
[9, 514] loss: 0.00044293943792581556
[9, 515] loss: 2.8309938497841357e-05
[9, 516] loss: 9.062879718840122e-05
[9, 517] loss: 0.00026837339624762534
[9, 518] loss: 0.00013229956850409507
[9, 519] loss: 0.0015445402264595031
[9, 520] loss: 0.00031082624569535257
[9, 521] loss: 6.87007699161768e-05
[9, 522] loss: 1.340154092758894e-05
[9, 523] loss: 3.918371163308621e-05
[9, 524] loss: 3.0301546212285756e-05
[9, 525] loss: 3.272870555520058e-05
[9, 526] loss: 0.00014094687066972255
[9, 527] loss: 0.000418444387614727
[9, 528] loss: 0.00010816102847456932
[9, 529] loss: 4.937588237226009e-05
[9, 530] loss: 0.000328129418194294
[9, 531] loss: 0.00010053925216197967
[9, 532] loss: 3.6591878160834315e-05
[9, 533] loss: 0.0002884994819760323
[9, 534] loss: 7.979262620210647e-05
[9, 535] loss: 9.528174996376037e-06
[9, 536] loss: 0.0005061818659305573
[9, 537] loss: 0.0004915659874677658
[9, 538] loss: 0.00018502525985240935
[9, 539] loss: 6.292941397987306e-06
[9, 540] loss: 7.457366678863764e-05
[9, 541] loss: 8.14785435795784e-05
[9, 542] loss: 1.239767880178988e-05
[9, 543] loss: 0.00023040326312184333
[9, 544] loss: 4.341896623373032e-05
[9, 545] loss: 4.873230122029782e-05
[9, 546] loss: 0.00016211194917559624
[9, 547] loss: 0.0001630615256726742
[9, 548] loss: 8.362853899598122e-05
[9, 549] loss: 0.000134244067594409
[9, 550] loss: 0.0001493872422724962
[9, 551] loss: 5.8971489779651164e-05
[9, 552] loss: 0.0017998477816581727
[9, 553] loss: 0.00016471842303872108
[9, 554] loss: 0.00013701853342354298
[9, 555] loss: 3.0413030181080103e-05
[9, 556] loss: 4.091763403266668e-05
[9, 557] loss: 0.0002620278671383858
[9, 558] loss: 0.000334748849272728
[9, 559] loss: 0.0003077328950166702
[9, 560] loss: 0.0003278111293911934
[9, 561] loss: 6.3893175683915615e-06
[9, 562] loss: 5.2642808295786384e-05
[9, 563] loss: 0.00037646811455488205
[9, 564] loss: 0.00012617869302630424
[9, 565] loss: 0.00024037012830376624
[9, 566] loss: 0.000714646503329277
[9, 567] loss: 5.5418391712009905e-05
[9, 568] loss: 2.245319075882435e-05
[9, 569] loss: 8.075204677879811e-05
[9, 570] loss: 0.0001308387704193592
[9, 571] loss: 1.2222722871229052e-05
[9, 572] loss: 0.0004928765445947647
[9, 573] loss: 8.680964820086955e-05
[9, 574] loss: 2.1378970704972743e-05
[9, 575] loss: 0.0005999935418367386
[9, 576] loss: 9.474294260144234e-05
[9, 577] loss: 4.030373878777027e-05
[9, 578] loss: 5.224776105023921e-06
[9, 579] loss: 0.0015466639399528504
[9, 580] loss: 6.777224596589804e-05
[9, 581] loss: 0.0007768229395151139
[9, 582] loss: 8.353193290531635e-05
[9, 583] loss: 0.0003999496251344681
[9, 584] loss: 0.00023621166124939918
[9, 585] loss: 6.486950907856226e-05
[9, 586] loss: 1.9902000203728676e-05
[9, 587] loss: 1.0045269737020136e-05
[9, 588] loss: 7.272346410900355e-05
[9, 589] loss: 0.00021631272509694098
[9, 590] loss: 0.00018313409760594367
[9, 591] loss: 3.3647187519818546e-05
[9, 592] loss: 1.5877366531640292e-05
[9, 593] loss: 0.002146095484495163
[9, 594] loss: 0.0001141650229692459
[9, 595] loss: 0.00022096570581197738
[9, 596] loss: 1.5261798398569227e-05
[9, 597] loss: 0.0007772865146398545
[9, 598] loss: 7.419471628963947e-05
[9, 599] loss: 0.00014706323854625226
[9, 600] loss: 0.00043726857751607895
[9, 601] loss: 0.0004942144826054573
[9, 602] loss: 7.82546028494835e-05
[9, 603] loss: 0.0005401315540075302
[9, 604] loss: 0.0004135884717106819
[9, 605] loss: 1.8391137709841134e-05
[9, 606] loss: 0.0007812759280204773
[9, 607] loss: 0.0003372962027788162
[9, 608] loss: 1.1421422241255641e-05
[9, 609] loss: 0.00043259188532829285
[9, 610] loss: 0.00024945607408881186
[9, 611] loss: 5.3575178608298305e-05
[9, 612] loss: 9.711301885545254e-05
[9, 613] loss: 0.0008429330587387085
[9, 614] loss: 0.0006585580855607986
[9, 615] loss: 0.0001682158000767231
[9, 616] loss: 0.0003266479074954987
[9, 617] loss: 0.000661681741476059
[9, 618] loss: 0.0004496391490101814
[9, 619] loss: 0.00023320075124502181
[9, 620] loss: 8.775606751441956e-05
[9, 621] loss: 0.001642514020204544
[9, 622] loss: 0.0005589343979954719
[9, 623] loss: 0.00012078320607542991
[9, 624] loss: 0.0008276066184043884
[9, 625] loss: 1.6702590510249138e-05
[9, 626] loss: 5.356937646865845e-05
[9, 627] loss: 5.471931770443916e-05
[9, 628] loss: 0.0011137105524539948
[9, 629] loss: 2.9957080259919165e-05
[9, 630] loss: 0.00012062332592904568
[9, 631] loss: 0.0001367301493883133
[9, 632] loss: 2.006069989874959e-05
[9, 633] loss: 9.853786323219538e-06
[9, 634] loss: 3.614951856434345e-05
[9, 635] loss: 9.84837580472231e-05
[9, 636] loss: 6.365555804222822e-05
[9, 637] loss: 0.00013165311887860297
[9, 638] loss: 0.0004706122726202011
[9, 639] loss: 0.00011496294289827347
[9, 640] loss: 0.00017551971599459647
[9, 641] loss: 0.00035546008497476576
[9, 642] loss: 3.7212495226413014e-05
[9, 643] loss: 0.00012479123659431935
[9, 644] loss: 5.066502373665571e-05
[9, 645] loss: 0.0002960545569658279
[9, 646] loss: 0.0003496958687901497
[9, 647] loss: 2.2589666768908502e-05
[9, 648] loss: 9.574360447004438e-06
[9, 649] loss: 0.0005156685411930084
[9, 650] loss: 0.0005373134464025498
[9, 651] loss: 0.00032125752419233323
[9, 652] loss: 0.0003072788752615452
[9, 653] loss: 1.7192732775583865e-05
[9, 654] loss: 0.0005779040232300758
[9, 655] loss: 9.77237825281918e-06
[9, 656] loss: 0.00032403714954853057
[9, 657] loss: 0.0004113277792930603
[9, 658] loss: 6.928852293640375e-05
[9, 659] loss: 0.0005296294018626213
[9, 660] loss: 0.0001208287663757801
[9, 661] loss: 2.7811015024781227e-06
[9, 662] loss: 2.835244871675968e-05
[9, 663] loss: 0.0003814326226711273
[9, 664] loss: 2.8654846828430892e-05
[9, 665] loss: 1.5609634574502705e-05
[9, 666] loss: 0.0012451335787773132
[9, 667] loss: 0.00011905055493116379
[9, 668] loss: 2.762631978839636e-05
[9, 669] loss: 0.000895284116268158
[9, 670] loss: 3.2123883720487356e-05
[9, 671] loss: 0.0007704470306634903
[9, 672] loss: 0.0001702437549829483
[9, 673] loss: 5.163561087101698e-05
[9, 674] loss: 0.00032195422798395154
[9, 675] loss: 5.51470834761858e-05
[9, 676] loss: 3.588260617107153e-05
[9, 677] loss: 1.2233257293701172e-05
[9, 678] loss: 5.571388639509678e-05
[9, 679] loss: 0.0006356343626976013
[9, 680] loss: 0.0005903686583042145
[9, 681] loss: 0.00022837409749627114
[9, 682] loss: 0.0005132866650819778
[9, 683] loss: 0.000790533646941185
[9, 684] loss: 0.0001416592765599489
[9, 685] loss: 2.2706291638314724e-05
[9, 686] loss: 0.00024254538118839263
[9, 687] loss: 5.60833141207695e-05
[9, 688] loss: 4.499400034546852e-05
[9, 689] loss: 6.369265727698803e-05
[9, 690] loss: 0.0005676867440342903
[9, 691] loss: 0.00023210061714053155
[9, 692] loss: 0.0011231757700443268
[9, 693] loss: 5.9351674281060696e-05
[9, 694] loss: 0.00037191472947597506
[9, 695] loss: 0.0003242563083767891
[9, 696] loss: 0.000154626639559865
[9, 697] loss: 0.0005066463723778725
[9, 698] loss: 0.000604536384344101
[9, 699] loss: 1.0658984538167715e-05
[9, 700] loss: 2.3569392506033183e-05
[9, 701] loss: 2.992902183905244e-05
[9, 702] loss: 0.0017520031332969666
[9, 703] loss: 0.0003831374645233154
[9, 704] loss: 0.0003722945973277092
[9, 705] loss: 0.0011072789132595062
[9, 706] loss: 0.00015301845036447048
[9, 707] loss: 0.00017701951786875726
[9, 708] loss: 0.0005413502454757691
[9, 709] loss: 0.0005319557338953018
[9, 710] loss: 4.6834954991936685e-05
[9, 711] loss: 0.00034054256975650786
[9, 712] loss: 5.181783810257912e-05
[9, 713] loss: 0.00027807053178548815
[9, 714] loss: 1.5558877494186162e-05
[9, 715] loss: 0.0006780636310577393
[9, 716] loss: 4.5291767455637456e-05
[9, 717] loss: 0.00019933940842747688
[9, 718] loss: 5.152293480932713e-05
[9, 719] loss: 0.0007029799371957779
[9, 720] loss: 0.00031283244490623477
[9, 721] loss: 0.0014318960905075073
[9, 722] loss: 6.09984714537859e-05
[9, 723] loss: 6.331947632133961e-05
[9, 724] loss: 1.516252988949418e-05
[9, 725] loss: 9.74228698760271e-05
[9, 726] loss: 0.00040097545832395553
[9, 727] loss: 3.2377848401665685e-05
[9, 728] loss: 0.0003560521081089973
[9, 729] loss: 0.00023173926398158075
[9, 730] loss: 0.000386584997177124
[9, 731] loss: 2.3389908019453287e-05
[9, 732] loss: 0.0015094690024852753
[9, 733] loss: 0.00014412879943847656
[9, 734] loss: 0.00011409582570195199
[9, 735] loss: 0.0011203507333993911
[9, 736] loss: 2.4553597904741763e-05
[9, 737] loss: 0.0010469843447208404
[9, 738] loss: 0.0002506551519036293
[9, 739] loss: 3.0353826005011797e-05
[9, 740] loss: 0.0004975690320134163
[9, 741] loss: 3.787420457229018e-05
[9, 742] loss: 0.00040505964308977125
[9, 743] loss: 0.00026198672130703924
[9, 744] loss: 0.00043353740125894546
[9, 745] loss: 0.0003240884467959404
[9, 746] loss: 0.00022503819316625596
[9, 747] loss: 4.486937075853348e-05
[9, 748] loss: 8.770876564085484e-05
[9, 749] loss: 0.00011024406179785729
[9, 750] loss: 9.053239598870277e-05
[9, 751] loss: 0.0005342623591423034
[9, 752] loss: 4.386329557746649e-05
[9, 753] loss: 0.00017110271379351617
[9, 754] loss: 6.0279085300862785e-06
[9, 755] loss: 7.327839732170105e-05
[9, 756] loss: 0.0007580731064081192
[9, 757] loss: 1.845960272476077e-05
[9, 758] loss: 0.0001759599894285202
[9, 759] loss: 3.540348261594772e-05
[9, 760] loss: 0.0004114115610718727
[9, 761] loss: 0.0004461757093667984
[9, 762] loss: 4.2278110049664976e-05
[9, 763] loss: 0.001135563850402832
[9, 764] loss: 6.954221986234188e-05
[9, 765] loss: 0.0005099522694945335
[9, 766] loss: 0.00019129762426018716
[9, 767] loss: 7.635983172804117e-05
[9, 768] loss: 6.936841178685427e-05
[9, 769] loss: 3.9194864220917226e-05
[9, 770] loss: 7.711016107350588e-05
[9, 771] loss: 0.0004928350448608398
[9, 772] loss: 8.016233332455158e-05
[9, 773] loss: 0.00017101770266890525
[9, 774] loss: 0.0010931331664323807
[9, 775] loss: 7.652116473764182e-05
[9, 776] loss: 2.2053448483347892e-05
[9, 777] loss: 0.00016496207565069198
[9, 778] loss: 3.824963350780308e-06
[9, 779] loss: 5.4060276597738265e-05
[9, 780] loss: 0.0001435897685587406
[9, 781] loss: 0.00010752726346254349
[9, 782] loss: 2.0693063270300626e-05
[9, 783] loss: 0.0003178870677947998
[9, 784] loss: 2.16920068487525e-05
[9, 785] loss: 8.863819763064384e-05
[9, 786] loss: 4.51667420566082e-05
[9, 787] loss: 4.834470804780722e-05
[9, 788] loss: 2.603923203423619e-05
[9, 789] loss: 4.87691443413496e-05
[9, 790] loss: 6.29623094573617e-05
[9, 791] loss: 0.0005121923983097077
[9, 792] loss: 0.0003179192170500755
[9, 793] loss: 0.0001098673790693283
[9, 794] loss: 0.00013652677647769452
[9, 795] loss: 1.9971178844571113e-05
[9, 796] loss: 0.00031067442148923873
[9, 797] loss: 1.5050311340019107e-05
[9, 798] loss: 0.0006383579969406128
[9, 799] loss: 1.927796984091401e-05
[9, 800] loss: 0.00013317418284714222
[9, 801] loss: 1.6890335828065873e-05
[9, 802] loss: 9.2988396063447e-05
[9, 803] loss: 2.0699347369372846e-05
[9, 804] loss: 1.4293735148385167e-05
[9, 805] loss: 0.0005002217739820481
[9, 806] loss: 4.39175684005022e-05
[9, 807] loss: 0.00011407292447984218
[9, 808] loss: 5.239072721451521e-05
[9, 809] loss: 0.00012217422015964986
[9, 810] loss: 0.00049907635897398
[9, 811] loss: 0.0003995094820857048
[9, 812] loss: 3.782554995268583e-05
[9, 813] loss: 2.9472773894667627e-05
[9, 814] loss: 0.0005985720083117485
[9, 815] loss: 0.00025164395570755006
[9, 816] loss: 1.2569190002977849e-05
[9, 817] loss: 8.5960584692657e-06
[9, 818] loss: 5.198953673243522e-05
[9, 819] loss: 1.6350381774827837e-05
[9, 820] loss: 2.2470641415566206e-05
[9, 821] loss: 5.521980114281177e-05
[9, 822] loss: 1.901626237668097e-05
[9, 823] loss: 5.480166990309954e-05
[9, 824] loss: 8.003429509699344e-05
[9, 825] loss: 2.6948750019073485e-06
[9, 826] loss: 0.0019497598707675934
[9, 827] loss: 0.0007193393260240555
[9, 828] loss: 0.0013263827562332152
[9, 829] loss: 0.0005779939517378807
[9, 830] loss: 0.0006903012841939926
[9, 831] loss: 6.460568867623806e-05
[9, 832] loss: 0.0004230046644806862
[9, 833] loss: 1.5014217933639883e-05
[9, 834] loss: 4.2402693070471285e-05
[9, 835] loss: 0.0001358725130558014
[9, 836] loss: 0.00028361542150378226
[9, 837] loss: 2.3837420158088208e-05
[9, 838] loss: 3.559008240699768e-05
[9, 839] loss: 6.538897752761841e-05
[9, 840] loss: 0.0003928143531084061
[9, 841] loss: 0.00027313468977808954
[9, 842] loss: 6.838461849838496e-05
[9, 843] loss: 0.0010401691496372224
[9, 844] loss: 1.6511431895196437e-05
[9, 845] loss: 2.296058461070061e-05
[9, 846] loss: 0.00010978076606988907
[9, 847] loss: 0.00015689460560679435
[9, 848] loss: 0.0008179417252540588
[9, 849] loss: 0.001974167674779892
[9, 850] loss: 1.7329036490991713e-05
[9, 851] loss: 0.00037000205367803573
[9, 852] loss: 8.502294309437275e-05
[9, 853] loss: 7.39371869713068e-06
[9, 854] loss: 0.0001653626747429371
[9, 855] loss: 0.00012050804682075977
[9, 856] loss: 0.0001063577551394701
[9, 857] loss: 7.304825820028782e-05
[9, 858] loss: 0.00024628255516290665
[9, 859] loss: 0.00032458078116178515
[9, 860] loss: 0.00023574059829115868
[9, 861] loss: 0.00024925233796238897
[9, 862] loss: 0.0008302563428878784
[9, 863] loss: 0.0005873588100075721
[9, 864] loss: 9.295938536524773e-05
[9, 865] loss: 0.0001221335120499134
[9, 866] loss: 1.8156596925109626e-05
[9, 867] loss: 0.0007102333754301071
[9, 868] loss: 0.00016773877665400506
[9, 869] loss: 1.1364987585693598e-05
[9, 870] loss: 9.043625555932522e-05
[9, 871] loss: 0.0007931824773550033
[9, 872] loss: 3.9753029122948645e-05
[9, 873] loss: 5.647136829793453e-05
[9, 874] loss: 7.659107446670532e-05
[9, 875] loss: 0.0004935620352625846
[9, 876] loss: 0.0001510477252304554
[9, 877] loss: 0.00017340388149023056
[9, 878] loss: 0.0001692897081375122
[9, 879] loss: 4.078404977917671e-05
[9, 880] loss: 2.187415026128292e-05
[9, 881] loss: 0.00016552930697798728
[9, 882] loss: 6.72852247953415e-05
[9, 883] loss: 0.0007302487641572952
[9, 884] loss: 1.7144351731985806e-05
[9, 885] loss: 0.0004389551654458046
[9, 886] loss: 0.000891987681388855
[9, 887] loss: 7.52145703881979e-05
[9, 888] loss: 0.00044860288500785827
[9, 889] loss: 0.00016929958015680314
[9, 890] loss: 0.0003008347935974598
[9, 891] loss: 0.00020845819264650345
[9, 892] loss: 2.2624421399086712e-05
[9, 893] loss: 0.00012931987643241883
[9, 894] loss: 2.2774876561015846e-05
[9, 895] loss: 0.0010441669076681136
[9, 896] loss: 0.00017124995589256286
[9, 897] loss: 0.00044956713914871214
[9, 898] loss: 9.581934660673142e-05
[9, 899] loss: 0.00012436729855835437
[9, 900] loss: 3.8683488965034486e-05
[9, 901] loss: 0.002694377303123474
[9, 902] loss: 0.00023016136139631272
[9, 903] loss: 7.083134725689888e-05
[9, 904] loss: 4.2203366756439206e-05
[9, 905] loss: 0.00017373181879520416
[9, 906] loss: 1.0721005965024233e-05
[9, 907] loss: 6.336499471217394e-05
[9, 908] loss: 2.420982113108039e-05
[9, 909] loss: 0.00022700205445289612
[9, 910] loss: 9.403574280440807e-05
[9, 911] loss: 0.0005250794813036919
[9, 912] loss: 0.0002867831289768219
[9, 913] loss: 2.4849697947502136e-05
[9, 914] loss: 2.2792364470660688e-05
[9, 915] loss: 0.0009665746241807937
[9, 916] loss: 0.00039410438388586043
[9, 917] loss: 0.00010315962135791779
[9, 918] loss: 0.0002437055669724941
[9, 919] loss: 8.8724410161376e-05
[9, 920] loss: 0.00012974735349416733
[9, 921] loss: 0.00033159419894218445
[9, 922] loss: 4.520620219409466e-05
[9, 923] loss: 0.0006512115150690079
[9, 924] loss: 2.6990661863237618e-05
[9, 925] loss: 4.9851364456117156e-05
[9, 926] loss: 0.0002018739655613899
[9, 927] loss: 0.00014326171949505807
[9, 928] loss: 2.947899512946606e-05
[9, 929] loss: 0.0004429939016699791
[9, 930] loss: 0.0009236180782318115
[9, 931] loss: 7.470331154763699e-05
[9, 932] loss: 0.0006824831664562225
[9, 933] loss: 0.00019072579219937325
[9, 934] loss: 0.0006178972497582436
[9, 935] loss: 2.6075579226016997e-05
[9, 936] loss: 0.0020864138007164
[9, 937] loss: 3.6610860843211414e-06
[10, 0] loss: 2.7753207832574843e-05
[10, 1] loss: 0.0003647006303071976
[10, 2] loss: 0.00010577170178294182
[10, 3] loss: 0.00013020152226090432
[10, 4] loss: 1.0841217590495945e-05
[10, 5] loss: 0.00047165144234895707
[10, 6] loss: 0.00019598972052335738
[10, 7] loss: 0.0002764740772545338
[10, 8] loss: 6.291145924478769e-05
[10, 9] loss: 0.00010025632567703724
[10, 10] loss: 0.0008166436105966568
[10, 11] loss: 0.0006160570681095123
[10, 12] loss: 0.0006247266381978989
[10, 13] loss: 0.0006942857801914216
[10, 14] loss: 0.00019676851108670233
[10, 15] loss: 8.649357594549656e-05
[10, 16] loss: 0.00036595843732357026
[10, 17] loss: 0.001843402087688446
[10, 18] loss: 4.550952580757439e-06
[10, 19] loss: 0.00011789139360189438
[10, 20] loss: 3.109995042905211e-05
[10, 21] loss: 0.00011559687554836273
[10, 22] loss: 0.0005726106837391854
[10, 23] loss: 0.0005076758936047554
[10, 24] loss: 0.0002975793369114399
[10, 25] loss: 2.9433349845930934e-06
[10, 26] loss: 0.0002398121729493141
[10, 27] loss: 0.0003060354851186275
[10, 28] loss: 4.822743125259876e-05
[10, 29] loss: 0.0004959326982498169
[10, 30] loss: 1.3982586096972227e-05
[10, 31] loss: 2.0211760420352222e-05
[10, 32] loss: 0.00022265424951910972
[10, 33] loss: 0.00010001995600759983
[10, 34] loss: 0.00013821867294609548
[10, 35] loss: 1.9393711118027567e-05
[10, 36] loss: 7.362682372331619e-05
[10, 37] loss: 0.00032129690051078795
[10, 38] loss: 3.2063794787973166e-06
[10, 39] loss: 4.6322448179125784e-05
[10, 40] loss: 0.00013580652885138988
[10, 41] loss: 2.0383100491017103e-05
[10, 42] loss: 9.495223872363568e-05
[10, 43] loss: 0.00019948713481426238
[10, 44] loss: 0.0014961832761764527
[10, 45] loss: 0.00011801505461335182
[10, 46] loss: 0.00015629105269908904
[10, 47] loss: 3.3567666541785e-05
[10, 48] loss: 0.0006611229479312897
[10, 49] loss: 2.742934972047806e-05
[10, 50] loss: 0.00014707008376717566
[10, 51] loss: 1.4232172397896647e-05
[10, 52] loss: 2.2621164098381997e-05
[10, 53] loss: 0.0002782667055726051
[10, 54] loss: 1.2056445702910423e-05
[10, 55] loss: 0.00022005677223205567
[10, 56] loss: 0.0007664215564727783
[10, 57] loss: 0.000115218386054039
[10, 58] loss: 4.8581906594336036e-05
[10, 59] loss: 9.441792964935302e-05
[10, 60] loss: 0.00012353586964309216
[10, 61] loss: 9.323332458734513e-05
[10, 62] loss: 0.00039811477065086363
[10, 63] loss: 1.3895609881728888e-05
[10, 64] loss: 0.00023701772093772888
[10, 65] loss: 0.00025652168318629265
[10, 66] loss: 0.0005252820625901222
[10, 67] loss: 4.026086069643497e-05
[10, 68] loss: 1.2699577200692147e-06
[10, 69] loss: 0.00021685058251023293
[10, 70] loss: 0.00027745403349399567
[10, 71] loss: 0.00022544946521520614
[10, 72] loss: 0.00021282508969306947
[10, 73] loss: 0.00035618022084236143
[10, 74] loss: 5.973523366264999e-06
[10, 75] loss: 7.995141670107841e-05
[10, 76] loss: 0.00044213507324457167
[10, 77] loss: 0.0017669916152954102
[10, 78] loss: 2.534840954467654e-05
[10, 79] loss: 6.940192542970181e-06
[10, 80] loss: 0.0002061360888183117
[10, 81] loss: 3.600902855396271e-05
[10, 82] loss: 0.00019644835963845254
[10, 83] loss: 1.65926618501544e-05
[10, 84] loss: 0.00027420051395893097
[10, 85] loss: 0.0001669074222445488
[10, 86] loss: 0.000582931935787201
[10, 87] loss: 3.6294450983405116e-05
[10, 88] loss: 1.6643853159621356e-05
[10, 89] loss: 9.795300429686905e-06
[10, 90] loss: 6.782705168006941e-07
[10, 91] loss: 1.3129531871527434e-05
[10, 92] loss: 0.00027449823915958404
[10, 93] loss: 6.334820296615363e-05
[10, 94] loss: 0.00012609707191586496
[10, 95] loss: 0.0003727348893880844
[10, 96] loss: 3.820892656221986e-05
[10, 97] loss: 7.2007544804364445e-06
[10, 98] loss: 5.350877763703466e-06
[10, 99] loss: 4.847390111535788e-05
[10, 100] loss: 3.7646337877959015e-05
[10, 101] loss: 0.00019532324746251105
[10, 102] loss: 1.486576977185905e-05
[10, 103] loss: 0.0005781581625342369
[10, 104] loss: 0.0001394835952669382
[10, 105] loss: 0.0001119590550661087
[10, 106] loss: 1.6526436666026713e-05
[10, 107] loss: 0.0006236985325813293
[10, 108] loss: 0.00037084896117448805
[10, 109] loss: 5.626703612506389e-05
[10, 110] loss: 0.00024872303009033204
[10, 111] loss: 2.9271743260324e-05
[10, 112] loss: 1.2810986663680523e-06
[10, 113] loss: 1.9996620249003172e-05
[10, 114] loss: 1.5603163046762347e-06
[10, 115] loss: 0.0007214764505624771
[10, 116] loss: 1.9344149623066188e-05
[10, 117] loss: 0.0004015107825398445
[10, 118] loss: 0.00016849379986524582
[10, 119] loss: 0.00010674787685275078
[10, 120] loss: 0.00013622368685901166
[10, 121] loss: 0.00018619490787386895
[10, 122] loss: 0.00013325073756277562
[10, 123] loss: 1.8844837322831155e-05
[10, 124] loss: 0.0006510297954082489
[10, 125] loss: 6.402238272130489e-05
[10, 126] loss: 7.686261087656022e-05
[10, 127] loss: 3.59499454498291e-05
[10, 128] loss: 0.00011614658869802952
[10, 129] loss: 3.0025418382138014e-05
[10, 130] loss: 5.7510812766849994e-05
[10, 131] loss: 7.203797809779644e-05
[10, 132] loss: 8.240814786404371e-06
[10, 133] loss: 0.0010459703207015992
[10, 134] loss: 0.00030393019318580627
[10, 135] loss: 0.00043101660907268524
[10, 136] loss: 0.0004269125685095787
[10, 137] loss: 6.773103959858417e-06
[10, 138] loss: 0.0001632286421954632
[10, 139] loss: 0.00014876732602715493
[10, 140] loss: 0.00015287915244698524
[10, 141] loss: 1.394203514792025e-05
[10, 142] loss: 0.00016166212037205697
[10, 143] loss: 1.429862022632733e-06
[10, 144] loss: 1.7120292177423835e-05
[10, 145] loss: 1.09870417509228e-05
[10, 146] loss: 4.543858231045306e-06
[10, 147] loss: 0.00011987324804067612
[10, 148] loss: 0.00043158132582902907
[10, 149] loss: 3.184645436704159e-05
[10, 150] loss: 0.0005105233937501907
[10, 151] loss: 0.0004099582135677338
[10, 152] loss: 0.0001846889778971672
[10, 153] loss: 0.00019797759130597115
[10, 154] loss: 1.888249535113573e-05
[10, 155] loss: 4.323784960433841e-06
[10, 156] loss: 0.0001128349918872118
[10, 157] loss: 0.0004065349698066711
[10, 158] loss: 4.4330181553959845e-05
[10, 159] loss: 1.9222069531679154e-05
[10, 160] loss: 9.256546385586262e-05
[10, 161] loss: 1.4302431372925639e-05
[10, 162] loss: 0.00011926262639462948
[10, 163] loss: 2.485576318576932e-05
[10, 164] loss: 3.73122189193964e-05
[10, 165] loss: 0.00014991928823292254
[10, 166] loss: 1.5969595406204462e-05
[10, 167] loss: 1.9458229653537275e-05
[10, 168] loss: 8.832586463540792e-06
[10, 169] loss: 0.00021201599389314652
[10, 170] loss: 0.00017714675515890122
[10, 171] loss: 0.00023253273218870163
[10, 172] loss: 3.7335895467549565e-05
[10, 173] loss: 5.999092012643814e-05
[10, 174] loss: 0.00033781979233026504
[10, 175] loss: 3.7820984143763784e-05
[10, 176] loss: 0.00010053941048681736
[10, 177] loss: 2.0926117431372405e-05
[10, 178] loss: 0.00036777030676603316
[10, 179] loss: 0.00024425789713859557
[10, 180] loss: 0.0001802130602300167
[10, 181] loss: 1.9857210572808983e-05
[10, 182] loss: 2.857936080545187e-05
[10, 183] loss: 0.0003332561627030373
[10, 184] loss: 0.0004696039855480194
[10, 185] loss: 1.6664168797433376e-05
[10, 186] loss: 0.00013564178720116616
[10, 187] loss: 0.00032475683838129044
[10, 188] loss: 0.0004669932648539543
[10, 189] loss: 5.08414302021265e-05
[10, 190] loss: 0.00011478953994810581
[10, 191] loss: 7.13693955913186e-05
[10, 192] loss: 0.00025862319394946096
[10, 193] loss: 2.80784722417593e-05
[10, 194] loss: 1.6250561748165636e-06
[10, 195] loss: 1.2359071988612413e-05
[10, 196] loss: 0.0005943530425429344
[10, 197] loss: 0.000580635629594326
[10, 198] loss: 6.0135764069855216e-05
[10, 199] loss: 1.772659597918391e-05
[10, 200] loss: 0.0001095418818295002
[10, 201] loss: 6.858929991722107e-05
[10, 202] loss: 6.403770530596376e-06
[10, 203] loss: 2.7433116920292377e-05
[10, 204] loss: 3.08936764486134e-05
[10, 205] loss: 0.00024214792996644972
[10, 206] loss: 1.789450761862099e-05
[10, 207] loss: 4.6268259175121785e-05
[10, 208] loss: 5.131501704454422e-05
[10, 209] loss: 0.0002240057662129402
[10, 210] loss: 8.18433181848377e-06
[10, 211] loss: 4.6787997707724574e-05
[10, 212] loss: 2.037223894149065e-05
[10, 213] loss: 1.4113079523667692e-05
[10, 214] loss: 8.174189133569598e-06
[10, 215] loss: 0.00010884019546210766
[10, 216] loss: 3.710585879161954e-05
[10, 217] loss: 4.397297743707895e-05
[10, 218] loss: 3.5664456663653254e-06
[10, 219] loss: 4.458863695617766e-06
[10, 220] loss: 0.00032473277300596235
[10, 221] loss: 3.1788329943083225e-06
[10, 222] loss: 7.54825584590435e-05
[10, 223] loss: 4.619816318154335e-05
[10, 224] loss: 5.4590241052210335e-06
[10, 225] loss: 2.0004226826131344e-05
[10, 226] loss: 9.601822821423411e-06
[10, 227] loss: 0.0007569289952516555
[10, 228] loss: 7.068123202770949e-05
[10, 229] loss: 1.398883294314146e-05
[10, 230] loss: 5.613498389720917e-05
[10, 231] loss: 0.000334622785449028
[10, 232] loss: 0.00014524553902447223
[10, 233] loss: 6.561649031937122e-05
[10, 234] loss: 0.00010411032475531101
[10, 235] loss: 2.2999939974397422e-05
[10, 236] loss: 1.6477336175739764e-05
[10, 237] loss: 1.544554717838764e-05
[10, 238] loss: 8.755460294196383e-07
[10, 239] loss: 6.9353164872154594e-06
[10, 240] loss: 3.1074790749698875e-05
[10, 241] loss: 0.0002716530114412308
[10, 242] loss: 0.00023145155981183052
[10, 243] loss: 5.2843401208519934e-05
[10, 244] loss: 2.2142503876239062e-05
[10, 245] loss: 0.0006237171217799187
[10, 246] loss: 6.120648700743913e-05
[10, 247] loss: 0.0005982141941785812
[10, 248] loss: 4.302024899516255e-06
[10, 249] loss: 3.7359076086431744e-05
[10, 250] loss: 4.126625717617571e-06
[10, 251] loss: 0.00010074991732835769
[10, 252] loss: 0.00025024443864822386
[10, 253] loss: 6.861890200525522e-05
[10, 254] loss: 0.0007150449603796006
[10, 255] loss: 3.423892194405198e-06
[10, 256] loss: 0.0006168461963534356
[10, 257] loss: 0.00022254545241594313
[10, 258] loss: 0.00019655723124742508
[10, 259] loss: 0.00020158857107162474
[10, 260] loss: 0.00019179744645953179
[10, 261] loss: 4.542116657830775e-06
[10, 262] loss: 2.9100757092237473e-05
[10, 263] loss: 1.5023229643702507e-05
[10, 264] loss: 0.0004983632266521453
[10, 265] loss: 1.8833697540685536e-05
[10, 266] loss: 0.00014635033905506135
[10, 267] loss: 1.148848095908761e-05
[10, 268] loss: 6.699538324028253e-05
[10, 269] loss: 0.00030880575999617574
[10, 270] loss: 0.0005447631701827049
[10, 271] loss: 3.0874214135110376e-05
[10, 272] loss: 6.490489467978478e-05
[10, 273] loss: 0.0002962507866322994
[10, 274] loss: 0.00028138255700469014
[10, 275] loss: 7.45514826849103e-05
[10, 276] loss: 0.00016485078260302543
[10, 277] loss: 1.9553399179130794e-05
[10, 278] loss: 1.4721956104040146e-05
[10, 279] loss: 3.297568531706929e-05
[10, 280] loss: 2.4960620794445277e-05
[10, 281] loss: 0.0001998649723827839
[10, 282] loss: 5.01394085586071e-05
[10, 283] loss: 1.373650273308158e-05
[10, 284] loss: 4.0136179886758325e-05
[10, 285] loss: 1.3163241092115641e-05
[10, 286] loss: 0.00012135052122175694
[10, 287] loss: 0.0010468918830156327
[10, 288] loss: 1.666916999965906e-05
[10, 289] loss: 4.9107195809483525e-05
[10, 290] loss: 4.775220528244972e-05
[10, 291] loss: 7.069240789860487e-05
[10, 292] loss: 8.01105611026287e-05
[10, 293] loss: 5.435299593955278e-05
[10, 294] loss: 3.76278767362237e-05
[10, 295] loss: 7.396491710096597e-06
[10, 296] loss: 2.2421432659029962e-05
[10, 297] loss: 0.00010539674200117588
[10, 298] loss: 0.00017044739797711372
[10, 299] loss: 0.00010716876015067101
[10, 300] loss: 0.00011477737687528134
[10, 301] loss: 7.154733873903751e-05
[10, 302] loss: 4.698262549936771e-05
[10, 303] loss: 0.00013343416154384613
[10, 304] loss: 3.9007028099149466e-05
[10, 305] loss: 0.0001385326124727726
[10, 306] loss: 0.0001968357339501381
[10, 307] loss: 1.1722341878339648e-05
[10, 308] loss: 0.00013634213246405125
[10, 309] loss: 2.578931860625744e-05
[10, 310] loss: 0.00017964953556656838
[10, 311] loss: 0.00014247375540435314
[10, 312] loss: 1.6564796678721904e-05
[10, 313] loss: 0.00013274520635604857
[10, 314] loss: 7.601957768201827e-05
[10, 315] loss: 0.00016616879031062127
[10, 316] loss: 0.0001207638904452324
[10, 317] loss: 0.0001690228655934334
[10, 318] loss: 0.0002944280952215195
[10, 319] loss: 3.4024688648059965e-06
[10, 320] loss: 4.660618025809526e-05
[10, 321] loss: 2.941319951787591e-05
[10, 322] loss: 2.5200459640473126e-05
[10, 323] loss: 2.1252993028610946e-05
[10, 324] loss: 9.399878792464732e-05
[10, 325] loss: 4.606248810887337e-05
[10, 326] loss: 0.0005094844475388527
[10, 327] loss: 0.0007658421248197555
[10, 328] loss: 1.6151845920830964e-05
[10, 329] loss: 1.0229337494820356e-05
[10, 330] loss: 3.676627529785037e-05
[10, 331] loss: 1.7867403221316636e-06
[10, 332] loss: 0.0018521153926849365
[10, 333] loss: 0.0005455382540822029
[10, 334] loss: 0.0005689008906483651
[10, 335] loss: 5.466405302286148e-05
[10, 336] loss: 0.00014620422385632991
[10, 337] loss: 0.00023135239258408546
[10, 338] loss: 0.00015010156668722628
[10, 339] loss: 0.0034240004420280456
[10, 340] loss: 5.246964283287525e-05
[10, 341] loss: 1.7159399576485156e-05
[10, 342] loss: 0.00024439582601189615
[10, 343] loss: 4.4977786019444465e-05
[10, 344] loss: 0.0009391013532876969
[10, 345] loss: 0.0016608713567256928
[10, 346] loss: 0.0006181322038173676
[10, 347] loss: 3.657387336716056e-05
[10, 348] loss: 5.747598595917225e-05
[10, 349] loss: 0.0011329435557126998
[10, 350] loss: 0.00028251787647604943
[10, 351] loss: 0.0010828866064548491
[10, 352] loss: 0.00016692128032445906
[10, 353] loss: 3.418243140913546e-06
[10, 354] loss: 0.00040583498775959015
[10, 355] loss: 2.3575439117848874e-05
[10, 356] loss: 0.00011513032019138337
[10, 357] loss: 3.6968707572668794e-05
[10, 358] loss: 0.0006218865886330605
[10, 359] loss: 4.8880050890147686e-05
[10, 360] loss: 5.4744333028793334e-05
[10, 361] loss: 0.00018510736525058745
[10, 362] loss: 6.583545822650194e-05
[10, 363] loss: 6.429782952181995e-06
[10, 364] loss: 0.0002917328663170338
[10, 365] loss: 0.0011464685201644897
[10, 366] loss: 3.2801171764731405e-05
[10, 367] loss: 0.0001960357092320919
[10, 368] loss: 0.00020397035405039787
[10, 369] loss: 6.7644927185028795e-06
[10, 370] loss: 0.0006394430994987488
[10, 371] loss: 0.00032078638672828675
[10, 372] loss: 9.743025526404381e-05
[10, 373] loss: 8.878572843968868e-05
[10, 374] loss: 0.00025713611394166945
[10, 375] loss: 9.530814364552498e-05
[10, 376] loss: 0.0002230340614914894
[10, 377] loss: 0.00012440865859389305
[10, 378] loss: 2.4045465979725124e-05
[10, 379] loss: 8.860341273248196e-05
[10, 380] loss: 7.540026679635048e-05
[10, 381] loss: 0.0005166688933968544
[10, 382] loss: 0.0001033932901918888
[10, 383] loss: 0.0011297353357076646
[10, 384] loss: 0.00011217501014471054
[10, 385] loss: 0.0002612289227545261
[10, 386] loss: 0.0001573524996638298
[10, 387] loss: 1.308101462200284e-05
[10, 388] loss: 0.00046467330306768415
[10, 389] loss: 4.246450494974852e-05
[10, 390] loss: 0.0002191772498190403
[10, 391] loss: 0.000214584581553936
[10, 392] loss: 6.582058034837246e-05
[10, 393] loss: 3.42360557988286e-05
[10, 394] loss: 4.888691008090973e-05
[10, 395] loss: 8.290156722068787e-05
[10, 396] loss: 8.599885739386082e-05
[10, 397] loss: 8.962972089648246e-05
[10, 398] loss: 8.514504879713059e-05
[10, 399] loss: 3.2619843259453774e-05
[10, 400] loss: 8.549099788069725e-05
[10, 401] loss: 0.0006238272786140441
[10, 402] loss: 0.0003361509367823601
[10, 403] loss: 2.421840326860547e-05
[10, 404] loss: 5.715943407267332e-05
[10, 405] loss: 0.00013824702240526675
[10, 406] loss: 1.691314158961177e-05
[10, 407] loss: 3.7388145574368537e-06
[10, 408] loss: 2.2378440480679273e-05
[10, 409] loss: 6.19032047688961e-05
[10, 410] loss: 0.0003444721549749374
[10, 411] loss: 0.00038455717265605926
[10, 412] loss: 0.0004266757145524025
[10, 413] loss: 0.00015192351303994656
[10, 414] loss: 1.489990041591227e-05
[10, 415] loss: 2.4283453822135925e-05
[10, 416] loss: 0.000908273383975029
[10, 417] loss: 0.00012672485783696175
[10, 418] loss: 1.5079192817211151e-05
[10, 419] loss: 9.120212867856025e-05
[10, 420] loss: 4.418486729264259e-05
[10, 421] loss: 0.0002950681187212467
[10, 422] loss: 3.4768632613122466e-05
[10, 423] loss: 0.0007253877818584442
[10, 424] loss: 3.176169004291296e-05
[10, 425] loss: 3.2525486312806605e-05
[10, 426] loss: 0.0006890550255775451
[10, 427] loss: 0.0006850475072860718
[10, 428] loss: 3.268914995715022e-05
[10, 429] loss: 0.00041902344673871994
[10, 430] loss: 1.725863781757653e-05
[10, 431] loss: 0.00015026056207716464
[10, 432] loss: 1.3132134918123483e-05
[10, 433] loss: 9.675069712102414e-05
[10, 434] loss: 0.0001336081512272358
[10, 435] loss: 0.000445520356297493
[10, 436] loss: 4.768833518028259e-05
[10, 437] loss: 4.71918610855937e-05
[10, 438] loss: 6.81808777153492e-05
[10, 439] loss: 9.016473777592182e-05
[10, 440] loss: 0.00021896932274103164
[10, 441] loss: 1.5848568873479964e-05
[10, 442] loss: 0.000189337320625782
[10, 443] loss: 0.00023251373320817947
[10, 444] loss: 8.81738681346178e-05
[10, 445] loss: 5.519288592040539e-05
[10, 446] loss: 4.664391279220581e-05
[10, 447] loss: 5.541641265153885e-05
[10, 448] loss: 1.7003300599753856e-05
[10, 449] loss: 0.00019426116719841957
[10, 450] loss: 5.335250869393349e-05
[10, 451] loss: 2.9628267511725426e-05
[10, 452] loss: 3.194904187694192e-05
[10, 453] loss: 0.00033769339323043825
[10, 454] loss: 0.0006022748723626137
[10, 455] loss: 2.018821658566594e-05
[10, 456] loss: 0.0005989576503634453
[10, 457] loss: 2.328357892110944e-05
[10, 458] loss: 2.8602173551917075e-05
[10, 459] loss: 9.120602160692215e-05
[10, 460] loss: 5.249052308499813e-05
[10, 461] loss: 0.0002565061673521996
[10, 462] loss: 9.264908730983734e-05
[10, 463] loss: 9.606488980352879e-05
[10, 464] loss: 0.0015596914291381835
[10, 465] loss: 0.0003962672501802444
[10, 466] loss: 3.689188277348876e-05
[10, 467] loss: 5.6597236543893814e-05
[10, 468] loss: 7.73589767049998e-06
[10, 469] loss: 0.0005516890808939934
[10, 470] loss: 1.0176397627219557e-05
[10, 471] loss: 3.84743488393724e-05
[10, 472] loss: 0.00019055772572755813
[10, 473] loss: 3.712109988555312e-05
[10, 474] loss: 7.373721804469824e-05
[10, 475] loss: 3.1984339002519847e-05
[10, 476] loss: 0.0002479669451713562
[10, 477] loss: 4.702108446508646e-05
[10, 478] loss: 8.024299517273902e-05
[10, 479] loss: 3.6870411131531e-05
[10, 480] loss: 6.9374422309920195e-06
[10, 481] loss: 2.9575817752629518e-05
[10, 482] loss: 1.3885677617508917e-06
[10, 483] loss: 0.0003034989163279533
[10, 484] loss: 0.00017426034435629844
[10, 485] loss: 2.7154702693223953e-05
[10, 486] loss: 2.271580509841442e-05
[10, 487] loss: 3.4140476491302254e-05
[10, 488] loss: 0.0001355919148772955
[10, 489] loss: 8.259483729489148e-06
[10, 490] loss: 0.00029460476711392405
[10, 491] loss: 0.00022872602567076684
[10, 492] loss: 6.945576518774032e-05
[10, 493] loss: 2.308980037923902e-06
[10, 494] loss: 0.00048581153154373167
[10, 495] loss: 0.00028581403195858
[10, 496] loss: 3.925959463231266e-06
[10, 497] loss: 0.0001809561438858509
[10, 498] loss: 0.00040165740996599196
[10, 499] loss: 0.0009211581200361252
[10, 500] loss: 2.657128032296896e-05
[10, 501] loss: 0.0002721692249178886
[10, 502] loss: 4.185350844636559e-06
[10, 503] loss: 7.463443325832486e-06
[10, 504] loss: 0.0005894912034273147
[10, 505] loss: 4.803907591849566e-05
[10, 506] loss: 9.803825058043003e-05
[10, 507] loss: 7.371073123067617e-05
[10, 508] loss: 0.00024629136547446253
[10, 509] loss: 5.945654702372849e-06
[10, 510] loss: 2.1287775598466397e-05
[10, 511] loss: 0.00045773185789585116
[10, 512] loss: 0.00019754698500037193
[10, 513] loss: 3.0409703031182287e-05
[10, 514] loss: 0.00020897451788187026
[10, 515] loss: 0.0006656983494758606
[10, 516] loss: 0.0002521132677793503
[10, 517] loss: 0.00012609044089913367
[10, 518] loss: 0.00021070335060358047
[10, 519] loss: 0.0002350001037120819
[10, 520] loss: 0.0004697823524475098
[10, 521] loss: 9.422167204320431e-05
[10, 522] loss: 0.0006478545814752579
[10, 523] loss: 8.382697589695454e-05
[10, 524] loss: 4.358504898846149e-05
[10, 525] loss: 9.500938467681408e-06
[10, 526] loss: 4.174994304776192e-05
[10, 527] loss: 0.0007822245359420776
[10, 528] loss: 4.187123558949679e-06
[10, 529] loss: 6.509689264930785e-06
[10, 530] loss: 0.0003784596920013428
[10, 531] loss: 0.000269872173666954
[10, 532] loss: 1.2988884700462222e-05
[10, 533] loss: 5.9824571944773194e-05
[10, 534] loss: 1.9326565088704228e-05
[10, 535] loss: 0.0001630903035402298
[10, 536] loss: 0.000561014711856842
[10, 537] loss: 0.0006439265608787537
[10, 538] loss: 0.0001936951093375683
[10, 539] loss: 1.774197560735047e-05
[10, 540] loss: 0.0003007026761770248
[10, 541] loss: 7.429531775414944e-05
[10, 542] loss: 9.26951877772808e-05
[10, 543] loss: 0.0001167585514485836
[10, 544] loss: 1.295667258091271e-05
[10, 545] loss: 0.0007442300021648407
[10, 546] loss: 4.203351680189371e-05
[10, 547] loss: 0.000875522717833519
[10, 548] loss: 0.0008440674096345901
[10, 549] loss: 0.00025313809514045717
[10, 550] loss: 8.037794032134116e-07
[10, 551] loss: 2.779355854727328e-06
[10, 552] loss: 7.02798506245017e-05
[10, 553] loss: 3.665177384391427e-05
[10, 554] loss: 6.112631876021623e-05
[10, 555] loss: 0.00011580834165215492
[10, 556] loss: 0.00010959358885884285
[10, 557] loss: 1.6485238447785377e-05
[10, 558] loss: 0.00013983821496367456
[10, 559] loss: 0.00023769734427332877
[10, 560] loss: 0.00015160211361944675
[10, 561] loss: 5.332929547876119e-05
[10, 562] loss: 0.0004977155476808548
[10, 563] loss: 0.00018445398658514022
[10, 564] loss: 0.0001271701417863369
[10, 565] loss: 0.0007189100980758667
[10, 566] loss: 1.9264196744188667e-05
[10, 567] loss: 2.4233111180365085e-05
[10, 568] loss: 4.606520524248481e-06
[10, 569] loss: 5.369087448343635e-06
[10, 570] loss: 2.882741391658783e-05
[10, 571] loss: 0.00013869806192815304
[10, 572] loss: 0.000348643958568573
[10, 573] loss: 1.997983083128929e-05
[10, 574] loss: 0.00014993871562182903
[10, 575] loss: 1.6726841568015515e-06
[10, 576] loss: 0.0008572468161582947
[10, 577] loss: 0.0007644715905189514
[10, 578] loss: 3.4913907293230294e-05
[10, 579] loss: 0.0003823566809296608
[10, 580] loss: 4.7653219662606714e-05
[10, 581] loss: 1.4322990318760276e-05
[10, 582] loss: 2.1044102031737565e-05
[10, 583] loss: 2.2355236578732728e-05
[10, 584] loss: 4.897569771856069e-05
[10, 585] loss: 0.0005412820354104042
[10, 586] loss: 4.448884166777134e-05
[10, 587] loss: 0.0003949803113937378
[10, 588] loss: 9.32167167775333e-06
[10, 589] loss: 0.00029943816363811496
[10, 590] loss: 1.356770284473896e-05
[10, 591] loss: 9.570484049618244e-05
[10, 592] loss: 0.0007632366567850113
[10, 593] loss: 1.4604995958507062e-05
[10, 594] loss: 0.000647125244140625
[10, 595] loss: 2.570768119767308e-05
[10, 596] loss: 8.119133417494595e-06
[10, 597] loss: 3.4957355819642547e-05
[10, 598] loss: 1.2165152002125979e-05
[10, 599] loss: 3.8414595182985066e-05
[10, 600] loss: 0.00016362857073545456
[10, 601] loss: 7.51762418076396e-05
[10, 602] loss: 2.6196115650236608e-05
[10, 603] loss: 4.4559985399246214e-05
[10, 604] loss: 8.64225346595049e-05
[10, 605] loss: 0.00026794852688908575
[10, 606] loss: 8.68701608851552e-06
[10, 607] loss: 0.0004115806892514229
[10, 608] loss: 0.00017804572358727456
[10, 609] loss: 9.532993659377099e-05
[10, 610] loss: 2.854232210665941e-05
[10, 611] loss: 3.706961404532194e-05
[10, 612] loss: 0.0001763082668185234
[10, 613] loss: 3.080535214394331e-05
[10, 614] loss: 0.00016251301392912864
[10, 615] loss: 0.00030194919556379317
[10, 616] loss: 7.2662397287786e-05
[10, 617] loss: 0.00010852720588445663
[10, 618] loss: 0.0005921740084886551
[10, 619] loss: 3.1945686787366865e-05
[10, 620] loss: 7.137618027627468e-05
[10, 621] loss: 0.00046971227973699567
[10, 622] loss: 4.37858235090971e-05
[10, 623] loss: 1.8544073682278395e-05
[10, 624] loss: 0.00035466913133859636
[10, 625] loss: 2.0906280260533093e-05
[10, 626] loss: 0.00035457264631986616
[10, 627] loss: 0.00011230284348130226
[10, 628] loss: 0.0012237825244665146
[10, 629] loss: 9.422716684639453e-05
[10, 630] loss: 5.376521497964859e-05
[10, 631] loss: 0.0001341417897492647
[10, 632] loss: 0.0003141535818576813
[10, 633] loss: 0.00039465345442295073
[10, 634] loss: 7.622769102454186e-05
[10, 635] loss: 0.0005768651887774468
[10, 636] loss: 2.7850030455738306e-05
[10, 637] loss: 0.0016981858015060426
[10, 638] loss: 5.643099080771208e-05
[10, 639] loss: 2.8148358687758445e-05
[10, 640] loss: 8.329816162586212e-05
[10, 641] loss: 0.0005867503210902214
[10, 642] loss: 0.0001175824087113142
[10, 643] loss: 0.00011223265901207923
[10, 644] loss: 0.00038136731833219526
[10, 645] loss: 0.0001421796903014183
[10, 646] loss: 1.7319561447948217e-05
[10, 647] loss: 0.0005039210990071297
[10, 648] loss: 0.00019607676193118096
[10, 649] loss: 0.00017559401690959932
[10, 650] loss: 0.00019718326628208162
[10, 651] loss: 2.703716279938817e-05
[10, 652] loss: 0.0012036453932523727
[10, 653] loss: 0.00048751063644886017
[10, 654] loss: 4.5815613120794296e-05
[10, 655] loss: 9.121803566813468e-05
[10, 656] loss: 1.970541197806597e-05
[10, 657] loss: 5.548403132706881e-05
[10, 658] loss: 0.0003907586634159088
[10, 659] loss: 0.00045884892344474795
[10, 660] loss: 0.00015167955309152602
[10, 661] loss: 0.00013290876522660257
[10, 662] loss: 2.0347204990684987e-05
[10, 663] loss: 0.00021105848252773286
[10, 664] loss: 0.0008193851262331009
[10, 665] loss: 4.545808769762516e-05
[10, 666] loss: 0.00023681024089455604
[10, 667] loss: 1.7653047689236702e-06
[10, 668] loss: 5.61549561098218e-05
[10, 669] loss: 0.00028395891189575195
[10, 670] loss: 4.17103199288249e-05
[10, 671] loss: 2.5383210740983486e-05
[10, 672] loss: 6.608587224036455e-05
[10, 673] loss: 0.00017730372026562692
[10, 674] loss: 0.00014258703216910363
[10, 675] loss: 4.353142343461514e-05
[10, 676] loss: 2.2121907386463135e-06
[10, 677] loss: 8.559382520616054e-05
[10, 678] loss: 1.468588481657207e-05
[10, 679] loss: 5.609260406345129e-06
[10, 680] loss: 7.664065808057785e-05
[10, 681] loss: 0.00011177023872733117
[10, 682] loss: 9.014485403895378e-05
[10, 683] loss: 8.733359165489673e-05
[10, 684] loss: 3.6500312853604554e-05
[10, 685] loss: 1.0415427386760711e-05
[10, 686] loss: 0.00032612662762403487
[10, 687] loss: 5.2687746938318014e-06
[10, 688] loss: 2.758500399067998e-05
[10, 689] loss: 5.138115957379341e-05
[10, 690] loss: 0.00012610746547579764
[10, 691] loss: 0.0003121902793645859
[10, 692] loss: 6.86895288527012e-05
[10, 693] loss: 4.8406487330794334e-05
[10, 694] loss: 0.00018008133396506308
[10, 695] loss: 0.0003595935553312302
[10, 696] loss: 0.0014734385907649993
[10, 697] loss: 0.00020485589280724525
[10, 698] loss: 0.00024705499410629275
[10, 699] loss: 0.00019152648746967316
[10, 700] loss: 0.000623331144452095
[10, 701] loss: 8.167108520865441e-05
[10, 702] loss: 4.7497893683612345e-05
[10, 703] loss: 5.346708931028843e-06
[10, 704] loss: 0.0002866807207465172
[10, 705] loss: 7.054660003632308e-05
[10, 706] loss: 3.1971672433428467e-06
[10, 707] loss: 8.165011182427406e-05
[10, 708] loss: 5.543815204873681e-06
[10, 709] loss: 9.179688640870154e-06
[10, 710] loss: 2.269547258038074e-06
[10, 711] loss: 0.000156509205698967
[10, 712] loss: 0.0006338926404714585
[10, 713] loss: 0.0007384490221738815
[10, 714] loss: 0.00014829768799245357
[10, 715] loss: 0.0002423340268433094
[10, 716] loss: 9.16888820938766e-06
[10, 717] loss: 0.0002958931215107441
[10, 718] loss: 2.0497064106166363e-05
[10, 719] loss: 0.0003877147287130356
[10, 720] loss: 0.00045007456094026566
[10, 721] loss: 6.747109815478324e-05
[10, 722] loss: 2.000988693907857e-05
[10, 723] loss: 9.118064306676388e-05
[10, 724] loss: 0.00019031316041946412
[10, 725] loss: 5.472276825457811e-06
[10, 726] loss: 2.7917930856347085e-05
[10, 727] loss: 9.871897287666798e-05
[10, 728] loss: 0.00024030860513448715
[10, 729] loss: 2.9689315124414863e-06
[10, 730] loss: 0.0005107198655605316
[10, 731] loss: 0.00032634291797876356
[10, 732] loss: 6.308460142463445e-05
[10, 733] loss: 0.00020506948232650756
[10, 734] loss: 5.5984817445278166e-05
[10, 735] loss: 2.852864097803831e-05
[10, 736] loss: 9.37712099403143e-05
[10, 737] loss: 0.00028317674994468686
[10, 738] loss: 2.7424285653978587e-05
[10, 739] loss: 0.0003955652564764023
[10, 740] loss: 9.820403065532445e-06
[10, 741] loss: 0.000876009613275528
[10, 742] loss: 0.0004227236658334732
[10, 743] loss: 9.54959448426962e-05
[10, 744] loss: 0.00022593047469854355
[10, 745] loss: 0.00011842938140034676
[10, 746] loss: 0.0001322900503873825
[10, 747] loss: 2.7557607972994447e-06
[10, 748] loss: 0.0001456928066909313
[10, 749] loss: 0.0005463706701993943
[10, 750] loss: 0.00029583146795630455
[10, 751] loss: 0.00012196861207485199
[10, 752] loss: 0.00035344384610652924
[10, 753] loss: 7.868710905313492e-05
[10, 754] loss: 0.00014193203300237654
[10, 755] loss: 0.0004091014713048935
[10, 756] loss: 8.93812719732523e-05
[10, 757] loss: 5.654772743582726e-05
[10, 758] loss: 0.001186039373278618
[10, 759] loss: 0.0002933452092111111
[10, 760] loss: 0.0003153586015105247
[10, 761] loss: 3.058659378439188e-05
[10, 762] loss: 0.000104663809761405
[10, 763] loss: 0.0005785217508673668
[10, 764] loss: 8.424516767263412e-05
[10, 765] loss: 0.0010614215582609176
[10, 766] loss: 0.00011302298866212368
[10, 767] loss: 0.00037727709859609605
[10, 768] loss: 9.978904854506254e-06
[10, 769] loss: 0.00013837390579283238
[10, 770] loss: 3.404718590900302e-05
[10, 771] loss: 2.5621680542826652e-05
[10, 772] loss: 2.5613931939005852e-05
[10, 773] loss: 4.548750584945083e-06
[10, 774] loss: 7.60645605623722e-05
[10, 775] loss: 3.287373343482613e-05
[10, 776] loss: 0.00013463007286190987
[10, 777] loss: 0.0007107692211866379
[10, 778] loss: 8.1772580742836e-05
[10, 779] loss: 1.6743026208132505e-05
[10, 780] loss: 4.719046119134873e-06
[10, 781] loss: 0.000268417801707983
[10, 782] loss: 3.73082235455513e-05
[10, 783] loss: 0.00024952586740255355
[10, 784] loss: 5.2955811843276026e-05
[10, 785] loss: 3.8308021612465384e-05
[10, 786] loss: 0.00013329893350601198
[10, 787] loss: 2.069388050585985e-05
[10, 788] loss: 8.12291691545397e-06
[10, 789] loss: 0.0010252097994089126
[10, 790] loss: 0.0009657866507768631
[10, 791] loss: 0.0007245764136314392
[10, 792] loss: 0.00015153152868151664
[10, 793] loss: 0.0005476367101073265
[10, 794] loss: 1.6902577772270889e-06
[10, 795] loss: 6.397683173418046e-05
[10, 796] loss: 0.0009686578810214996
[10, 797] loss: 0.00042196840047836303
[10, 798] loss: 4.42985026165843e-05
[10, 799] loss: 6.569117307662964e-05
[10, 800] loss: 2.015490084886551e-05
[10, 801] loss: 0.00040622293949127197
[10, 802] loss: 0.0007148585468530655
[10, 803] loss: 9.271016344428062e-05
[10, 804] loss: 6.654155440628528e-05
[10, 805] loss: 0.0005302547663450241
[10, 806] loss: 1.3396020513027907e-05
[10, 807] loss: 0.00025037748739123347
[10, 808] loss: 3.6874986253678795e-05
[10, 809] loss: 0.0003258979693055153
[10, 810] loss: 0.0005380725860595703
[10, 811] loss: 0.00042118463665246963
[10, 812] loss: 0.0005742718279361725
[10, 813] loss: 0.00025718141347169876
[10, 814] loss: 0.0003603227809071541
[10, 815] loss: 9.574623545631766e-06
[10, 816] loss: 0.0006806228309869766
[10, 817] loss: 0.002419399619102478
[10, 818] loss: 0.0008653402328491211
[10, 819] loss: 0.00010006415657699109
[10, 820] loss: 5.212292075157165e-05
[10, 821] loss: 0.0007506872713565826
[10, 822] loss: 0.00032818302512168887
[10, 823] loss: 1.1561847059056162e-05
[10, 824] loss: 9.342763805761933e-06
[10, 825] loss: 3.972064703702927e-05
[10, 826] loss: 0.0004988772049546241
[10, 827] loss: 0.00021096687763929366
[10, 828] loss: 0.00028664762154221533
[10, 829] loss: 9.319461882114411e-05
[10, 830] loss: 6.978125311434269e-06
[10, 831] loss: 0.00014996387995779513
[10, 832] loss: 6.307628937065601e-05
[10, 833] loss: 0.0001622815616428852
[10, 834] loss: 0.0002903846651315689
[10, 835] loss: 0.0022459810972213744
[10, 836] loss: 7.5399165507405996e-06
[10, 837] loss: 4.668744280934334e-05
[10, 838] loss: 0.00017796603962779044
[10, 839] loss: 0.00021961823105812073
[10, 840] loss: 0.0008646094799041748
[10, 841] loss: 0.0007156792283058166
[10, 842] loss: 0.0026806780695915224
[10, 843] loss: 1.6610296443104742e-05
[10, 844] loss: 0.0006552571058273315
[10, 845] loss: 1.1601824080571533e-05
[10, 846] loss: 4.5495214872062204e-05
[10, 847] loss: 3.770155599340797e-05
[10, 848] loss: 9.530879906378686e-06
[10, 849] loss: 8.481387048959732e-05
[10, 850] loss: 0.00048634465783834455
[10, 851] loss: 2.0326974336057902e-05
[10, 852] loss: 4.1018840856850144e-05
[10, 853] loss: 0.0020274701714515686
[10, 854] loss: 0.0001106912549585104
[10, 855] loss: 0.00031493101269006727
[10, 856] loss: 0.0008184414356946946
[10, 857] loss: 0.00011376221664249897
[10, 858] loss: 0.00028072239831089974
[10, 859] loss: 0.00013437562622129918
[10, 860] loss: 0.00010960370302200318
[10, 861] loss: 0.0009920337796211242
[10, 862] loss: 0.00018756305798888205
[10, 863] loss: 6.484338082373143e-05
[10, 864] loss: 3.346544224768877e-05
[10, 865] loss: 0.0006413669884204865
[10, 866] loss: 0.000389077290892601
[10, 867] loss: 7.1008986560627815e-06
[10, 868] loss: 0.0002335391566157341
[10, 869] loss: 0.0002797952480614185
[10, 870] loss: 0.00034221190959215163
[10, 871] loss: 0.00021012462675571442
[10, 872] loss: 0.00014262006618082524
[10, 873] loss: 1.0488430270925163e-05
[10, 874] loss: 7.706161122769117e-05
[10, 875] loss: 0.00023669712245464325
[10, 876] loss: 0.00010195735841989518
[10, 877] loss: 0.0006979813426733017
[10, 878] loss: 0.0002573806419968605
[10, 879] loss: 4.141205456107855e-05
[10, 880] loss: 0.00042379237711429594
[10, 881] loss: 0.00167915478348732
[10, 882] loss: 8.244253695011139e-05
[10, 883] loss: 8.295321604236961e-06
[10, 884] loss: 0.0004220272973179817
[10, 885] loss: 9.981518611311913e-05
[10, 886] loss: 0.00010262507013976574
[10, 887] loss: 6.098704412579536e-05
[10, 888] loss: 0.0007580158859491348
[10, 889] loss: 1.0861397022381425e-05
[10, 890] loss: 0.0005802841484546661
[10, 891] loss: 0.0001173366978764534
[10, 892] loss: 0.0004840295016765594
[10, 893] loss: 0.00011207766830921173
[10, 894] loss: 0.0004304344952106476
[10, 895] loss: 0.00016801640391349792
[10, 896] loss: 8.479178068228067e-06
[10, 897] loss: 0.0005361711233854294
[10, 898] loss: 1.9822518806904556e-05
[10, 899] loss: 1.3065324164927006e-05
[10, 900] loss: 0.00010217412374913693
[10, 901] loss: 0.00024413052946329117
[10, 902] loss: 6.0255639255046844e-05
[10, 903] loss: 1.4734228607267141e-05
[10, 904] loss: 9.007278131321072e-06
[10, 905] loss: 0.00012175207026302814
[10, 906] loss: 0.0002119411528110504
[10, 907] loss: 0.00037283439189195633
[10, 908] loss: 2.2978915367275477e-05
[10, 909] loss: 0.00020684773102402687
[10, 910] loss: 0.00010616042651236057
[10, 911] loss: 1.075257547199726e-05
[10, 912] loss: 0.00027741363272070884
[10, 913] loss: 0.00011276968754827976
[10, 914] loss: 0.0003571631386876106
[10, 915] loss: 6.582218687981367e-05
[10, 916] loss: 0.00036740750074386596
[10, 917] loss: 2.0427897106856106e-05
[10, 918] loss: 5.0166258588433266e-05
[10, 919] loss: 8.199850097298622e-05
[10, 920] loss: 0.0001252680830657482
[10, 921] loss: 0.00035389605909585953
[10, 922] loss: 1.0710224742069841e-05
[10, 923] loss: 7.509944960474968e-05
[10, 924] loss: 3.920015878975391e-05
[10, 925] loss: 0.0005609003826975822
[10, 926] loss: 5.6740408763289454e-05
[10, 927] loss: 2.4249174166470767e-05
[10, 928] loss: 3.299882635474205e-05
[10, 929] loss: 1.1399274226278067e-05
[10, 930] loss: 0.00012838602997362615
[10, 931] loss: 4.353458061814308e-05
[10, 932] loss: 0.00017380550503730773
[10, 933] loss: 2.1269917488098146e-05
[10, 934] loss: 0.00010664018802344799
[10, 935] loss: 5.356914480216801e-06
[10, 936] loss: 0.0005279262736439705
[10, 937] loss: 6.031418452039361e-06
